;FLAVOR:Marlin
;TIME:655
;Filament used: 0.778338m, 0.202453m
;Layer height: 0.2
;MINX:139.159
;MINY:9.155
;MINZ:0.3
;MAXX:186.882
;MAXY:109.705
;MAXZ:4.1
;Generated with Cura_SteamEngine 4.13.1
T0
M140 S50
M104 S210
M104 T1 S150
M105
M190 S50
M109 S210
M109 T1 S150
M105
M82 ;absolute extrusion mode
M107
M107 P1
G28 Z
G28 XY
G1 Z5 F6000
G92 E0
G1 X10 Y0 Z0.5 F6000
G1 X100 E30 F1000
G2 E0
G92 E0
G92 E0
G1 F2400 E-1
;LAYER_COUNT:10
;LAYER:0
M107
G0 F4800 X140.562 Y26.857 Z0.3
;TYPE:SKIRT
G1 F2400 E0
G1 F1200 X140.755 Y26.19 E0.04157
G1 X141.439 Y23.938 E0.18248
G1 X141.793 Y22.932 E0.24632
G1 X142.114 Y22.311 E0.28817
G1 X143.22 Y20.241 E0.42868
G1 X143.779 Y19.299 E0.49426
G1 X144.193 Y18.782 E0.53391
G1 X145.731 Y16.909 E0.67901
G1 X146.425 Y16.14 E0.74102
G1 X146.877 Y15.757 E0.77649
G1 X148.793 Y14.184 E0.9249
G1 X149.623 Y13.563 E0.98696
G1 X150.238 Y13.223 E1.02903
G1 X152.311 Y12.115 E1.16975
G1 X153.237 Y11.663 E1.23144
G1 X153.934 Y11.44 E1.27526
G1 X156.167 Y10.763 E1.41495
G1 X157.239 Y10.486 E1.48124
G1 X157.923 Y10.409 E1.52245
G1 X160.274 Y10.178 E1.66387
G1 X161.276 Y10.114 E1.72398
G1 X162.014 Y10.175 E1.76832
G1 X164.381 Y10.408 E1.91071
G1 X165.457 Y10.562 E1.97579
G1 X166.117 Y10.753 E2.01692
G1 X168.38 Y11.439 E2.15849
G1 X169.385 Y11.792 E2.22226
G1 X170.008 Y12.114 E2.26425
G1 X172.08 Y13.222 E2.40492
G1 X173.02 Y13.779 E2.47033
G1 X173.537 Y14.193 E2.50998
G1 X175.408 Y15.729 E2.65491
G1 X176.19 Y16.437 E2.71806
G1 X176.562 Y16.877 E2.75256
G1 X178.135 Y18.793 E2.90097
G1 X178.756 Y19.623 E2.96303
G1 X179.096 Y20.238 E3.0051
G1 X180.204 Y22.311 E3.14582
G1 X180.67 Y23.281 E3.21025
G1 X180.889 Y23.964 E3.25319
G1 X181.549 Y26.146 E3.38967
G1 X181.835 Y27.263 E3.4587
G1 X181.907 Y27.899 E3.49702
G1 X182.141 Y30.268 E3.63953
G1 X182.201 Y31.338 E3.70369
G1 X182.137 Y32.097 E3.74929
G1 X181.913 Y34.362 E3.88556
G1 X181.626 Y36.536 E4.01684
G1 X181.564 Y36.974 E4.04332
G1 X181.228 Y39.698 E4.20764
G1 X180.966 Y42.466 E4.3741
G1 X180.783 Y45.232 E4.54005
G1 X180.679 Y47.957 E4.70331
G1 X180.652 Y50.745 E4.87023
G1 X180.704 Y53.519 E5.03634
G1 X180.835 Y56.291 E5.20248
G1 X181.043 Y59.053 E5.3683
G1 X181.327 Y61.783 E5.53263
G1 X181.691 Y64.53 E5.69852
G1 X182.136 Y67.279 E5.86524
G1 X182.644 Y69.952 E6.02813
G1 X183.247 Y72.69 E6.19598
G1 X183.912 Y75.353 E6.36031
G1 X184.664 Y78.034 E6.52701
G1 X185.379 Y80.347 E6.67195
G1 X185.806 Y81.669 E6.75512
G1 X185.911 Y82.278 E6.79212
G1 X185.922 Y82.675 E6.81589
G1 X185.922 Y93.649 E7.47289
G1 X185.912 Y94.371 E7.51612
G1 X185.866 Y94.788 E7.54123
G1 X185.742 Y95.188 E7.5663
G1 X185.545 Y95.558 E7.5914
G1 X185.143 Y96.012 E7.6277
G1 X184.413 Y96.637 E7.68524
G1 X182.362 Y98.446 E7.84896
G1 X180.293 Y100.376 E8.01836
G1 X178.343 Y102.303 E8.18249
G1 X176.44 Y104.292 E8.34729
G1 X174.592 Y106.337 E8.5123
G1 X173.17 Y107.988 E8.64275
G1 X172.865 Y108.275 E8.66783
G1 X172.511 Y108.499 E8.69291
G1 X172.121 Y108.652 E8.71799
G1 X171.578 Y108.735 E8.75087
G1 X171.192 Y108.745 E8.77399
G1 X160.198 Y108.745 E9.43218
G1 X159.496 Y108.735 E9.47421
G1 X159.079 Y108.689 E9.49933
G1 X158.679 Y108.565 E9.5244
G1 X158.309 Y108.367 E9.54952
G1 X157.857 Y107.967 E9.58566
G1 X157.231 Y107.237 E9.64323
G1 X155.421 Y105.185 E9.80704
G1 X153.491 Y103.116 E9.97644
G1 X151.564 Y101.166 E10.14057
G1 X149.575 Y99.263 E10.30537
G1 X147.53 Y97.415 E10.47038
G1 X145.878 Y95.991 E10.60095
G1 X145.591 Y95.685 E10.62607
G1 X145.368 Y95.331 E10.65112
G1 X145.216 Y94.94 E10.67623
G1 X145.133 Y94.406 E10.70859
G1 X145.122 Y94.009 E10.73236
G1 X145.122 Y83.02 E11.39026
G1 X145.152 Y82.045 E11.44866
G1 X145.327 Y80.676 E11.53128
G1 X145.639 Y77.925 E11.69704
G1 X145.872 Y75.189 E11.86143
G1 X146.03 Y72.379 E12.02992
G1 X146.107 Y69.648 E12.19349
G1 X146.107 Y66.874 E12.35956
G1 X146.029 Y64.102 E12.52558
G1 X145.874 Y61.383 E12.68863
G1 X145.637 Y58.597 E12.85603
G1 X145.324 Y55.845 E13.02184
G1 X144.933 Y53.099 E13.1879
G1 X144.468 Y50.387 E13.35263
G1 X143.931 Y47.705 E13.51639
G1 X143.302 Y44.975 E13.68411
G1 X142.601 Y42.287 E13.85042
G1 X141.528 Y38.664 E14.07663
G1 X141.447 Y38.408 E14.09271
G1 X140.763 Y36.151 E14.2339
G1 X140.486 Y35.076 E14.30036
G1 X140.409 Y34.389 E14.34175
G1 X140.178 Y32.047 E14.48264
G1 X140.117 Y30.986 E14.54626
G1 X140.177 Y30.285 E14.58838
G1 X140.407 Y27.947 E14.72903
G1 X140.562 Y26.857 E14.79495
G0 F4800 X141.023 Y26.99
G1 F1200 X141.214 Y26.329 E14.83614
G1 X141.896 Y24.084 E14.97661
G1 X142.22 Y23.152 E15.03568
G1 X142.537 Y22.537 E15.0771
G1 X143.64 Y20.473 E15.21721
G1 X144.154 Y19.599 E15.27791
G1 X144.564 Y19.087 E15.31718
G1 X146.097 Y17.219 E15.46185
G1 X146.745 Y16.498 E15.51989
G1 X147.181 Y16.128 E15.55412
G1 X149.092 Y14.559 E15.70215
G1 X149.855 Y13.983 E15.75939
G1 X150.465 Y13.646 E15.80111
G1 X152.532 Y12.542 E15.9414
G1 X153.472 Y12.09 E16.00385
G1 X154.073 Y11.899 E16.0416
G1 X156.3 Y11.224 E16.18092
G1 X157.293 Y10.963 E16.24238
G1 X157.97 Y10.886 E16.28318
G1 X160.315 Y10.656 E16.42424
G1 X161.25 Y10.593 E16.48034
G1 X161.967 Y10.652 E16.52342
G1 X164.327 Y10.885 E16.66539
G1 X165.324 Y11.023 E16.72565
G1 X165.978 Y11.212 E16.7664
G1 X168.234 Y11.896 E16.90754
G1 X169.165 Y12.218 E16.96652
G1 X169.782 Y12.537 E17.0081
G1 X171.847 Y13.642 E17.14831
G1 X172.72 Y14.154 E17.2089
G1 X173.232 Y14.564 E17.24817
G1 X175.098 Y16.096 E17.39272
G1 X175.83 Y16.754 E17.45164
G1 X176.191 Y17.181 E17.48512
G1 X177.76 Y19.092 E17.63315
G1 X178.336 Y19.855 E17.69038
G1 X178.673 Y20.465 E17.7321
G1 X179.777 Y22.532 E17.8724
G1 X180.213 Y23.428 E17.93205
G1 X180.429 Y24.103 E17.97448
G1 X181.088 Y26.279 E18.1106
G1 X181.36 Y27.328 E18.17548
G1 X181.43 Y27.946 E18.21271
G1 X181.663 Y30.309 E18.35487
G1 X181.723 Y31.298 E18.41419
G1 X181.66 Y32.049 E18.4593
G1 X181.436 Y34.308 E18.59521
G1 X181.151 Y36.469 E18.72571
G1 X181.089 Y36.906 E18.75213
G1 X180.747 Y39.682 E18.91958
G1 X180.488 Y42.42 E19.08423
G1 X180.305 Y45.175 E19.24953
G1 X180.199 Y47.982 E19.4177
G1 X180.172 Y50.733 E19.58241
G1 X180.225 Y53.549 E19.75103
G1 X180.355 Y56.315 E19.9168
G1 X180.561 Y59.059 E20.08155
G1 X180.853 Y61.858 E20.25003
G1 X181.217 Y64.602 E20.41574
G1 X181.656 Y67.323 E20.58075
G1 X182.181 Y70.084 E20.74901
G1 X182.773 Y72.768 E20.91356
G1 X183.454 Y75.499 E21.08206
G1 X184.206 Y78.178 E21.24865
G1 X184.922 Y80.494 E21.39378
G1 X185.349 Y81.816 E21.47695
G1 X185.431 Y82.293 E21.50593
G1 X185.442 Y82.675 E21.52881
G1 X185.442 Y93.643 E22.18544
G1 X185.432 Y94.365 E22.22867
G1 X185.387 Y94.732 E22.25081
G1 X185.264 Y95.082 E22.27302
G1 X185.07 Y95.397 E22.29517
G1 X184.831 Y95.648 E22.31592
G1 X184.101 Y96.273 E22.37345
G1 X182.012 Y98.116 E22.54023
G1 X180.001 Y99.991 E22.70484
G1 X177.999 Y101.969 E22.87333
G1 X176.068 Y103.987 E23.04054
G1 X174.228 Y106.024 E23.20488
G1 X172.809 Y107.671 E23.33503
G1 X172.537 Y107.921 E23.35715
G1 X172.216 Y108.107 E23.37936
G1 X171.864 Y108.221 E23.40151
G1 X171.192 Y108.265 E23.44183
G1 X160.205 Y108.265 E24.0996
G1 X159.503 Y108.255 E24.14163
G1 X159.135 Y108.21 E24.16383
G1 X158.785 Y108.087 E24.18604
G1 X158.47 Y107.892 E24.20822
G1 X158.221 Y107.655 E24.2288
G1 X157.595 Y106.925 E24.28637
G1 X155.751 Y104.835 E24.45323
G1 X153.876 Y102.824 E24.61784
G1 X151.898 Y100.822 E24.78633
G1 X149.889 Y98.899 E24.95282
G1 X147.843 Y97.051 E25.11788
G1 X146.195 Y95.631 E25.24812
G1 X145.945 Y95.357 E25.27033
G1 X145.76 Y95.037 E25.29245
G1 X145.647 Y94.684 E25.31464
G1 X145.602 Y94.009 E25.35515
G1 X145.602 Y83.027 E26.01262
G1 X145.628 Y82.106 E26.06778
G1 X145.803 Y80.737 E26.15041
G1 X146.115 Y77.983 E26.31634
G1 X146.354 Y75.18 E26.48476
G1 X146.509 Y72.429 E26.64972
G1 X146.587 Y69.675 E26.81466
G1 X146.587 Y66.847 E26.98397
G1 X146.509 Y64.096 E27.14873
G1 X146.352 Y61.342 E27.31387
G1 X146.112 Y58.523 E27.48325
G1 X145.804 Y55.811 E27.64666
G1 X145.405 Y53.01 E27.81604
G1 X144.935 Y50.271 E27.98242
G1 X144.403 Y47.616 E28.14453
G1 X143.767 Y44.854 E28.31421
G1 X143.071 Y42.185 E28.47935
G1 X141.985 Y38.518 E28.70831
G1 X141.906 Y38.269 E28.72395
G1 X141.224 Y36.018 E28.86476
G1 X140.963 Y35.023 E28.92634
G1 X140.886 Y34.342 E28.96737
G1 X140.656 Y32.007 E29.10784
G1 X140.6 Y30.959 E29.17067
G1 X140.654 Y30.332 E29.20835
G1 X140.884 Y28.001 E29.34858
G1 X141.023 Y26.99 E29.40968
G0 F4800 X141.485 Y27.123
G1 F1200 X141.673 Y26.469 E29.45042
G1 X142.353 Y24.231 E29.59045
G1 X142.646 Y23.372 E29.64479
G1 X142.96 Y22.763 E29.68581
G1 X144.061 Y20.705 E29.82554
G1 X144.529 Y19.898 E29.88139
G1 X144.935 Y19.391 E29.92028
G1 X146.464 Y17.529 E30.06452
G1 X147.09 Y16.833 E30.12056
G1 X147.486 Y16.499 E30.15158
G1 X149.391 Y14.935 E30.29914
G1 X150.087 Y14.403 E30.35158
G1 X150.691 Y14.069 E30.39291
G1 X152.752 Y12.968 E30.5328
G1 X153.617 Y12.547 E30.59039
G1 X154.212 Y12.358 E30.62777
G1 X156.433 Y11.685 E30.7667
G1 X157.348 Y11.44 E30.82341
G1 X158.017 Y11.364 E30.86372
G1 X160.355 Y11.134 E31.00437
G1 X161.225 Y11.073 E31.05658
G1 X161.92 Y11.13 E31.09833
G1 X164.273 Y11.362 E31.23988
G1 X165.19 Y11.484 E31.29527
G1 X165.839 Y11.671 E31.3357
G1 X168.088 Y12.353 E31.4764
G1 X168.945 Y12.645 E31.5306
G1 X169.556 Y12.961 E31.57179
G1 X171.614 Y14.062 E31.71152
G1 X172.421 Y14.529 E31.76734
G1 X172.928 Y14.935 E31.80622
G1 X174.789 Y16.463 E31.95038
G1 X175.486 Y17.09 E32.00651
G1 X175.82 Y17.486 E32.03753
G1 X177.384 Y19.391 E32.18509
G1 X177.916 Y20.087 E32.23753
G1 X178.25 Y20.691 E32.27885
G1 X179.351 Y22.752 E32.41875
G1 X179.756 Y23.574 E32.47361
G1 X179.97 Y24.243 E32.51566
G1 X180.627 Y26.412 E32.65134
G1 X180.887 Y27.419 E32.7136
G1 X180.952 Y27.993 E32.74819
G1 X181.184 Y30.35 E32.88998
G1 X181.245 Y31.258 E32.94446
G1 X181.182 Y32.002 E32.98916
G1 X180.959 Y34.254 E33.12464
G1 X180.676 Y36.402 E33.25435
G1 X180.614 Y36.839 E33.28078
G1 X180.271 Y39.624 E33.44877
G1 X180.01 Y42.369 E33.61385
G1 X179.825 Y45.157 E33.78113
G1 X179.719 Y47.948 E33.94834
G1 X179.692 Y50.742 E34.11562
G1 X179.744 Y53.534 E34.2828
G1 X179.875 Y56.325 E34.45008
G1 X180.087 Y59.144 E34.61932
G1 X180.372 Y61.886 E34.78437
G1 X180.739 Y64.656 E34.95165
G1 X181.187 Y67.431 E35.11994
G1 X181.706 Y70.158 E35.28613
G1 X182.307 Y72.888 E35.45348
G1 X182.983 Y75.596 E35.62058
G1 X183.738 Y78.287 E35.78791
G1 X184.465 Y80.642 E35.93546
G1 X184.892 Y81.964 E36.01863
G1 X184.961 Y82.637 E36.05914
G1 X184.962 Y93.636 E36.71763
G1 X184.952 Y94.358 E36.76086
G1 X184.908 Y94.669 E36.77966
G1 X184.787 Y94.959 E36.79847
G1 X184.518 Y95.283 E36.82368
G1 X183.788 Y95.908 E36.88122
G1 X181.707 Y97.744 E37.04736
G1 X179.65 Y99.662 E37.21574
G1 X177.653 Y101.636 E37.38385
G1 X175.73 Y103.646 E37.55038
G1 X173.872 Y105.702 E37.71629
G1 X172.449 Y107.354 E37.84682
G1 X172.213 Y107.562 E37.86566
G1 X171.933 Y107.704 E37.88445
G1 X171.551 Y107.776 E37.90772
G1 X171.226 Y107.785 E37.92719
G1 X160.211 Y107.785 E38.58664
G1 X159.509 Y107.775 E38.62867
G1 X159.198 Y107.731 E38.64747
G1 X158.908 Y107.609 E38.66631
G1 X158.586 Y107.342 E38.69135
G1 X157.96 Y106.612 E38.74892
G1 X156.123 Y104.53 E38.91515
G1 X154.205 Y102.473 E39.08353
G1 X152.231 Y100.476 E39.25164
G1 X150.221 Y98.553 E39.41818
G1 X148.165 Y96.695 E39.58408
G1 X146.512 Y95.271 E39.7147
G1 X146.305 Y95.035 E39.73349
G1 X146.163 Y94.754 E39.75234
G1 X146.093 Y94.377 E39.7753
G1 X146.082 Y94.009 E39.79734
G1 X146.082 Y83.034 E40.45439
G1 X146.104 Y82.167 E40.50632
G1 X146.279 Y80.798 E40.58894
G1 X146.592 Y78.04 E40.75512
G1 X146.832 Y75.221 E40.9245
G1 X146.987 Y72.468 E41.08958
G1 X147.067 Y69.64 E41.25895
G1 X147.067 Y66.882 E41.42407
G1 X146.987 Y64.054 E41.59344
G1 X146.83 Y61.301 E41.75853
G1 X146.59 Y58.482 E41.92791
G1 X146.279 Y55.743 E42.09294
G1 X145.88 Y52.942 E42.26232
G1 X145.414 Y50.224 E42.42742
G1 X144.863 Y47.474 E42.59533
G1 X144.239 Y44.764 E42.76182
G1 X143.53 Y42.044 E42.9301
G1 X142.435 Y38.348 E43.16088
G1 X142.365 Y38.13 E43.17459
G1 X141.685 Y35.886 E43.31497
G1 X141.44 Y34.969 E43.37179
G1 X141.364 Y34.295 E43.4124
G1 X141.134 Y31.967 E43.55245
G1 X141.079 Y31 E43.61044
G1 X141.132 Y30.379 E43.64775
G1 X141.361 Y28.056 E43.7875
G1 X141.485 Y27.123 E43.84385
G0 F4800 X142.865 Y27.88
G1 F1200 X143.003 Y27.189 E43.88603
G1 X143.856 Y24.375 E44.06207
G1 X144.126 Y23.722 E44.10437
G1 X145.512 Y21.129 E44.2804
G1 X145.905 Y20.542 E44.32269
G1 X147.771 Y18.269 E44.49875
G1 X148.269 Y17.771 E44.54092
G1 X150.542 Y15.905 E44.71698
G1 X151.129 Y15.512 E44.75927
G1 X153.722 Y14.126 E44.93529
G1 X154.375 Y13.856 E44.9776
G1 X157.189 Y13.003 E45.15364
G1 X157.88 Y12.865 E45.19582
G1 X160.807 Y12.577 E45.3719
G1 X161.513 Y12.577 E45.41417
G1 X164.439 Y12.865 E45.59019
G1 X165.13 Y13.003 E45.63238
G1 X167.944 Y13.856 E45.80842
G1 X168.597 Y14.126 E45.85072
G1 X171.19 Y15.512 E46.02674
G1 X171.777 Y15.905 E46.06903
G1 X174.05 Y17.771 E46.2451
G1 X174.548 Y18.269 E46.28726
G1 X176.414 Y20.542 E46.46332
G1 X176.807 Y21.129 E46.50561
G1 X178.193 Y23.722 E46.68164
G1 X178.463 Y24.375 E46.72394
G1 X179.316 Y27.189 E46.89998
G1 X179.454 Y27.879 E46.94211
G1 X179.743 Y30.806 E47.11819
G1 X179.743 Y31.514 E47.16058
G1 X179.454 Y34.44 E47.33661
G1 X179.316 Y35.13 E47.37874
G1 X178.463 Y37.944 E47.55477
G1 X178.193 Y38.597 E47.59708
G1 X176.807 Y41.19 E47.7731
G1 X176.414 Y41.777 E47.81539
G1 X174.548 Y44.05 E47.99146
G1 X174.05 Y44.548 E48.03362
G1 X171.777 Y46.414 E48.20968
G1 X171.19 Y46.807 E48.25197
G1 X168.597 Y48.193 E48.428
G1 X167.944 Y48.463 E48.4703
G1 X165.13 Y49.316 E48.64634
G1 X164.44 Y49.454 E48.68847
G1 X161.514 Y49.743 E48.86449
G1 X160.806 Y49.743 E48.90688
G1 X157.879 Y49.454 E49.08297
G1 X157.189 Y49.316 E49.12509
G1 X154.375 Y48.463 E49.30113
G1 X153.722 Y48.193 E49.34344
G1 X151.129 Y46.807 E49.51946
G1 X150.542 Y46.414 E49.56175
G1 X148.269 Y44.548 E49.73781
G1 X147.771 Y44.05 E49.77998
G1 X145.905 Y41.777 E49.95604
G1 X145.512 Y41.19 E49.99833
G1 X144.126 Y38.597 E50.17436
G1 X143.856 Y37.944 E50.21666
G1 X143.003 Y35.13 E50.3927
G1 X142.865 Y34.439 E50.43489
G1 X142.577 Y31.513 E50.61091
G1 X142.577 Y30.807 E50.65317
G1 X142.865 Y27.88 E50.82925
G0 F4800 X143.343 Y27.927
G1 F1200 X143.462 Y27.328 E50.86582
G1 X144.315 Y24.514 E51.04185
G1 X144.549 Y23.948 E51.07852
G1 X145.935 Y21.355 E51.25455
G1 X146.276 Y20.846 E51.29122
G1 X148.142 Y18.573 E51.46729
G1 X148.573 Y18.142 E51.50378
G1 X150.846 Y16.276 E51.67984
G1 X151.355 Y15.935 E51.71652
G1 X153.948 Y14.549 E51.89254
G1 X154.514 Y14.315 E51.92921
G1 X157.328 Y13.462 E52.10525
G1 X157.927 Y13.343 E52.14181
G1 X160.854 Y13.055 E52.31789
G1 X161.466 Y13.055 E52.35453
G1 X164.392 Y13.343 E52.53055
G1 X164.991 Y13.462 E52.56711
G1 X167.805 Y14.315 E52.74315
G1 X168.371 Y14.549 E52.77982
G1 X170.964 Y15.935 E52.95584
G1 X171.473 Y16.276 E52.99252
G1 X173.746 Y18.142 E53.16859
G1 X174.177 Y18.573 E53.20508
G1 X176.043 Y20.846 E53.38114
G1 X176.384 Y21.355 E53.41782
G1 X177.77 Y23.948 E53.59384
G1 X178.004 Y24.514 E53.63051
G1 X178.857 Y27.328 E53.80655
G1 X178.976 Y27.926 E53.84305
G1 X179.265 Y30.853 E54.01914
G1 X179.265 Y31.467 E54.0559
G1 X178.976 Y34.393 E54.23192
G1 X178.857 Y34.991 E54.26843
G1 X178.004 Y37.805 E54.44447
G1 X177.77 Y38.371 E54.48113
G1 X176.384 Y40.964 E54.65716
G1 X176.043 Y41.473 E54.69384
G1 X174.177 Y43.746 E54.8699
G1 X173.746 Y44.177 E54.90639
G1 X171.473 Y46.043 E55.08245
G1 X170.964 Y46.384 E55.11913
G1 X168.371 Y47.77 E55.29515
G1 X167.805 Y48.004 E55.33182
G1 X164.991 Y48.857 E55.50786
G1 X164.393 Y48.976 E55.54436
G1 X161.467 Y49.265 E55.72039
G1 X160.853 Y49.265 E55.75715
G1 X157.926 Y48.976 E55.93324
G1 X157.328 Y48.857 E55.96974
G1 X154.514 Y48.004 E56.14578
G1 X153.948 Y47.77 E56.18245
G1 X151.355 Y46.384 E56.35847
G1 X150.846 Y46.043 E56.39515
G1 X148.573 Y44.177 E56.57121
G1 X148.142 Y43.746 E56.6077
G1 X146.276 Y41.473 E56.78376
G1 X145.935 Y40.964 E56.82044
G1 X144.549 Y38.371 E56.99647
G1 X144.315 Y37.805 E57.03313
G1 X143.462 Y34.991 E57.20917
G1 X143.343 Y34.392 E57.24573
G1 X143.055 Y31.466 E57.42176
G1 X143.055 Y30.854 E57.4584
G1 X143.343 Y27.927 E57.63448
G0 F4800 X143.821 Y27.974
G1 F1200 X143.922 Y27.467 E57.66543
G1 X144.775 Y24.653 E57.84146
G1 X144.973 Y24.175 E57.87244
G1 X146.359 Y21.582 E58.04846
G1 X146.647 Y21.151 E58.0795
G1 X148.513 Y18.878 E58.25556
G1 X148.878 Y18.513 E58.28646
G1 X151.151 Y16.647 E58.46252
G1 X151.582 Y16.359 E58.49356
G1 X154.175 Y14.973 E58.66958
G1 X154.653 Y14.775 E58.70056
G1 X157.467 Y13.922 E58.8766
G1 X157.974 Y13.821 E58.90755
G1 X160.901 Y13.533 E59.08363
G1 X161.419 Y13.533 E59.11464
G1 X164.345 Y13.821 E59.29066
G1 X164.852 Y13.922 E59.32161
G1 X167.666 Y14.775 E59.49765
G1 X168.144 Y14.973 E59.52862
G1 X170.737 Y16.359 E59.70465
G1 X171.168 Y16.647 E59.73568
G1 X173.441 Y18.513 E59.91174
G1 X173.806 Y18.878 E59.94265
G1 X175.672 Y21.151 E60.11871
G1 X175.96 Y21.582 E60.14974
G1 X177.346 Y24.175 E60.32576
G1 X177.544 Y24.653 E60.35674
G1 X178.397 Y27.467 E60.53278
G1 X178.498 Y27.974 E60.56373
G1 X178.787 Y30.901 E60.73981
G1 X178.787 Y31.419 E60.77083
G1 X178.498 Y34.345 E60.94685
G1 X178.397 Y34.852 E60.9778
G1 X177.544 Y37.666 E61.15384
G1 X177.346 Y38.144 E61.18482
G1 X175.96 Y40.737 E61.36084
G1 X175.672 Y41.168 E61.39187
G1 X173.806 Y43.441 E61.56794
G1 X173.441 Y43.806 E61.59884
G1 X171.168 Y45.672 E61.7749
G1 X170.737 Y45.96 E61.80594
G1 X168.144 Y47.346 E61.98196
G1 X167.666 Y47.544 E62.01293
G1 X164.852 Y48.397 E62.18897
G1 X164.345 Y48.498 E62.21992
G1 X161.419 Y48.787 E62.39595
G1 X160.901 Y48.787 E62.42696
G1 X157.974 Y48.498 E62.60305
G1 X157.467 Y48.397 E62.634
G1 X154.653 Y47.544 E62.81004
G1 X154.175 Y47.346 E62.84101
G1 X151.582 Y45.96 E63.01704
G1 X151.151 Y45.672 E63.04807
G1 X148.878 Y43.806 E63.22413
G1 X148.513 Y43.441 E63.25503
G1 X146.647 Y41.168 E63.4311
G1 X146.359 Y40.737 E63.46213
G1 X144.973 Y38.144 E63.63815
G1 X144.775 Y37.666 E63.66913
G1 X143.922 Y34.852 E63.84517
G1 X143.821 Y34.345 E63.87612
G1 X143.533 Y31.419 E64.05214
G1 X143.533 Y30.901 E64.08315
G1 X143.821 Y27.974 E64.25923
G0 F4800 X144.298 Y28.021
G1 F1200 X144.381 Y27.606 E64.28457
G1 X145.234 Y24.792 E64.46061
G1 X145.396 Y24.401 E64.48595
G1 X146.782 Y21.808 E64.66197
G1 X147.018 Y21.455 E64.68739
G1 X148.884 Y19.182 E64.86345
G1 X149.182 Y18.884 E64.88868
G1 X151.455 Y17.018 E65.06475
G1 X151.808 Y16.782 E65.09017
G1 X154.401 Y15.396 E65.26619
G1 X154.792 Y15.234 E65.29153
G1 X157.606 Y14.381 E65.46757
G1 X158.021 Y14.298 E65.4929
G1 X160.948 Y14.01 E65.66899
G1 X161.372 Y14.01 E65.69437
G1 X164.298 Y14.298 E65.87039
G1 X164.713 Y14.381 E65.89573
G1 X167.527 Y15.234 E66.07177
G1 X167.918 Y15.396 E66.09711
G1 X170.511 Y16.782 E66.27313
G1 X170.864 Y17.018 E66.29855
G1 X173.137 Y18.884 E66.47461
G1 X173.435 Y19.182 E66.49984
G1 X175.301 Y21.455 E66.67591
G1 X175.537 Y21.808 E66.70133
G1 X176.923 Y24.401 E66.87735
G1 X177.085 Y24.792 E66.90269
G1 X177.938 Y27.606 E67.07873
G1 X178.021 Y28.021 E67.10406
G1 X178.31 Y30.948 E67.28015
G1 X178.31 Y31.372 E67.30554
G1 X178.021 Y34.298 E67.48156
G1 X177.938 Y34.713 E67.5069
G1 X177.085 Y37.527 E67.68294
G1 X176.923 Y37.918 E67.70828
G1 X175.537 Y40.511 E67.8843
G1 X175.301 Y40.864 E67.90972
G1 X173.435 Y43.137 E68.08578
G1 X173.137 Y43.435 E68.11101
G1 X170.864 Y45.301 E68.28708
G1 X170.511 Y45.537 E68.3125
G1 X167.918 Y46.923 E68.48852
G1 X167.527 Y47.085 E68.51386
G1 X164.713 Y47.938 E68.6899
G1 X164.298 Y48.021 E68.71524
G1 X161.372 Y48.31 E68.89126
G1 X160.948 Y48.31 E68.91665
G1 X158.021 Y48.021 E69.09273
G1 X157.606 Y47.938 E69.11807
G1 X154.792 Y47.085 E69.29411
G1 X154.401 Y46.923 E69.31945
G1 X151.808 Y45.537 E69.49547
G1 X151.455 Y45.301 E69.52089
G1 X149.182 Y43.435 E69.69696
G1 X148.884 Y43.137 E69.72219
G1 X147.018 Y40.864 E69.89825
G1 X146.782 Y40.511 E69.92367
G1 X145.396 Y37.918 E70.09969
G1 X145.234 Y37.527 E70.12503
G1 X144.381 Y34.713 E70.30107
G1 X144.298 Y34.298 E70.32641
G1 X144.01 Y31.372 E70.50243
G1 X144.01 Y30.948 E70.52781
G1 X144.298 Y28.021 E70.70389
G0 F4800 X144.776 Y28.068
G1 F1200 X144.84 Y27.746 E70.72355
G1 X145.693 Y24.932 E70.89959
G1 X145.819 Y24.627 E70.91934
G1 X147.205 Y22.034 E71.09537
G1 X147.389 Y21.76 E71.11513
G1 X149.255 Y19.487 E71.29119
G1 X149.487 Y19.255 E71.31083
G1 X151.76 Y17.389 E71.48689
G1 X152.034 Y17.205 E71.50665
G1 X154.627 Y15.819 E71.68268
G1 X154.932 Y15.693 E71.70243
G1 X157.746 Y14.84 E71.87847
G1 X158.068 Y14.776 E71.89813
G1 X160.995 Y14.488 E72.07421
G1 X161.325 Y14.488 E72.09396
G1 X164.251 Y14.776 E72.26999
G1 X164.573 Y14.84 E72.28964
G1 X167.387 Y15.693 E72.46568
G1 X167.692 Y15.819 E72.48544
G1 X170.285 Y17.205 E72.66146
G1 X170.559 Y17.389 E72.68122
G1 X172.832 Y19.255 E72.85728
G1 X173.064 Y19.487 E72.87692
G1 X174.93 Y21.76 E73.05299
G1 X175.114 Y22.034 E73.07275
G1 X176.5 Y24.627 E73.24877
G1 X176.626 Y24.932 E73.26852
G1 X177.479 Y27.746 E73.44456
G1 X177.543 Y28.068 E73.46422
G1 X177.832 Y30.995 E73.64031
G1 X177.832 Y31.325 E73.66006
G1 X177.543 Y34.251 E73.83609
G1 X177.479 Y34.573 E73.85574
G1 X176.626 Y37.387 E74.03178
G1 X176.5 Y37.692 E74.05154
G1 X175.114 Y40.285 E74.22756
G1 X174.93 Y40.559 E74.24732
G1 X173.064 Y42.832 E74.42338
G1 X172.832 Y43.064 E74.44303
G1 X170.559 Y44.93 E74.61909
G1 X170.285 Y45.114 E74.63885
G1 X167.692 Y46.5 E74.81487
G1 X167.387 Y46.626 E74.83463
G1 X164.573 Y47.479 E75.01067
G1 X164.251 Y47.543 E75.03032
G1 X161.325 Y47.832 E75.20635
G1 X160.995 Y47.832 E75.22611
G1 X158.068 Y47.543 E75.40219
G1 X157.746 Y47.479 E75.42185
G1 X154.932 Y46.626 E75.59789
G1 X154.627 Y46.5 E75.61764
G1 X152.034 Y45.114 E75.79367
G1 X151.76 Y44.93 E75.81343
G1 X149.487 Y43.064 E75.98949
G1 X149.255 Y42.832 E76.00913
G1 X147.389 Y40.559 E76.18519
G1 X147.205 Y40.285 E76.20495
G1 X145.819 Y37.692 E76.38098
G1 X145.693 Y37.387 E76.40073
G1 X144.84 Y34.573 E76.57677
G1 X144.776 Y34.251 E76.59643
G1 X144.488 Y31.325 E76.77245
G1 X144.488 Y30.995 E76.7922
G1 X144.776 Y28.068 E76.96828
G0 F4800 X145.254 Y28.115
G1 F1200 X145.3 Y27.885 E76.98233
G1 X146.153 Y25.071 E77.15837
G1 X146.243 Y24.853 E77.17248
G1 X147.629 Y22.26 E77.34851
G1 X147.76 Y22.065 E77.36257
G1 X149.626 Y19.792 E77.53863
G1 X149.792 Y19.626 E77.55269
G1 X152.065 Y17.76 E77.72875
G1 X152.26 Y17.629 E77.74282
G1 X154.853 Y16.243 E77.91884
G1 X155.071 Y16.153 E77.93296
G1 X157.885 Y15.3 E78.109
G1 X158.115 Y15.254 E78.12304
G1 X161.042 Y14.966 E78.29912
G1 X161.278 Y14.966 E78.31325
G1 X164.204 Y15.254 E78.48927
G1 X164.434 Y15.3 E78.50331
G1 X167.248 Y16.153 E78.67935
G1 X167.466 Y16.243 E78.69347
G1 X170.059 Y17.629 E78.8695
G1 X170.254 Y17.76 E78.88356
G1 X172.527 Y19.626 E79.05962
G1 X172.693 Y19.792 E79.07368
G1 X174.559 Y22.065 E79.24974
G1 X174.69 Y22.26 E79.2638
G1 X176.076 Y24.853 E79.43983
G1 X176.166 Y25.071 E79.45395
G1 X177.019 Y27.885 E79.62999
G1 X177.065 Y28.115 E79.64403
G1 X177.354 Y31.042 E79.82011
G1 X177.354 Y31.278 E79.83424
G1 X177.065 Y34.204 E80.01027
G1 X177.019 Y34.434 E80.02431
G1 X176.166 Y37.248 E80.20035
G1 X176.076 Y37.466 E80.21447
G1 X174.69 Y40.059 E80.39049
G1 X174.559 Y40.254 E80.40456
G1 X172.693 Y42.527 E80.58062
G1 X172.527 Y42.693 E80.59468
G1 X170.254 Y44.559 E80.77074
G1 X170.059 Y44.69 E80.7848
G1 X167.466 Y46.076 E80.96083
G1 X167.248 Y46.166 E80.97494
G1 X164.434 Y47.019 E81.15098
G1 X164.204 Y47.065 E81.16503
G1 X161.278 Y47.354 E81.34105
G1 X161.042 Y47.354 E81.35518
G1 X158.115 Y47.065 E81.53127
G1 X157.885 Y47.019 E81.54531
G1 X155.071 Y46.166 E81.72135
G1 X154.853 Y46.076 E81.73547
G1 X152.26 Y44.69 E81.91149
G1 X152.065 Y44.559 E81.92556
G1 X149.792 Y42.693 E82.10162
G1 X149.626 Y42.527 E82.11567
G1 X147.76 Y40.254 E82.29174
G1 X147.629 Y40.059 E82.3058
G1 X146.243 Y37.466 E82.48182
G1 X146.153 Y37.248 E82.49594
G1 X145.3 Y34.434 E82.67198
G1 X145.254 Y34.204 E82.68603
G1 X144.966 Y31.278 E82.86205
G1 X144.966 Y31.042 E82.87618
G1 X145.254 Y28.115 E83.05226
G0 F4800 X145.731 Y28.162
G1 F1200 X145.759 Y28.024 E83.06069
G1 X146.612 Y25.21 E83.23673
G1 X146.666 Y25.08 E83.24515
G1 X148.052 Y22.487 E83.42118
G1 X148.131 Y22.369 E83.42968
G1 X149.997 Y20.096 E83.60574
G1 X150.096 Y19.997 E83.61412
G1 X152.369 Y18.131 E83.79018
G1 X152.487 Y18.052 E83.79869
G1 X155.08 Y16.666 E83.97471
G1 X155.21 Y16.612 E83.98314
G1 X158.024 Y15.759 E84.15918
G1 X158.162 Y15.731 E84.16761
G1 X161.089 Y15.443 E84.34369
G1 X161.231 Y15.443 E84.35219
G1 X164.157 Y15.731 E84.52821
G1 X164.295 Y15.759 E84.53664
G1 X167.109 Y16.612 E84.71268
G1 X167.239 Y16.666 E84.72111
G1 X169.832 Y18.052 E84.89713
G1 X169.95 Y18.131 E84.90563
G1 X172.223 Y19.997 E85.08169
G1 X172.322 Y20.096 E85.09007
G1 X174.188 Y22.369 E85.26614
G1 X174.267 Y22.487 E85.27464
G1 X175.653 Y25.08 E85.45066
G1 X175.707 Y25.21 E85.45909
G1 X176.56 Y28.024 E85.63513
G1 X176.588 Y28.162 E85.64356
G1 X176.877 Y31.089 E85.81965
G1 X176.877 Y31.231 E85.82815
G1 X176.588 Y34.157 E86.00417
G1 X176.56 Y34.295 E86.0126
G1 X175.707 Y37.109 E86.18864
G1 X175.653 Y37.239 E86.19707
G1 X174.267 Y39.832 E86.37309
G1 X174.188 Y39.95 E86.3816
G1 X172.322 Y42.223 E86.55766
G1 X172.223 Y42.322 E86.56604
G1 X169.95 Y44.188 E86.7421
G1 X169.832 Y44.267 E86.7506
G1 X167.239 Y45.653 E86.92663
G1 X167.109 Y45.707 E86.93505
G1 X164.295 Y46.56 E87.11109
G1 X164.157 Y46.588 E87.11952
G1 X161.231 Y46.877 E87.29555
G1 X161.089 Y46.877 E87.30405
G1 X158.162 Y46.588 E87.48014
G1 X158.024 Y46.56 E87.48857
G1 X155.21 Y45.707 E87.66461
G1 X155.08 Y45.653 E87.67303
G1 X152.487 Y44.267 E87.84906
G1 X152.369 Y44.188 E87.85756
G1 X150.096 Y42.322 E88.03362
G1 X149.997 Y42.223 E88.042
G1 X148.131 Y39.95 E88.21807
G1 X148.052 Y39.832 E88.22657
G1 X146.666 Y37.239 E88.40259
G1 X146.612 Y37.109 E88.41102
G1 X145.759 Y34.295 E88.58706
G1 X145.731 Y34.157 E88.59549
G1 X145.443 Y31.231 E88.77151
G1 X145.443 Y31.089 E88.78001
G1 X145.731 Y28.162 E88.95609
G0 F4800 X146.209 Y28.209
G1 F1200 X146.218 Y28.163 E88.9589
G1 X147.071 Y25.349 E89.13494
G1 X147.089 Y25.306 E89.13773
G1 X148.475 Y22.713 E89.31375
G1 X148.502 Y22.674 E89.31659
G1 X150.368 Y20.401 E89.49265
G1 X150.401 Y20.368 E89.49545
G1 X152.674 Y18.502 E89.67151
G1 X152.713 Y18.475 E89.67435
G1 X155.306 Y17.089 E89.85037
G1 X155.349 Y17.071 E89.85316
G1 X158.163 Y16.218 E90.0292
G1 X158.209 Y16.209 E90.03201
G1 X161.136 Y15.921 E90.20809
G1 X161.184 Y15.921 E90.21096
G1 X164.11 Y16.209 E90.38698
G1 X164.156 Y16.218 E90.38979
G1 X166.97 Y17.071 E90.56583
G1 X167.013 Y17.089 E90.56862
G1 X169.606 Y18.475 E90.74464
G1 X169.645 Y18.502 E90.74748
G1 X171.918 Y20.368 E90.92354
G1 X171.951 Y20.401 E90.92634
G1 X173.817 Y22.674 E91.1024
G1 X173.844 Y22.713 E91.10524
G1 X175.23 Y25.306 E91.28126
G1 X175.248 Y25.349 E91.28406
G1 X176.101 Y28.163 E91.46009
G1 X176.11 Y28.209 E91.4629
G1 X176.399 Y31.136 E91.63899
G1 X176.399 Y31.184 E91.64186
G1 X176.11 Y34.11 E91.81789
G1 X176.101 Y34.156 E91.82069
G1 X175.248 Y36.97 E91.99673
G1 X175.23 Y37.013 E91.99952
G1 X173.844 Y39.606 E92.17555
G1 X173.817 Y39.645 E92.17839
G1 X171.951 Y41.918 E92.35445
G1 X171.918 Y41.951 E92.35724
G1 X169.645 Y43.817 E92.53331
G1 X169.606 Y43.844 E92.53615
G1 X167.013 Y45.23 E92.71217
G1 X166.97 Y45.248 E92.71496
G1 X164.156 Y46.101 E92.891
G1 X164.11 Y46.11 E92.8938
G1 X161.184 Y46.399 E93.06983
G1 X161.136 Y46.399 E93.0727
G1 X158.209 Y46.11 E93.24879
G1 X158.163 Y46.101 E93.2516
G1 X155.349 Y45.248 E93.42764
G1 X155.306 Y45.23 E93.43043
G1 X152.713 Y43.844 E93.60645
G1 X152.674 Y43.817 E93.60929
G1 X150.401 Y41.951 E93.78535
G1 X150.368 Y41.918 E93.78815
G1 X148.502 Y39.645 E93.96421
G1 X148.475 Y39.606 E93.96705
G1 X147.089 Y37.013 E94.14307
G1 X147.071 Y36.97 E94.14586
G1 X146.218 Y34.156 E94.3219
G1 X146.209 Y34.11 E94.32471
G1 X145.921 Y31.184 E94.50073
G1 X145.921 Y31.136 E94.5036
G1 X146.209 Y28.209 E94.67968
;MESH:0530?????????.stl
G0 F4800 X146.715 Y28.282
;TYPE:PRIME-TOWER
G1 F1200 X147.551 Y25.524 E94.91261
G1 X148.912 Y22.978 E95.14594
G1 X150.745 Y20.745 E95.37943
G1 X152.978 Y18.912 E95.61292
G1 X155.524 Y17.551 E95.84625
G1 X158.282 Y16.715 E96.07917
G1 X161.16 Y16.432 E96.3129
G1 X164.037 Y16.715 E96.54655
G1 X166.795 Y17.551 E96.77947
G1 X169.341 Y18.912 E97.0128
G1 X171.574 Y20.745 E97.24629
G1 X173.407 Y22.978 E97.47979
G1 X174.768 Y25.524 E97.71312
G1 X175.604 Y28.282 E97.94604
G1 X175.888 Y31.16 E98.17977
G1 X175.604 Y34.037 E98.41343
G1 X174.768 Y36.795 E98.64635
G1 X173.407 Y39.341 E98.87968
G1 X171.574 Y41.574 E99.11317
G1 X169.341 Y43.407 E99.34667
G1 X166.795 Y44.768 E99.58
G1 X164.037 Y45.604 E99.81292
G1 X161.16 Y45.888 E100.04657
G1 X158.282 Y45.604 E100.28031
G1 X155.524 Y44.768 E100.51323
G1 X152.978 Y43.407 E100.74656
G1 X150.745 Y41.574 E100.98006
G1 X148.912 Y39.341 E101.21355
G1 X147.551 Y36.795 E101.44688
G1 X146.715 Y34.037 E101.6798
G1 X146.432 Y31.16 E101.91345
G1 X146.715 Y28.282 E102.14718
G0 F4800 X147.246 Y28.391
G1 F1200 X148.053 Y25.73 E102.37192
G1 X149.363 Y23.279 E102.59653
G1 X151.129 Y21.129 E102.8214
G1 X153.279 Y19.363 E103.04628
G1 X155.73 Y18.053 E103.27089
G1 X158.391 Y17.246 E103.49563
G1 X161.16 Y16.974 E103.7205
G1 X163.928 Y17.246 E103.9453
G1 X166.589 Y18.053 E104.17004
G1 X169.04 Y19.363 E104.39465
G1 X171.19 Y21.129 E104.61952
G1 X172.956 Y23.279 E104.8444
G1 X174.266 Y25.73 E105.06901
G1 X175.073 Y28.391 E105.29375
G1 X175.346 Y31.16 E105.51863
G1 X175.073 Y33.928 E105.74343
G1 X174.266 Y36.589 E105.96817
G1 X172.956 Y39.04 E106.19279
G1 X171.19 Y41.19 E106.41766
G1 X169.04 Y42.956 E106.64253
G1 X166.589 Y44.266 E106.86715
G1 X163.928 Y45.073 E107.09189
G1 X161.16 Y45.346 E107.31669
G1 X158.391 Y45.073 E107.54157
G1 X155.73 Y44.266 E107.76631
G1 X153.279 Y42.956 E107.99092
G1 X151.129 Y41.19 E108.2158
G1 X149.363 Y39.04 E108.44067
G1 X148.053 Y36.589 E108.66528
G1 X147.246 Y33.928 E108.89002
G1 X146.974 Y31.16 E109.11482
G1 X147.246 Y28.391 E109.33969
G0 F4800 X147.777 Y28.5
G1 F1200 X148.555 Y25.936 E109.55625
G1 X149.814 Y23.58 E109.77215
G1 X151.513 Y21.513 E109.9884
G1 X153.58 Y19.814 E110.20465
G1 X155.936 Y18.555 E110.42055
G1 X158.5 Y17.777 E110.63711
G1 X161.16 Y17.516 E110.85313
G1 X163.819 Y17.777 E111.06907
G1 X166.383 Y18.555 E111.28562
G1 X168.739 Y19.814 E111.50152
G1 X170.806 Y21.513 E111.71778
G1 X172.505 Y23.58 E111.93403
G1 X173.764 Y25.936 E112.14993
G1 X174.542 Y28.5 E112.36648
G1 X174.804 Y31.16 E112.58251
G1 X174.542 Y33.819 E112.79846
G1 X173.764 Y36.383 E113.01502
G1 X172.505 Y38.739 E113.23092
G1 X170.806 Y40.806 E113.44717
G1 X168.739 Y42.505 E113.66342
G1 X166.383 Y43.764 E113.87932
G1 X163.819 Y44.542 E114.09588
G1 X161.16 Y44.804 E114.31182
G1 X158.5 Y44.542 E114.52785
G1 X155.936 Y43.764 E114.74441
G1 X153.58 Y42.505 E114.96031
G1 X151.513 Y40.806 E115.17656
G1 X149.814 Y38.739 E115.39281
G1 X148.555 Y36.383 E115.60871
G1 X147.777 Y33.819 E115.82527
G1 X147.516 Y31.16 E116.04121
G1 X147.777 Y28.5 E116.25723
G0 F4800 X148.308 Y28.609
G1 F1200 X149.057 Y26.142 E116.4656
G1 X150.265 Y23.881 E116.67279
G1 X151.897 Y21.897 E116.88042
G1 X153.881 Y20.265 E117.08805
G1 X156.142 Y19.057 E117.29523
G1 X158.609 Y18.308 E117.50361
G1 X161.16 Y18.058 E117.71077
G1 X163.71 Y18.308 E117.91786
G1 X166.177 Y19.057 E118.12623
G1 X168.438 Y20.265 E118.33342
G1 X170.422 Y21.897 E118.54105
G1 X172.054 Y23.881 E118.74868
G1 X173.262 Y26.142 E118.95587
G1 X174.011 Y28.609 E119.16424
G1 X174.262 Y31.16 E119.37141
G1 X174.011 Y33.71 E119.57851
G1 X173.262 Y36.177 E119.78688
G1 X172.054 Y38.438 E119.99407
G1 X170.422 Y40.422 E120.2017
G1 X168.438 Y42.054 E120.40933
G1 X166.177 Y43.262 E120.61651
G1 X163.71 Y44.011 E120.82489
G1 X161.16 Y44.262 E121.03198
G1 X158.609 Y44.011 E121.23915
G1 X156.142 Y43.262 E121.44753
G1 X153.881 Y42.054 E121.65471
G1 X151.897 Y40.422 E121.86234
G1 X150.265 Y38.438 E122.06998
G1 X149.057 Y36.177 E122.27716
G1 X148.308 Y33.71 E122.48554
G1 X148.058 Y31.16 E122.69262
G1 X148.308 Y28.609 E122.89979
G0 F4800 X148.839 Y28.718
G1 F1200 X149.56 Y26.346 E123.10016
G1 X150.715 Y24.184 E123.29827
G1 X152.281 Y22.281 E123.49745
G1 X154.184 Y20.715 E123.69664
G1 X156.346 Y19.56 E123.89475
G1 X158.718 Y18.839 E124.09512
G1 X161.16 Y18.6 E124.29343
G1 X163.601 Y18.839 E124.49166
G1 X165.973 Y19.56 E124.69203
G1 X168.135 Y20.715 E124.89014
G1 X170.038 Y22.281 E125.08933
G1 X171.604 Y24.184 E125.28851
G1 X172.759 Y26.346 E125.48662
G1 X173.48 Y28.718 E125.68699
G1 X173.72 Y31.16 E125.88531
G1 X173.48 Y33.601 E126.08355
G1 X172.759 Y35.973 E126.28392
G1 X171.604 Y38.135 E126.48203
G1 X170.038 Y40.038 E126.68122
G1 X168.135 Y41.604 E126.8804
G1 X165.973 Y42.759 E127.07851
G1 X163.601 Y43.48 E127.27888
G1 X161.16 Y43.72 E127.47712
G1 X158.718 Y43.48 E127.67544
G1 X156.346 Y42.759 E127.87581
G1 X154.184 Y41.604 E128.07392
G1 X152.281 Y40.038 E128.2731
G1 X150.715 Y38.135 E128.47229
G1 X149.56 Y35.973 E128.6704
G1 X148.839 Y33.601 E128.87077
G1 X148.6 Y31.16 E129.069
G1 X148.839 Y28.718 E129.26731
G0 F4800 X149.37 Y28.827
G1 F1200 X150.063 Y26.55 E129.45968
G1 X151.165 Y24.487 E129.64871
G1 X152.665 Y22.665 E129.83945
G1 X154.487 Y21.165 E130.03019
G1 X156.55 Y20.063 E130.21923
G1 X158.827 Y19.37 E130.41159
G1 X161.16 Y19.142 E130.60105
G1 X163.492 Y19.37 E130.79043
G1 X165.769 Y20.063 E130.98279
G1 X167.832 Y21.165 E131.17183
G1 X169.654 Y22.665 E131.36257
G1 X171.154 Y24.487 E131.55331
G1 X172.256 Y26.55 E131.74234
G1 X172.949 Y28.827 E131.93471
G1 X173.178 Y31.16 E132.12417
G1 X172.949 Y33.492 E132.31356
G1 X172.256 Y35.769 E132.50592
G1 X171.154 Y37.832 E132.69496
G1 X169.654 Y39.654 E132.8857
G1 X167.832 Y41.154 E133.07644
G1 X165.769 Y42.256 E133.26548
G1 X163.492 Y42.949 E133.45784
G1 X161.16 Y43.178 E133.64723
G1 X158.827 Y42.949 E133.83669
G1 X156.55 Y42.256 E134.02906
G1 X154.487 Y41.154 E134.21809
G1 X152.665 Y39.654 E134.40883
G1 X151.165 Y37.832 E134.59957
G1 X150.063 Y35.769 E134.78861
G1 X149.37 Y33.492 E134.98097
G1 X149.142 Y31.16 E135.17035
G1 X149.37 Y28.827 E135.35981
G0 F4800 X149.901 Y28.936
G1 F1200 X150.566 Y26.754 E135.54417
G1 X151.615 Y24.79 E135.72412
G1 X153.049 Y23.049 E135.90642
G1 X154.79 Y21.615 E136.08872
G1 X156.754 Y20.566 E136.26868
G1 X158.936 Y19.901 E136.45304
G1 X161.16 Y19.684 E136.63364
G1 X163.383 Y19.901 E136.81416
G1 X165.565 Y20.566 E136.99852
G1 X167.529 Y21.615 E137.17848
G1 X169.27 Y23.049 E137.36078
G1 X170.704 Y24.79 E137.54308
G1 X171.753 Y26.754 E137.72303
G1 X172.418 Y28.937 E137.90747
G1 X172.636 Y31.16 E138.088
G1 X172.418 Y33.382 E138.26845
G1 X171.753 Y35.565 E138.45289
G1 X170.704 Y37.529 E138.63285
G1 X169.27 Y39.27 E138.81515
G1 X167.529 Y40.704 E138.99744
G1 X165.565 Y41.753 E139.1774
G1 X163.382 Y42.418 E139.36184
G1 X161.16 Y42.636 E139.54229
G1 X158.937 Y42.418 E139.72282
G1 X156.754 Y41.753 E139.90726
G1 X154.79 Y40.704 E140.08722
G1 X153.049 Y39.27 E140.26951
G1 X151.615 Y37.529 E140.45181
G1 X150.566 Y35.565 E140.63177
G1 X149.901 Y33.383 E140.81613
G1 X149.684 Y31.16 E140.99665
G1 X149.901 Y28.936 E141.17725
G0 F4800 X150.432 Y29.046
G1 F1200 X151.069 Y26.958 E141.35369
G1 X152.065 Y25.093 E141.52457
G1 X153.433 Y23.433 E141.69842
G1 X155.093 Y22.065 E141.87228
G1 X156.958 Y21.069 E142.04316
G1 X159.046 Y20.432 E142.21959
G1 X161.16 Y20.226 E142.39126
G1 X163.273 Y20.432 E142.56285
G1 X165.361 Y21.069 E142.73928
G1 X167.226 Y22.065 E142.91016
G1 X168.886 Y23.433 E143.08402
G1 X170.254 Y25.093 E143.25787
G1 X171.25 Y26.958 E143.42875
G1 X171.887 Y29.047 E143.60526
G1 X172.094 Y31.16 E143.77686
G1 X171.887 Y33.272 E143.94837
G1 X171.25 Y35.361 E144.12488
G1 X170.254 Y37.226 E144.29577
G1 X168.886 Y38.886 E144.46962
G1 X167.226 Y40.254 E144.64347
G1 X165.361 Y41.25 E144.81435
G1 X163.272 Y41.887 E144.99087
G1 X161.16 Y42.094 E145.16238
G1 X159.047 Y41.887 E145.33397
G1 X156.958 Y41.25 E145.51049
G1 X155.093 Y40.254 E145.68137
G1 X153.433 Y38.886 E145.85522
G1 X152.065 Y37.226 E146.02907
G1 X151.069 Y35.361 E146.19996
G1 X150.432 Y33.273 E146.37639
G1 X150.226 Y31.16 E146.54798
G1 X150.432 Y29.046 E146.71964
G0 F4800 X150.964 Y29.153
G1 F1200 X151.57 Y27.165 E146.88762
G1 X152.515 Y25.396 E147.04971
G1 X153.817 Y23.817 E147.21512
G1 X155.396 Y22.515 E147.38053
G1 X157.165 Y21.57 E147.54263
G1 X159.153 Y20.964 E147.7106
G1 X161.16 Y20.768 E147.87358
G1 X163.166 Y20.964 E148.03648
G1 X165.154 Y21.57 E148.20446
G1 X166.923 Y22.515 E148.36655
G1 X168.502 Y23.817 E148.53196
G1 X169.804 Y25.396 E148.69737
G1 X170.747 Y27.161 E148.8591
G1 X171.356 Y29.158 E149.02784
G1 X171.552 Y31.16 E149.19042
G1 X171.356 Y33.161 E149.35292
G1 X170.747 Y35.158 E149.52166
G1 X169.804 Y36.923 E149.6834
G1 X168.502 Y38.502 E149.8488
G1 X166.923 Y39.804 E150.01421
G1 X165.158 Y40.747 E150.17595
G1 X163.161 Y41.356 E150.34469
G1 X161.16 Y41.552 E150.50719
G1 X159.158 Y41.356 E150.66977
G1 X157.161 Y40.747 E150.83851
G1 X155.396 Y39.804 E151.00024
G1 X153.817 Y38.502 E151.16565
G1 X152.515 Y36.923 E151.33106
G1 X151.57 Y35.154 E151.49315
G1 X150.964 Y33.166 E151.66113
G1 X150.768 Y31.16 E151.82403
G1 X150.964 Y29.153 E151.98701
G0 F4800 X151.495 Y29.263
G1 F1200 X152.073 Y27.369 E152.14706
G1 X152.963 Y25.702 E152.29979
G1 X154.201 Y24.201 E152.45704
G1 X155.702 Y22.963 E152.61429
G1 X157.369 Y22.073 E152.76702
G1 X159.263 Y21.495 E152.92707
G1 X161.159 Y21.31 E153.08104
G1 X163.057 Y21.495 E153.23516
G1 X164.95 Y22.073 E153.39513
G1 X166.617 Y22.963 E153.54786
G1 X168.118 Y24.201 E153.70512
G1 X169.356 Y25.702 E153.86237
G1 X170.244 Y27.364 E154.01467
G1 X170.825 Y29.269 E154.17563
G1 X171.01 Y31.16 E154.3292
G1 X170.825 Y33.05 E154.48268
G1 X170.244 Y34.955 E154.64365
G1 X169.356 Y36.617 E154.79595
G1 X168.118 Y38.118 E154.9532
G1 X166.617 Y39.356 E155.11046
G1 X164.955 Y40.244 E155.26275
G1 X163.05 Y40.825 E155.42372
G1 X161.16 Y41.01 E155.5772
G1 X159.269 Y40.825 E155.73077
G1 X157.364 Y40.244 E155.89174
G1 X155.702 Y39.356 E156.04403
G1 X154.201 Y38.118 E156.20129
G1 X152.963 Y36.617 E156.35854
G1 X152.073 Y34.95 E156.51127
G1 X151.495 Y33.057 E156.67124
G1 X151.31 Y31.159 E156.82537
G1 X151.495 Y29.263 E156.97933
G0 F4800 X152.027 Y29.37
G1 F1200 X152.574 Y27.576 E157.13092
G1 X153.411 Y26.008 E157.27457
G1 X154.585 Y24.585 E157.42367
G1 X156.008 Y23.411 E157.57277
G1 X157.576 Y22.574 E157.71642
G1 X159.37 Y22.027 E157.86801
G1 X161.159 Y21.852 E158.01329
G1 X162.95 Y22.027 E158.15873
G1 X164.743 Y22.574 E158.31024
G1 X166.311 Y23.411 E158.45389
G1 X167.734 Y24.585 E158.60299
G1 X168.908 Y26.008 E158.75209
G1 X169.741 Y27.567 E158.89495
G1 X170.294 Y29.38 E159.04815
G1 X170.468 Y31.159 E159.19262
G1 X170.294 Y32.939 E159.33717
G1 X169.741 Y34.752 E159.49036
G1 X168.908 Y36.311 E159.63322
G1 X167.734 Y37.734 E159.78232
G1 X166.311 Y38.908 E159.93142
G1 X164.752 Y39.741 E160.07428
G1 X162.939 Y40.294 E160.22747
G1 X161.16 Y40.468 E160.37194
G1 X159.38 Y40.294 E160.51649
G1 X157.567 Y39.741 E160.66969
G1 X156.008 Y38.908 E160.81255
G1 X154.585 Y37.734 E160.96165
G1 X153.411 Y36.311 E161.11075
G1 X152.574 Y34.743 E161.2544
G1 X152.027 Y32.95 E161.40591
G1 X151.852 Y31.159 E161.55135
G1 X152.027 Y29.37 E161.69663
G0 F4800 X152.558 Y29.48
G1 F1200 X153.077 Y27.78 E161.84029
G1 X153.859 Y26.314 E161.97458
G1 X154.969 Y24.969 E162.11552
G1 X156.314 Y23.859 E162.25647
G1 X157.78 Y23.077 E162.39075
G1 X159.48 Y22.558 E162.53441
G1 X161.159 Y22.394 E162.67076
G1 X162.844 Y22.559 E162.80759
G1 X164.536 Y23.075 E162.95056
G1 X166.005 Y23.859 E163.08514
G1 X167.35 Y24.969 E163.22609
G1 X168.46 Y26.314 E163.36703
G1 X169.238 Y27.77 E163.50045
G1 X169.763 Y29.491 E163.64588
G1 X169.926 Y31.159 E163.78133
G1 X169.763 Y32.828 E163.91686
G1 X169.238 Y34.549 E164.06229
G1 X168.46 Y36.005 E164.19571
G1 X167.35 Y37.35 E164.33665
G1 X166.005 Y38.46 E164.4776
G1 X164.549 Y39.238 E164.61102
G1 X162.828 Y39.763 E164.75644
G1 X161.16 Y39.926 E164.8919
G1 X159.491 Y39.763 E165.02743
G1 X157.77 Y39.238 E165.17285
G1 X156.314 Y38.46 E165.30628
G1 X154.969 Y37.35 E165.44722
G1 X153.859 Y36.005 E165.58817
G1 X153.075 Y34.536 E165.72274
G1 X152.559 Y32.844 E165.86571
G1 X152.394 Y31.159 E166.00255
G1 X152.558 Y29.48 E166.1389
G0 F4800 X153.09 Y29.587
G1 F1200 X153.578 Y27.987 E166.27409
G1 X154.309 Y26.617 E166.3996
G1 X155.352 Y25.352 E166.53211
G1 X156.617 Y24.309 E166.66462
G1 X157.987 Y23.578 E166.79012
G1 X159.587 Y23.09 E166.92532
G1 X161.158 Y22.936 E167.0529
G1 X162.733 Y23.09 E167.1808
G1 X164.333 Y23.578 E167.31599
G1 X165.702 Y24.309 E167.44143
G1 X166.967 Y25.352 E167.57394
G1 X168.01 Y26.617 E167.70645
G1 X168.735 Y27.973 E167.83072
G1 X169.232 Y29.602 E167.96837
G1 X169.384 Y31.159 E168.09481
G1 X169.232 Y32.717 E168.22133
G1 X168.735 Y34.346 E168.35898
G1 X168.01 Y35.702 E168.48326
G1 X166.967 Y36.967 E168.61577
G1 X165.702 Y38.01 E168.74828
G1 X164.346 Y38.735 E168.87255
G1 X162.717 Y39.232 E169.0102
G1 X161.159 Y39.384 E169.13672
G1 X159.602 Y39.232 E169.26316
G1 X157.973 Y38.735 E169.40081
G1 X156.617 Y38.01 E169.52509
G1 X155.352 Y36.967 E169.6576
G1 X154.309 Y35.702 E169.79011
G1 X153.578 Y34.333 E169.91554
G1 X153.09 Y32.733 E170.05074
G1 X152.936 Y31.158 E170.17864
G1 X153.09 Y29.587 E170.30622
G0 F4800 X153.621 Y29.698
G1 F1200 X154.081 Y28.19 E170.43364
G1 X154.757 Y26.923 E170.54971
G1 X155.736 Y25.736 E170.67406
G1 X156.923 Y24.757 E170.79842
G1 X158.19 Y24.081 E170.91449
G1 X159.698 Y23.621 E171.04191
G1 X161.158 Y23.478 E171.16048
G1 X162.622 Y23.621 E171.27936
G1 X164.13 Y24.081 E171.40679
G1 X165.396 Y24.757 E171.52278
G1 X166.583 Y25.736 E171.64714
G1 X167.561 Y26.922 E171.77138
G1 X168.235 Y28.183 E171.88694
G1 X168.7 Y29.709 E172.01587
G1 X168.842 Y31.158 E172.13355
G1 X168.7 Y32.61 E172.25146
G1 X168.235 Y34.136 E172.38039
G1 X167.561 Y35.397 E172.49595
G1 X166.583 Y36.583 E172.6202
G1 X165.397 Y37.561 E172.74444
G1 X164.136 Y38.235 E172.86
G1 X162.61 Y38.7 E172.98893
G1 X161.159 Y38.842 E173.10677
G1 X159.709 Y38.7 E173.22452
G1 X158.183 Y38.235 E173.35345
G1 X156.922 Y37.561 E173.46901
G1 X155.736 Y36.583 E173.59326
G1 X154.757 Y35.396 E173.71761
G1 X154.081 Y34.13 E173.83361
G1 X153.621 Y32.622 E173.96103
G1 X153.478 Y31.158 E174.07992
G1 X153.621 Y29.698 E174.19848
G0 F4800 X154.152 Y29.809
G1 F1200 X154.584 Y28.393 E174.31813
G1 X155.205 Y27.229 E174.42476
G1 X156.12 Y26.12 E174.54096
G1 X157.229 Y25.205 E174.65717
G1 X158.393 Y24.584 E174.76379
G1 X159.809 Y24.152 E174.88345
G1 X161.159 Y24.02 E174.99308
G1 X162.511 Y24.152 E175.10287
G1 X163.927 Y24.584 E175.22252
G1 X165.09 Y25.205 E175.32907
G1 X166.199 Y26.12 E175.44528
G1 X167.112 Y27.227 E175.56125
G1 X167.733 Y28.39 E175.66781
G1 X168.169 Y29.819 E175.78856
G1 X168.3 Y31.158 E175.8973
G1 X168.169 Y32.501 E176.00636
G1 X167.733 Y33.929 E176.12703
G1 X167.112 Y35.092 E176.23359
G1 X166.199 Y36.199 E176.34956
G1 X165.092 Y37.112 E176.46553
G1 X163.929 Y37.733 E176.57209
G1 X162.5 Y38.169 E176.69284
G1 X161.159 Y38.3 E176.80174
G1 X159.819 Y38.169 E176.91056
G1 X158.39 Y37.733 E177.03131
G1 X157.227 Y37.112 E177.13787
G1 X156.12 Y36.199 E177.25384
G1 X155.205 Y35.09 E177.37004
G1 X154.584 Y33.927 E177.4766
G1 X154.152 Y32.511 E177.59625
G1 X154.02 Y31.158 E177.70612
G1 X154.152 Y29.809 E177.81567
G0 F4800 X154.684 Y29.915
G1 F1200 X155.085 Y28.6 E177.92678
G1 X155.653 Y27.535 E178.02434
G1 X156.504 Y26.504 E178.13238
G1 X157.535 Y25.653 E178.24043
G1 X158.6 Y25.085 E178.33798
G1 X159.915 Y24.684 E178.44909
G1 X161.16 Y24.562 E178.5502
G1 X162.404 Y24.684 E178.65123
G1 X163.72 Y25.085 E178.76242
G1 X164.784 Y25.653 E178.8599
G1 X165.815 Y26.504 E178.96794
G1 X166.664 Y27.533 E179.07576
G1 X167.232 Y28.597 E179.17324
G1 X167.637 Y29.925 E179.28546
G1 X167.758 Y31.158 E179.38559
G1 X167.637 Y32.394 E179.48596
G1 X167.232 Y33.722 E179.59817
G1 X166.664 Y34.786 E179.69565
G1 X165.815 Y35.815 E179.80347
G1 X164.786 Y36.664 E179.91129
G1 X163.722 Y37.232 E180.00877
G1 X162.394 Y37.637 E180.12099
G1 X161.159 Y37.758 E180.22128
G1 X159.925 Y37.637 E180.32149
G1 X158.597 Y37.232 E180.4337
G1 X157.533 Y36.664 E180.53119
G1 X156.504 Y35.815 E180.63901
G1 X155.653 Y34.784 E180.74705
G1 X155.085 Y33.72 E180.84453
G1 X154.684 Y32.404 E180.95572
G1 X154.562 Y31.158 E181.05691
G1 X154.684 Y29.915 E181.15785
G0 F4800 X155.215 Y30.026
G1 F1200 X155.588 Y28.803 E181.26119
G1 X156.103 Y27.838 E181.3496
G1 X156.887 Y26.887 E181.44921
G1 X157.838 Y26.103 E181.54883
G1 X158.803 Y25.588 E181.63723
G1 X160.026 Y25.215 E181.74057
G1 X161.16 Y25.104 E181.83266
G1 X162.294 Y25.215 E181.92475
G1 X163.516 Y25.588 E182.02802
G1 X164.481 Y26.103 E182.11642
G1 X165.428 Y26.885 E182.21568
G1 X166.216 Y27.839 E182.31569
G1 X166.729 Y28.8 E182.40373
G1 X167.106 Y30.036 E182.50817
G1 X167.216 Y31.158 E182.59929
G1 X167.106 Y32.283 E182.69065
G1 X166.729 Y33.519 E182.79509
G1 X166.216 Y34.48 E182.88313
G1 X165.431 Y35.431 E182.9828
G1 X164.48 Y36.216 E183.08246
G1 X163.519 Y36.729 E183.1705
G1 X162.283 Y37.106 E183.27494
G1 X161.159 Y37.216 E183.36622
G1 X160.036 Y37.106 E183.45742
G1 X158.8 Y36.729 E183.56186
G1 X157.839 Y36.216 E183.6499
G1 X156.885 Y35.428 E183.74991
G1 X156.103 Y34.481 E183.84917
G1 X155.588 Y33.516 E183.93758
G1 X155.215 Y32.294 E184.04084
G1 X155.104 Y31.158 E184.13309
G1 X155.215 Y30.026 E184.22502
G0 F4800 X155.746 Y30.137
G1 F1200 X156.091 Y29.006 E184.32059
G1 X156.553 Y28.141 E184.39984
G1 X157.271 Y27.271 E184.49101
G1 X158.141 Y26.553 E184.58218
G1 X159.006 Y26.091 E184.66144
G1 X160.137 Y25.746 E184.75701
G1 X161.16 Y25.646 E184.84008
G1 X162.188 Y25.747 E184.92357
G1 X163.309 Y26.089 E185.01829
G1 X164.178 Y26.553 E185.09791
G1 X165.045 Y27.268 E185.18874
G1 X165.766 Y28.142 E185.28031
G1 X166.226 Y29.003 E185.35921
G1 X166.575 Y30.147 E185.45588
G1 X166.674 Y31.158 E185.53798
G1 X166.575 Y32.172 E185.62032
G1 X166.226 Y33.316 E185.71699
G1 X165.766 Y34.177 E185.79589
G1 X165.048 Y35.048 E185.88712
G1 X164.177 Y35.766 E185.97835
G1 X163.316 Y36.226 E186.05724
G1 X162.172 Y36.575 E186.15391
G1 X161.159 Y36.674 E186.23617
G1 X160.147 Y36.575 E186.31836
G1 X159.003 Y36.226 E186.41502
G1 X158.142 Y35.766 E186.49392
G1 X157.268 Y35.045 E186.58549
G1 X156.553 Y34.178 E186.67632
G1 X156.089 Y33.309 E186.75594
G1 X155.747 Y32.188 E186.85066
G1 X155.646 Y31.158 E186.93431
G1 X155.746 Y30.137 E187.01723
G0 F4800 X156.277 Y30.248
G1 F1200 X156.594 Y29.209 E187.10502
G1 X157.003 Y28.444 E187.17513
G1 X157.654 Y27.654 E187.25787
G1 X158.444 Y27.003 E187.3406
G1 X159.209 Y26.594 E187.41071
G1 X160.248 Y26.277 E187.49851
G1 X161.16 Y26.188 E187.57257
G1 X162.082 Y26.279 E187.64745
G1 X163.102 Y26.59 E187.73363
G1 X163.872 Y27.001 E187.80418
G1 X164.661 Y27.652 E187.88685
G1 X165.318 Y28.448 E187.97027
G1 X165.725 Y29.21 E188.04009
G1 X166.043 Y30.253 E188.12822
G1 X166.132 Y31.158 E188.20171
G1 X166.043 Y32.065 E188.27537
G1 X165.725 Y33.109 E188.36358
G1 X165.316 Y33.873 E188.43362
G1 X164.664 Y34.664 E188.51647
G1 X163.873 Y35.316 E188.59932
G1 X163.109 Y35.725 E188.66936
G1 X162.066 Y36.043 E188.75748
G1 X161.159 Y36.132 E188.83114
G1 X160.253 Y36.043 E188.90472
G1 X159.21 Y35.725 E188.99285
G1 X158.448 Y35.318 E189.06267
G1 X157.652 Y34.661 E189.14609
G1 X157.001 Y33.872 E189.22876
G1 X156.59 Y33.102 E189.2993
G1 X156.279 Y32.082 E189.38549
G1 X156.188 Y31.158 E189.46053
G1 X156.277 Y30.248 E189.53443
G0 F4800 X156.809 Y30.354
G1 F1200 X157.094 Y29.419 E189.61343
G1 X157.454 Y28.746 E189.67512
G1 X158.038 Y28.038 E189.74929
G1 X158.746 Y27.454 E189.82347
G1 X159.419 Y27.094 E189.88516
G1 X160.355 Y26.809 E189.96423
G1 X161.159 Y26.73 E190.02953
G1 X161.972 Y26.81 E190.09555
G1 X162.898 Y27.093 E190.17381
G1 X163.566 Y27.449 E190.23499
G1 X164.28 Y28.039 E190.30985
G1 X164.868 Y28.751 E190.38448
G1 X165.222 Y29.414 E190.44523
G1 X165.512 Y30.363 E190.52543
G1 X165.59 Y31.158 E190.58999
G1 X165.512 Y31.955 E190.65471
G1 X165.223 Y32.902 E190.73474
G1 X164.865 Y33.571 E190.79606
G1 X164.28 Y34.28 E190.87035
G1 X163.571 Y34.865 E190.94464
G1 X162.902 Y35.223 E191.00597
G1 X161.956 Y35.512 E191.08591
G1 X161.159 Y35.59 E191.15064
G1 X160.363 Y35.512 E191.21528
G1 X159.414 Y35.222 E191.29548
G1 X158.751 Y34.868 E191.35623
G1 X158.039 Y34.28 E191.43086
G1 X157.449 Y33.566 E191.50572
G1 X157.093 Y32.898 E191.56689
G1 X156.81 Y31.972 E191.64515
G1 X156.73 Y31.158 E191.71126
G1 X156.809 Y30.354 E191.77655
G0 F4800 X157.34 Y30.464
G1 F1200 X157.596 Y29.626 E191.84737
G1 X157.903 Y29.051 E191.90005
G1 X158.422 Y28.422 E191.96596
G1 X159.051 Y27.903 E192.03187
G1 X159.626 Y27.596 E192.08455
G1 X160.465 Y27.34 E192.15545
G1 X161.159 Y27.272 E192.21181
G1 X161.865 Y27.342 E192.26915
G1 X162.686 Y27.593 E192.33854
G1 X163.266 Y27.902 E192.39165
G1 X163.897 Y28.422 E192.45773
G1 X164.418 Y29.054 E192.52393
G1 X164.721 Y29.621 E192.57589
G1 X164.98 Y30.469 E192.64755
G1 X165.048 Y31.158 E192.70351
G1 X164.98 Y31.849 E192.75963
G1 X164.723 Y32.692 E192.83086
G1 X164.416 Y33.266 E192.88347
G1 X163.896 Y33.896 E192.94949
G1 X163.266 Y34.416 E193.01551
G1 X162.692 Y34.723 E193.06812
G1 X161.85 Y34.98 E193.13928
G1 X161.159 Y35.048 E193.19539
G1 X160.469 Y34.98 E193.25143
G1 X159.621 Y34.721 E193.32309
G1 X159.054 Y34.418 E193.37505
G1 X158.422 Y33.897 E193.44125
G1 X157.902 Y33.266 E193.50734
G1 X157.593 Y32.686 E193.56045
G1 X157.342 Y31.866 E193.62976
G1 X157.272 Y31.158 E193.68726
G1 X157.34 Y30.464 E193.74362
G0 F4800 X157.872 Y30.57
G1 F1200 X158.097 Y29.833 E193.8059
G1 X158.351 Y29.357 E193.84951
G1 X158.806 Y28.806 E193.90726
G1 X159.357 Y28.351 E193.96501
G1 X159.833 Y28.097 E194.00862
G1 X160.571 Y27.872 E194.07098
G1 X161.159 Y27.814 E194.11873
G1 X161.758 Y27.874 E194.16739
G1 X162.475 Y28.093 E194.22798
G1 X162.966 Y28.355 E194.27296
G1 X163.513 Y28.806 E194.33026
G1 X163.967 Y29.356 E194.3879
G1 X164.221 Y29.831 E194.43143
G1 X164.448 Y30.576 E194.49438
G1 X164.506 Y31.158 E194.54165
G1 X164.449 Y31.739 E194.58883
G1 X164.221 Y32.485 E194.65188
G1 X163.965 Y32.965 E194.69585
G1 X163.513 Y33.513 E194.75326
G1 X162.965 Y33.965 E194.81067
G1 X162.482 Y34.223 E194.85493
G1 X161.744 Y34.448 E194.91728
G1 X161.159 Y34.506 E194.9648
G1 X160.576 Y34.448 E195.01215
G1 X159.831 Y34.221 E195.0751
G1 X159.356 Y33.967 E195.11863
G1 X158.806 Y33.513 E195.17627
G1 X158.355 Y32.966 E195.23357
G1 X158.093 Y32.474 E195.27862
G1 X157.874 Y31.759 E195.33906
G1 X157.814 Y31.158 E195.38787
G1 X157.872 Y30.57 E195.43563
G0 F4800 X158.404 Y30.676
G1 F1200 X158.598 Y30.04 E195.48937
G1 X158.801 Y29.66 E195.52419
G1 X159.189 Y29.189 E195.57351
G1 X159.66 Y28.801 E195.62283
G1 X160.037 Y28.6 E195.65736
G1 X160.681 Y28.403 E195.71179
G1 X161.158 Y28.356 E195.75053
G1 X161.652 Y28.406 E195.79066
G1 X162.268 Y28.594 E195.84271
G1 X162.66 Y28.803 E195.87862
G1 X163.132 Y29.193 E195.9281
G1 X163.516 Y29.657 E195.97678
G1 X163.719 Y30.038 E196.01167
G1 X163.917 Y30.686 E196.06643
G1 X163.964 Y31.158 E196.10477
G1 X163.917 Y31.633 E196.14335
G1 X163.72 Y32.278 E196.19786
G1 X163.517 Y32.659 E196.23275
G1 X163.129 Y33.129 E196.28201
G1 X162.659 Y33.517 E196.33126
G1 X162.278 Y33.72 E196.36616
G1 X161.634 Y33.917 E196.42059
G1 X161.159 Y33.964 E196.45916
G1 X160.686 Y33.917 E196.49758
G1 X160.038 Y33.719 E196.55234
G1 X159.657 Y33.516 E196.58724
G1 X159.193 Y33.132 E196.63591
G1 X158.806 Y32.663 E196.68506
G1 X158.593 Y32.262 E196.72176
G1 X158.406 Y31.652 E196.77332
G1 X158.356 Y31.157 E196.81353
G1 X158.404 Y30.676 E196.8526
G0 F4800 X158.935 Y30.787
G1 F1200 X159.101 Y30.243 E196.89857
G1 X159.251 Y29.963 E196.92424
G1 X159.573 Y29.573 E196.96512
G1 X159.96 Y29.254 E197.00565
G1 X160.249 Y29.1 E197.03212
G1 X160.788 Y28.935 E197.07768
G1 X161.157 Y28.898 E197.10765
G1 X161.545 Y28.938 E197.13918
G1 X162.057 Y29.094 E197.18244
G1 X162.36 Y29.256 E197.21021
G1 X162.749 Y29.577 E197.25097
G1 X163.063 Y29.957 E197.29081
G1 X163.219 Y30.249 E197.31757
G1 X163.385 Y30.792 E197.36346
G1 X163.422 Y31.157 E197.39311
G1 X163.385 Y31.526 E197.42308
G1 X163.22 Y32.067 E197.46879
G1 X163.064 Y32.36 E197.49562
G1 X162.746 Y32.746 E197.53604
G1 X162.36 Y33.064 E197.57646
G1 X162.066 Y33.22 E197.60336
G1 X161.527 Y33.385 E197.64892
G1 X161.159 Y33.422 E197.67881
G1 X160.793 Y33.385 E197.70855
G1 X160.249 Y33.219 E197.75451
G1 X159.957 Y33.063 E197.78127
G1 X159.58 Y32.751 E197.82082
G1 X159.256 Y32.359 E197.86193
G1 X159.093 Y32.053 E197.88995
G1 X158.938 Y31.545 E197.93287
G1 X158.898 Y31.157 E197.9644
G1 X158.935 Y30.787 E197.99445
G0 F4800 X159.467 Y30.893
G1 F1200 X159.601 Y30.453 E198.03163
G1 X159.702 Y30.265 E198.04888
G1 X159.956 Y29.957 E198.08114
G1 X160.26 Y29.707 E198.11295
G1 X160.461 Y29.6 E198.13136
G1 X160.895 Y29.467 E198.16804
G1 X161.156 Y29.441 E198.18924
G1 X161.435 Y29.469 E198.2119
G1 X161.85 Y29.596 E198.24698
G1 X162.055 Y29.705 E198.26575
G1 X162.368 Y29.964 E198.29858
G1 X162.613 Y30.26 E198.32964
G1 X162.718 Y30.456 E198.34761
G1 X162.853 Y30.899 E198.38504
G1 X162.88 Y31.157 E198.406
G1 X162.854 Y31.415 E198.42696
G1 X162.718 Y31.86 E198.46457
G1 X162.611 Y32.06 E198.4829
G1 X162.362 Y32.362 E198.51454
G1 X162.059 Y32.613 E198.54634
G1 X161.857 Y32.72 E198.56481
G1 X161.42 Y32.853 E198.60173
G1 X161.159 Y32.88 E198.62294
G1 X160.9 Y32.853 E198.64398
G1 X160.456 Y32.718 E198.68149
G1 X160.26 Y32.613 E198.69946
G1 X159.964 Y32.368 E198.73052
G1 X159.709 Y32.059 E198.7629
G1 X159.593 Y31.842 E198.78278
G1 X159.47 Y31.438 E198.81692
G1 X159.441 Y31.156 E198.83983
G1 X159.467 Y30.893 E198.86119
G0 F4800 X159.998 Y31.003
G1 F1200 X160.102 Y30.662 E198.89
G1 X160.153 Y30.568 E198.89865
G1 X160.342 Y30.339 E198.92264
G1 X160.559 Y30.16 E198.94538
G1 X160.673 Y30.1 E198.95579
G1 X161.002 Y29.999 E198.98361
G1 X161.156 Y29.983 E198.99612
G1 X161.328 Y30.001 E199.0101
G1 X161.639 Y30.096 E199.03638
G1 X161.755 Y30.158 E199.04701
G1 X161.985 Y30.347 E199.07107
G1 X162.162 Y30.562 E199.09358
G1 X162.216 Y30.663 E199.10283
G1 X162.322 Y31.009 E199.13208
G1 X162.337 Y31.159 E199.14426
G1 X162.322 Y31.308 E199.15637
G1 X162.218 Y31.65 E199.18526
G1 X162.162 Y31.755 E199.19488
G1 X161.975 Y31.982 E199.21865
G1 X161.758 Y32.162 E199.24143
G1 X161.652 Y32.218 E199.25112
G1 X161.311 Y32.322 E199.27994
G1 X161.159 Y32.337 E199.29228
G1 X161.01 Y32.322 E199.30438
G1 X160.663 Y32.216 E199.33371
G1 X160.562 Y32.162 E199.34297
G1 X160.348 Y31.985 E199.36541
G1 X160.16 Y31.758 E199.38923
G1 X160.095 Y31.636 E199.40041
G1 X160.001 Y31.328 E199.42643
G1 X159.983 Y31.154 E199.44057
G1 X159.998 Y31.003 E199.45283
G0 F4800 X160.529 Y31.114
G1 F1200 X160.603 Y30.872 E199.47329
G1 X160.605 Y30.868 E199.47365
G1 X160.723 Y30.726 E199.48857
G1 X160.861 Y30.612 E199.50304
G1 X160.883 Y30.6 E199.50506
G1 X161.109 Y30.531 E199.52416
G1 X161.156 Y30.526 E199.52798
G1 X161.221 Y30.533 E199.53327
G1 X161.429 Y30.596 E199.55083
G1 X161.454 Y30.609 E199.55311
G1 X161.602 Y30.731 E199.56861
G1 X161.711 Y30.864 E199.58251
G1 X161.716 Y30.873 E199.58334
G1 X161.79 Y31.116 E199.60387
G1 X161.795 Y31.159 E199.60737
G1 X161.791 Y31.198 E199.61054
G1 X161.715 Y31.446 E199.6315
G1 X161.712 Y31.452 E199.63204
G1 X161.593 Y31.597 E199.6472
G1 X161.452 Y31.713 E199.66196
G1 X161.451 Y31.714 E199.66208
G1 X161.2 Y31.791 E199.68329
G1 X161.16 Y31.795 E199.68654
G1 X161.117 Y31.79 E199.69004
G1 X160.873 Y31.716 E199.71065
G1 X160.864 Y31.711 E199.71148
G1 X160.731 Y31.601 E199.72543
G1 X160.613 Y31.458 E199.74042
G1 X160.595 Y31.425 E199.74345
G1 X160.533 Y31.222 E199.76061
G1 X160.526 Y31.151 E199.76638
G1 X160.529 Y31.114 E199.76938
G0 F4800 X161.079 Y31.162
G1 F1200 X161.088 Y31.131 E199.77198
G1 X161.105 Y31.11 E199.77417
G1 X161.132 Y31.088 E199.77698
G1 X161.161 Y31.079 E199.77944
G1 X161.184 Y31.086 E199.78138
G1 X161.217 Y31.113 E199.78483
G1 X161.229 Y31.128 E199.78638
G1 X161.238 Y31.159 E199.78899
G1 X161.229 Y31.189 E199.79152
G1 X161.21 Y31.213 E199.79399
G1 X161.19 Y31.23 E199.79612
G1 X161.161 Y31.239 E199.79857
G1 X161.128 Y31.229 E199.80136
G1 X161.118 Y31.22 E199.80244
G1 X161.084 Y31.18 E199.80669
G1 X161.079 Y31.162 E199.8082
G1 F2400 E198.8082
G0 F4800 X161.079 Y94.81
G0 X160.242 Y94.99
;TYPE:WALL-INNER
G1 F2400 E199.8082
G1 F1200 X170.802 Y94.99 E200.4404
G1 X170.802 Y105.825 E201.08908
G1 X160.242 Y105.825 E201.72129
G1 X160.242 Y94.99 E202.36996
G1 F2400 E201.36996
G0 F4800 X159.063 Y93.811
G0 X158.877 Y93.625
G1 F2400 E202.36996
G1 F1200 X148.042 Y93.625 E203.01863
G1 X148.042 Y83.065 E203.65084
G1 X158.877 Y83.065 E204.29951
G1 X158.877 Y93.625 E204.93172
G0 F4800 X159.357 Y94.105
;TYPE:WALL-OUTER
G1 F1200 X147.562 Y94.105 E205.63787
G1 X147.562 Y82.585 E206.32755
G1 X159.357 Y82.585 E207.03369
G1 X159.357 Y94.105 E207.72338
G0 F4800 X159.157 Y94.105
G0 X158.829 Y93.577
G1 F2400 E206.72338
G0 F4800 X159.063 Y82.879
G0 X160.056 Y81.886
G0 X170.802 Y81.7
;TYPE:WALL-INNER
G1 F2400 E207.72338
G1 F1200 X160.242 Y81.7 E208.35559
G1 X160.242 Y70.865 E209.00426
G1 X170.802 Y70.865 E209.63647
G1 X170.802 Y81.7 E210.28514
G0 F4800 X171.282 Y82.18
;TYPE:WALL-OUTER
G1 F1200 X159.762 Y82.18 E210.97482
G1 X159.762 Y70.385 E211.68097
G1 X171.282 Y70.385 E212.37065
G1 X171.282 Y82.18 E213.0768
G0 F4800 X171.082 Y82.18
G0 X170.754 Y81.652
G1 F2400 E212.0768
G0 F4800 X171.981 Y82.879
G0 X183.002 Y93.625
;TYPE:WALL-INNER
G1 F2400 E213.0768
G1 F1200 X172.167 Y93.625 E213.72547
G1 X172.167 Y83.065 E214.35768
G1 X183.002 Y83.065 E215.00635
G1 X183.002 Y93.625 E215.63856
G0 F4800 X183.482 Y94.105
;TYPE:WALL-OUTER
G1 F1200 X171.687 Y94.105 E216.3447
G1 X171.687 Y82.585 E217.03439
G1 X183.482 Y82.585 E217.74053
G1 X183.482 Y94.105 E218.43021
G0 F4800 X183.282 Y94.105
G0 X182.954 Y93.577
G1 F2400 E217.43021
G0 F4800 X171.981 Y93.811
G0 X170.988 Y94.804
G0 X170.932 Y105.955
G1 F2400 E218.43021
G0 F4800 X171.282 Y106.305
G1 F1200 X159.762 Y106.305 E219.1199
G1 X159.762 Y94.51 E219.82604
G1 X171.282 Y94.51 E220.51572
G1 X171.282 Y106.305 E221.22187
G0 F4800 X171.082 Y106.305
G0 X170.754 Y105.777
G0 X170.332 Y105.355
;TYPE:SKIN
G1 F1200 X160.712 Y105.355 E221.7978
G1 X160.712 Y95.46 E222.3902
G1 X170.332 Y95.46 E222.96613
G1 X170.332 Y105.355 E223.55853
G0 F4800 X161.537 Y105.194
G1 F1200 X160.871 Y104.528 E223.61491
G0 F4800 X160.871 Y103.849
G1 F1200 X162.215 Y105.194 E223.72875
G0 F4800 X162.894 Y105.194
G1 F1200 X160.871 Y103.171 E223.90003
G0 F4800 X160.871 Y102.492
G1 F1200 X163.573 Y105.194 E224.1288
G0 F4800 X164.252 Y105.194
G1 F1200 X160.871 Y101.813 E224.41506
G0 F4800 X160.871 Y101.134
G1 F1200 X164.931 Y105.194 E224.7588
G0 F4800 X165.61 Y105.194
G1 F1200 X160.871 Y100.455 E225.16004
G0 F4800 X160.871 Y99.777
G1 F1200 X166.288 Y105.194 E225.61867
G0 F4800 X166.967 Y105.194
G1 F1200 X160.871 Y99.098 E226.1348
G0 F4800 X160.871 Y98.419
G1 F1200 X167.646 Y105.194 E226.70842
G0 F4800 X168.325 Y105.194
G1 F1200 X160.871 Y97.74 E227.33952
G0 F4800 X160.871 Y97.061
G1 F1200 X169.004 Y105.194 E228.02811
G0 F4800 X169.683 Y105.194
G1 F1200 X160.871 Y96.382 E228.77419
G0 F4800 X160.871 Y95.704
G1 F1200 X170.171 Y105.004 E229.56159
G0 F4800 X170.171 Y104.325
G1 F1200 X161.465 Y95.619 E230.2987
G0 F4800 X162.144 Y95.619
G1 F1200 X170.171 Y103.647 E230.97836
G0 F4800 X170.171 Y102.968
G1 F1200 X162.823 Y95.619 E231.60053
G0 F4800 X163.502 Y95.619
G1 F1200 X170.171 Y102.289 E232.16521
G0 F4800 X170.171 Y101.61
G1 F1200 X164.181 Y95.619 E232.67241
G0 F4800 X164.859 Y95.619
G1 F1200 X170.171 Y100.931 E233.12216
G0 F4800 X170.171 Y100.252
G1 F1200 X165.538 Y95.619 E233.51442
G0 F4800 X166.217 Y95.619
G1 F1200 X170.171 Y99.574 E233.84923
G0 F4800 X170.171 Y98.895
G1 F1200 X166.896 Y95.619 E234.12655
G0 F4800 X167.575 Y95.619
G1 F1200 X170.171 Y98.216 E234.34639
G0 F4800 X170.171 Y97.537
G1 F1200 X168.253 Y95.619 E234.50878
G0 F4800 X168.932 Y95.619
G1 F1200 X170.171 Y96.858 E234.61368
G0 F4800 X170.171 Y96.179
G1 F1200 X169.611 Y95.619 E234.6611
G1 F2400 E233.6611
G0 F4800 X170.988 Y94.804
G0 X171.981 Y93.811
G0 X172.637 Y93.155
G1 F2400 E234.6611
G1 F1200 X172.637 Y83.535 E235.23703
G1 X182.532 Y83.535 E235.82943
G1 X182.532 Y93.155 E236.40536
G1 X172.637 Y93.155 E236.99775
G0 F4800 X173.095 Y92.994
G1 F1200 X172.796 Y92.695 E237.02307
G0 F4800 X172.796 Y92.016
G1 F1200 X173.774 Y92.994 E237.10587
G0 F4800 X174.453 Y92.994
G1 F1200 X172.796 Y91.337 E237.24617
G0 F4800 X172.796 Y90.658
G1 F1200 X175.131 Y92.994 E237.4439
G0 F4800 X175.81 Y92.994
G1 F1200 X172.796 Y89.98 E237.69909
G0 F4800 X172.796 Y89.301
G1 F1200 X176.489 Y92.994 E238.01176
G0 F4800 X177.168 Y92.994
G1 F1200 X172.796 Y88.622 E238.38192
G0 F4800 X172.796 Y87.943
G1 F1200 X177.847 Y92.994 E238.80957
G0 F4800 X178.526 Y92.994
M104 T1 S210
G1 F1200 X172.796 Y87.264 E239.29471
G0 F4800 X172.796 Y86.585
G1 F1200 X179.204 Y92.994 E239.8373
G0 F4800 X179.883 Y92.994
G1 F1200 X172.796 Y85.907 E240.43733
G0 F4800 X172.796 Y85.228
G1 F1200 X180.562 Y92.994 E241.09485
G0 F4800 X181.241 Y92.994
G1 F1200 X172.796 Y84.549 E241.80986
G0 F4800 X172.796 Y83.87
G1 F1200 X181.92 Y92.994 E242.58236
G0 F4800 X182.371 Y92.766
G1 F1200 X173.299 Y83.695 E243.35041
G0 F4800 X173.978 Y83.695
G1 F1200 X182.371 Y92.087 E244.06097
G0 F4800 X182.371 Y91.409
G1 F1200 X174.657 Y83.695 E244.71409
G0 F4800 X175.336 Y83.695
G1 F1200 X182.371 Y90.73 E245.30972
G0 F4800 X182.371 Y90.051
G1 F1200 X176.015 Y83.695 E245.84786
G0 F4800 X176.693 Y83.695
G1 F1200 X182.371 Y89.372 E246.32855
G0 F4800 X182.371 Y88.693
G1 F1200 X177.372 Y83.695 E246.75176
G0 F4800 X178.051 Y83.695
G1 F1200 X182.371 Y88.014 E247.11747
G0 F4800 X182.371 Y87.336
G1 F1200 X178.73 Y83.695 E247.42574
G0 F4800 X179.409 Y83.695
G1 F1200 X182.371 Y86.657 E247.67653
G0 F4800 X182.371 Y85.978
G1 F1200 X180.088 Y83.695 E247.86982
G0 F4800 X180.766 Y83.695
G1 F1200 X182.371 Y85.299 E248.00567
G0 F4800 X182.371 Y84.62
G1 F1200 X181.445 Y83.695 E248.08403
G0 F4800 X182.124 Y83.695
G1 F1200 X182.371 Y83.942 E248.10494
G1 F2400 E247.10494
G0 F4800 X171.981 Y82.879
G0 X170.988 Y81.886
G0 X170.332 Y81.23
G1 F2400 E248.10494
G1 F1200 X160.712 Y81.23 E248.68087
G1 X160.712 Y71.335 E249.27327
G1 X170.332 Y71.335 E249.8492
G1 X170.332 Y81.23 E250.4416
G0 F4800 X161.17 Y81.069
G1 F1200 X160.871 Y80.769 E250.46695
G0 F4800 X160.871 Y80.091
G1 F1200 X161.849 Y81.069 E250.54976
G0 F4800 X162.528 Y81.069
G1 F1200 X160.871 Y79.412 E250.69005
G0 F4800 X160.871 Y78.733
G1 F1200 X163.207 Y81.069 E250.88783
G0 F4800 X163.886 Y81.069
G1 F1200 X160.871 Y78.054 E251.1431
G0 F4800 X160.871 Y77.375
G1 F1200 X164.564 Y81.069 E251.45582
G0 F4800 X165.243 Y81.069
G1 F1200 X160.871 Y76.697 E251.82598
G0 F4800 X160.871 Y76.018
G1 F1200 X165.922 Y81.069 E252.25363
G0 F4800 X166.601 Y81.069
G1 F1200 X160.871 Y75.339 E252.73877
G0 F4800 X160.871 Y74.66
G1 F1200 X167.28 Y81.069 E253.28139
G0 F4800 X167.959 Y81.069
G1 F1200 X160.871 Y73.981 E253.88151
G0 F4800 X160.871 Y73.302
G1 F1200 X168.637 Y81.069 E254.53907
G0 F4800 X169.316 Y81.069
G1 F1200 X160.871 Y72.624 E255.25408
G0 F4800 X160.871 Y71.945
G1 F1200 X169.995 Y81.069 E256.02658
G0 F4800 X170.171 Y80.567
G1 F1200 X161.099 Y71.494 E256.79471
G0 F4800 X161.778 Y71.494
G1 F1200 X170.171 Y79.888 E257.50536
G0 F4800 X170.171 Y79.209
G1 F1200 X162.457 Y71.494 E258.15852
G0 F4800 X163.135 Y71.494
G1 F1200 X170.171 Y78.53 E258.75424
G0 F4800 X170.171 Y77.851
G1 F1200 X163.814 Y71.494 E259.29246
G0 F4800 X164.493 Y71.494
G1 F1200 X170.171 Y77.172 E259.7732
G0 F4800 X170.171 Y76.494
G1 F1200 X165.172 Y71.494 E260.19649
G0 F4800 X165.851 Y71.494
G1 F1200 X170.171 Y75.815 E260.56229
G0 F4800 X170.171 Y75.136
G1 F1200 X166.53 Y71.494 E260.8706
G0 F4800 X167.208 Y71.494
G1 F1200 X170.171 Y74.457 E261.12147
G0 F4800 X170.171 Y73.778
G1 F1200 X167.887 Y71.494 E261.31485
G0 F4800 X168.566 Y71.494
G1 F1200 X170.171 Y73.099 E261.45074
G0 F4800 X170.171 Y72.421
G1 F1200 X169.245 Y71.494 E261.52918
G0 F4800 X169.924 Y71.494
G1 F1200 X170.171 Y71.742 E261.55013
G1 F2400 E260.55013
G0 F4800 X160.056 Y81.886
G0 X159.063 Y82.879
G0 X158.407 Y83.535
G1 F2400 E261.55013
G1 F1200 X158.407 Y93.155 E262.12607
G1 X148.512 Y93.155 E262.71846
G1 X148.512 Y83.535 E263.2944
G1 X158.407 Y83.535 E263.88679
G0 F4800 X158.246 Y84.254
G1 F1200 X157.686 Y83.695 E263.93416
G0 F4800 X157.008 Y83.695
G1 F1200 X158.246 Y84.933 E264.03898
G0 F4800 X158.246 Y85.612
G1 F1200 X156.329 Y83.695 E264.20129
G0 F4800 X155.65 Y83.695
G1 F1200 X158.246 Y86.291 E264.42108
G0 F4800 X158.246 Y86.969
G1 F1200 X154.971 Y83.695 E264.69832
G0 F4800 X154.292 Y83.695
G1 F1200 X158.246 Y87.648 E265.03305
G0 F4800 X158.246 Y88.327
G1 F1200 X153.613 Y83.695 E265.42527
G0 F4800 X152.935 Y83.695
G1 F1200 X158.246 Y89.006 E265.87493
G0 F4800 X158.246 Y89.685
M104 S195
G1 F1200 X152.256 Y83.695 E266.38208
G0 F4800 X151.577 Y83.695
G1 F1200 X158.246 Y90.364 E266.94672
G0 F4800 X158.246 Y91.042
G1 F1200 X150.898 Y83.695 E267.56881
G0 F4800 X150.219 Y83.695
G1 F1200 X158.246 Y91.721 E268.24839
G0 F4800 X158.246 Y92.4
G1 F1200 X149.541 Y83.695 E268.98541
G0 F4800 X148.862 Y83.695
G1 F1200 X158.161 Y92.994 E269.77272
G0 F4800 X157.482 Y92.994
G1 F1200 X148.671 Y84.183 E270.51872
G0 F4800 X148.671 Y84.862
G1 F1200 X156.803 Y92.994 E271.20723
G0 F4800 X156.124 Y92.994
G1 F1200 X148.671 Y85.54 E271.83829
G0 F4800 X148.671 Y86.219
G1 F1200 X155.446 Y92.994 E272.4119
G0 F4800 X154.767 Y92.994
G1 F1200 X148.671 Y86.898 E272.92803
G0 F4800 X148.671 Y87.577
G1 F1200 X154.088 Y92.994 E273.38667
G0 F4800 X153.409 Y92.994
G1 F1200 X148.671 Y88.256 E273.78782
G0 F4800 X148.671 Y88.934
G1 F1200 X152.73 Y92.994 E274.13152
G0 F4800 X152.051 Y92.994
G1 F1200 X148.671 Y89.613 E274.41774
G0 F4800 X148.671 Y90.292
G1 F1200 X151.373 Y92.994 E274.64651
G0 F4800 X150.694 Y92.994
G1 F1200 X148.671 Y90.971 E274.81779
G0 F4800 X148.671 Y91.65
G1 F1200 X150.015 Y92.994 E274.93158
G0 F4800 X149.336 Y92.994
G1 F1200 X148.671 Y92.329 E274.98788
G1 F2400 E273.98788
G1 F600 Z2.3
G92 E0
G0 X-20 F6000
M107
T1
G92 E0
M105
M109 S210
M104 T0 S150
M107 P1
G1 F2400 E-1
;MESH:0530?????????.stl
G0 F4800 X148.671 Y92.329 Z2.3
G1 F600 Z0.3
G0 F4800 X144.162 Y94.009
;TYPE:SKIRT
G1 F2400 E2.07876
G1 F1200 X144.162 Y83.007 E2.73743
G1 X144.2 Y81.923 E2.80237
G1 X144.369 Y80.599 E2.88227
G1 X144.682 Y77.842 E3.04839
G1 X144.917 Y75.077 E3.21452
G1 X145.069 Y72.378 E3.37636
G1 X145.147 Y69.621 E3.54149
G1 X145.147 Y66.901 E3.70433
G1 X145.069 Y64.149 E3.86915
G1 X144.914 Y61.429 E4.03226
G1 X144.68 Y58.684 E4.19719
G1 X144.37 Y55.948 E4.36204
G1 X143.993 Y53.301 E4.52211
G1 X143.515 Y50.514 E4.6914
G1 X142.989 Y47.893 E4.85144
G1 X142.375 Y45.224 E5.01541
G1 X141.682 Y42.566 E5.17985
G1 X140.594 Y38.894 E5.40914
G1 X140.528 Y38.687 E5.42215
G1 X139.84 Y36.416 E5.56421
G1 X139.635 Y35.703 E5.60862
G1 X139.458 Y34.527 E5.67982
G1 X139.221 Y32.128 E5.82414
G1 X139.159 Y30.934 E5.89572
G1 X139.221 Y30.191 E5.94036
G1 X139.453 Y27.839 E6.08185
G1 X139.536 Y27.11 E6.12578
G1 X139.824 Y25.953 E6.19716
G1 X140.51 Y23.691 E6.33867
G1 X140.739 Y22.977 E6.38356
G1 X141.246 Y21.899 E6.45488
G1 X142.38 Y19.777 E6.59893
G1 X142.831 Y18.976 E6.65396
G1 X143.451 Y18.173 E6.7147
G1 X144.997 Y16.29 E6.86056
G1 X145.719 Y15.483 E6.92538
G1 X146.268 Y15.015 E6.96857
G1 X148.195 Y13.432 E7.11787
G1 X149.158 Y12.722 E7.1895
G1 X149.786 Y12.376 E7.23243
G1 X151.871 Y11.263 E7.37393
G1 X152.907 Y10.761 E7.44285
G1 X153.655 Y10.521 E7.48988
G1 X155.902 Y9.84 E7.63044
G1 X156.614 Y9.635 E7.6748
G1 X157.781 Y9.458 E7.74547
G1 X160.194 Y9.221 E7.89062
G1 X161.326 Y9.155 E7.95851
G1 X162.108 Y9.219 E8.00548
G1 X164.49 Y9.454 E8.14878
G1 X165.203 Y9.535 E8.19174
G1 X166.357 Y9.822 E8.26294
G1 X168.673 Y10.524 E8.40782
G1 X169.339 Y10.737 E8.44968
G1 X170.461 Y11.267 E8.52397
G1 X172.545 Y12.382 E8.66547
G1 X173.178 Y12.733 E8.7088
G1 X174.115 Y13.425 E8.77854
G1 X176.027 Y14.995 E8.92665
G1 X176.852 Y15.736 E8.99304
G1 X177.304 Y16.268 E9.03484
G1 X178.887 Y18.195 E9.18414
G1 X179.597 Y19.158 E9.25577
G1 X179.943 Y19.786 E9.29869
G1 X181.056 Y21.871 E9.44019
G1 X181.585 Y22.989 E9.51424
G1 X181.807 Y23.686 E9.55803
G1 X182.472 Y25.88 E9.69528
G1 X182.777 Y27.061 E9.76831
G1 X182.863 Y27.805 E9.81315
G1 X183.097 Y30.185 E9.95632
G1 X183.157 Y30.883 E9.99826
G1 X183.158 Y31.419 E10.03035
G1 X183.093 Y32.191 E10.07673
G1 X182.867 Y34.471 E10.2139
G1 X182.577 Y36.67 E10.34669
G1 X182.515 Y37.109 E10.37323
G1 X182.183 Y39.8 E10.53556
G1 X181.923 Y42.546 E10.70069
G1 X181.743 Y45.262 E10.86365
G1 X181.639 Y48.016 E11.02865
G1 X181.612 Y50.765 E11.19323
G1 X181.662 Y53.443 E11.35359
G1 X181.794 Y56.247 E11.52165
G1 X181.997 Y58.952 E11.68404
G1 X182.28 Y61.663 E11.84723
G1 X182.642 Y64.391 E12.01198
G1 X183.083 Y67.122 E12.1776
G1 X183.589 Y69.781 E12.33965
G1 X184.175 Y72.442 E12.50277
G1 X184.847 Y75.134 E12.66888
G1 X185.581 Y77.749 E12.83149
G1 X186.292 Y80.052 E12.97579
G1 X186.719 Y81.374 E13.05896
G1 X186.835 Y81.863 E13.08905
G1 X186.882 Y82.675 E13.13774
G1 X186.882 Y93.663 E13.79557
G1 X186.825 Y94.885 E13.86881
G1 X186.699 Y95.371 E13.89887
G1 X186.498 Y95.832 E13.92898
G1 X186.227 Y96.255 E13.95905
G1 X185.767 Y96.741 E13.99912
G1 X185.072 Y97.336 E14.05389
G1 X182.983 Y99.179 E14.22067
G1 X180.987 Y101.041 E14.38409
G1 X179.033 Y102.971 E14.54852
G1 X177.132 Y104.958 E14.71315
G1 X175.302 Y106.982 E14.87651
G1 X173.892 Y108.621 E15.00594
G1 X173.531 Y108.971 E15.03605
G1 X173.12 Y109.259 E15.06609
G1 X172.668 Y109.479 E15.09619
G1 X172.187 Y109.624 E15.12626
G1 X171.192 Y109.705 E15.18603
G1 X160.184 Y109.705 E15.84506
G1 X158.982 Y109.648 E15.9171
G1 X158.495 Y109.522 E15.94722
G1 X158.035 Y109.321 E15.97727
G1 X157.612 Y109.049 E16.00738
G1 X157.128 Y108.592 E16.04723
G1 X156.502 Y107.862 E16.1048
G1 X154.687 Y105.805 E16.26904
G1 X152.826 Y103.81 E16.43237
G1 X150.896 Y101.856 E16.5968
G1 X148.909 Y99.955 E16.76143
G1 X146.885 Y98.125 E16.92479
G1 X145.243 Y96.711 E17.05452
G1 X144.894 Y96.35 E17.08458
G1 X144.606 Y95.939 E17.11463
G1 X144.387 Y95.486 E17.14475
G1 X144.243 Y95.005 E17.17481
G1 X144.162 Y94.009 E17.23463
G0 F4800 X144.642 Y94.009
M104 T0 S200
G1 F1200 X144.642 Y83.014 E17.89289
G1 X144.676 Y81.984 E17.95458
G1 X144.846 Y80.653 E18.03492
G1 X145.163 Y77.862 E18.20308
G1 X145.393 Y75.159 E18.36549
G1 X145.549 Y72.383 E18.53195
G1 X145.627 Y69.634 E18.69659
G1 X145.627 Y66.888 E18.86099
G1 X145.549 Y64.143 E19.02539
G1 X145.39 Y61.349 E19.19294
G1 X145.161 Y58.657 E19.35468
G1 X144.847 Y55.899 E19.52087
G1 X144.459 Y53.175 E19.68559
G1 X144.002 Y50.507 E19.84765
G1 X143.458 Y47.792 E20.01342
G1 X142.831 Y45.07 E20.18065
G1 X142.149 Y42.452 E20.34262
G1 X141.07 Y38.81 E20.57002
G1 X140.987 Y38.547 E20.58654
G1 X140.301 Y36.284 E20.72811
G1 X140.009 Y35.13 E20.79937
G1 X139.931 Y34.436 E20.84118
G1 X139.699 Y32.087 E20.9825
G1 X139.638 Y30.96 E21.05007
G1 X139.699 Y30.238 E21.09345
G1 X139.93 Y27.893 E21.23452
G1 X140.101 Y26.724 E21.30525
G1 X140.296 Y26.05 E21.34725
G1 X140.982 Y23.791 E21.48859
G1 X141.366 Y22.712 E21.55716
G1 X141.69 Y22.085 E21.59941
G1 X142.8 Y20.009 E21.74035
G1 X143.236 Y19.234 E21.79359
G1 X143.822 Y18.477 E21.8509
G1 X145.364 Y16.599 E21.99638
G1 X146.105 Y15.782 E22.06241
G1 X146.572 Y15.386 E22.09907
G1 X148.494 Y13.808 E22.24795
G1 X149.391 Y13.142 E22.31483
G1 X150.012 Y12.799 E22.3573
G1 X152.091 Y11.689 E22.4984
G1 X153.072 Y11.212 E22.56371
G1 X153.795 Y10.98 E22.60916
G1 X156.034 Y10.302 E22.74922
G1 X157.185 Y10.009 E22.82033
G1 X157.876 Y9.931 E22.86196
G1 X160.234 Y9.699 E23.00381
G1 X161.301 Y9.635 E23.0678
G1 X162.061 Y9.697 E23.11345
G1 X164.436 Y9.931 E23.25633
G1 X165.59 Y10.1 E23.32615
G1 X166.256 Y10.293 E23.36767
G1 X168.526 Y10.981 E23.50967
G1 X169.605 Y11.365 E23.57824
G1 X170.235 Y11.691 E23.62071
G1 X172.313 Y12.802 E23.76178
G1 X173.32 Y13.404 E23.83202
G1 X173.842 Y13.822 E23.87205
G1 X175.717 Y15.362 E24.01731
G1 X176.491 Y16.053 E24.07943
G1 X176.933 Y16.572 E24.12024
G1 X178.511 Y18.494 E24.26912
G1 X179.177 Y19.391 E24.33601
G1 X179.52 Y20.012 E24.37848
G1 X180.63 Y22.091 E24.51958
G1 X181.127 Y23.135 E24.5888
G1 X181.348 Y23.825 E24.63218
G1 X182.01 Y26.013 E24.76903
G1 X182.301 Y27.125 E24.83785
G1 X182.385 Y27.852 E24.88166
G1 X182.619 Y30.226 E25.02448
G1 X182.68 Y31.378 E25.09354
G1 X182.615 Y32.144 E25.13957
G1 X182.39 Y34.417 E25.27631
G1 X182.102 Y36.603 E25.40832
G1 X182.046 Y36.992 E25.43184
G1 X181.704 Y39.769 E25.59935
G1 X181.444 Y42.506 E25.76395
G1 X181.263 Y45.247 E25.92841
G1 X181.159 Y47.992 E26.09286
G1 X181.132 Y50.741 E26.25745
G1 X181.185 Y53.522 E26.42397
G1 X181.314 Y56.269 E26.58861
G1 X181.516 Y58.959 E26.75011
G1 X181.806 Y61.742 E26.91763
G1 X182.166 Y64.458 E27.08165
G1 X182.607 Y67.186 E27.24709
G1 X183.125 Y69.907 E27.41292
G1 X183.706 Y72.545 E27.57464
G1 X184.381 Y75.248 E27.74143
G1 X185.114 Y77.862 E27.90396
G1 X185.846 Y80.232 E28.05246
G1 X186.262 Y81.521 E28.13355
G1 X186.366 Y81.972 E28.16126
G1 X186.402 Y82.675 E28.20341
G1 X186.402 Y93.656 E28.86082
G1 X186.345 Y94.838 E28.93166
G1 X186.221 Y95.284 E28.95938
G1 X186.021 Y95.701 E28.98707
G1 X185.753 Y96.078 E29.01476
G1 X184.755 Y96.976 E29.09513
G1 X182.66 Y98.824 E29.26238
G1 X180.644 Y100.705 E29.42745
G1 X178.689 Y102.637 E29.59201
G1 X176.786 Y104.625 E29.75676
G1 X174.938 Y106.67 E29.92178
G1 X173.531 Y108.304 E30.05087
G1 X173.197 Y108.624 E30.07856
G1 X172.813 Y108.882 E30.10626
G1 X172.39 Y109.07 E30.13397
G1 X171.941 Y109.182 E30.16168
G1 X171.192 Y109.225 E30.20659
G1 X160.191 Y109.225 E30.8652
G1 X159.029 Y109.168 E30.93485
G1 X158.583 Y109.043 E30.96258
G1 X158.166 Y108.844 E30.99025
G1 X157.789 Y108.575 E31.01797
G1 X156.891 Y107.578 E31.0983
G1 X155.043 Y105.483 E31.26555
G1 X153.162 Y103.467 E31.43062
G1 X151.23 Y101.512 E31.59517
G1 X149.237 Y99.604 E31.76036
G1 X147.197 Y97.761 E31.92495
G1 X145.561 Y96.351 E32.05425
G1 X145.241 Y96.017 E32.08194
G1 X144.984 Y95.632 E32.10965
G1 X144.797 Y95.209 E32.13734
G1 X144.685 Y94.76 E32.16505
G1 X144.642 Y94.009 E32.21008
G1 F2400 E31.21008
G0 F4800 X160.236 Y93.631
G0 X170.752 Y93.63
G1 F2400 E32.21008
G0 F4800 X170.822 Y93.7
;TYPE:WALL-INNER
G1 F1200 X160.222 Y93.7 E32.84468
G1 X160.222 Y93.645 E32.84798
G1 X160.167 Y93.645 E32.84985
G1 X160.167 Y83.045 E33.48445
G1 X160.222 Y83.045 E33.48775
G1 X160.222 Y82.99 E33.48962
G1 X170.822 Y82.99 E34.12422
G1 X170.822 Y83.045 E34.12752
G1 X170.877 Y83.045 E34.12939
G1 X170.877 Y93.645 E34.76399
G1 X170.822 Y93.645 E34.76729
G1 X170.822 Y93.7 E34.76916
G0 F4800 X171.302 Y94.125
;TYPE:WALL-OUTER
G1 F1200 X171.302 Y94.18 E34.77245
G1 X159.742 Y94.18 E35.46453
G1 X159.742 Y94.125 E35.46782
G1 X159.687 Y94.125 E35.46969
G1 X159.687 Y82.565 E36.16177
G1 X159.742 Y82.565 E36.16506
G1 X159.742 Y82.51 E36.16694
G1 X171.302 Y82.51 E36.85901
G1 X171.302 Y82.565 E36.86231
G1 X171.357 Y82.565 E36.86418
G1 X171.357 Y94.125 E37.55626
G1 X171.302 Y94.125 E37.55813
G0 F4800 X171.302 Y94.18
G0 X171.157 Y94.18
G1 F2400 E36.55813
G0 F4800 X171.582 Y94.35
G0 X170.863 Y93.631
G0 X170.352 Y93.23
;TYPE:SKIN
G1 F2400 E37.55813
G1 F1200 X160.692 Y93.23 E38.13646
G1 X160.692 Y93.175 E38.13975
G1 X160.637 Y93.175 E38.14304
G1 X160.637 Y83.515 E38.72137
G1 X160.692 Y83.515 E38.72466
G1 X160.692 Y83.46 E38.72795
G1 X170.352 Y83.46 E39.30628
G1 X170.352 Y83.515 E39.30957
G1 X170.407 Y83.515 E39.31287
G1 X170.407 Y93.175 E39.89119
G1 X170.352 Y93.175 E39.89449
G1 X170.352 Y93.23 E39.89778
G0 F4800 X160.951 Y93.069
G1 F1200 X160.796 Y92.913 E39.91094
G0 F4800 X160.796 Y92.235
G1 F1200 X161.63 Y93.069 E39.98156
G0 F4800 X162.309 Y93.069
G1 F1200 X160.796 Y91.556 E40.10966
G0 F4800 X160.796 Y90.877
G1 F1200 X162.988 Y93.069 E40.29525
G0 F4800 X163.666 Y93.069
G1 F1200 X160.796 Y90.198 E40.53828
G0 F4800 X160.796 Y89.519
G1 F1200 X164.345 Y93.069 E40.8388
G0 F4800 X165.024 Y93.069
G1 F1200 X160.796 Y88.84 E41.19682
G0 F4800 X160.796 Y88.162
G1 F1200 X165.703 Y93.069 E41.61228
G0 F4800 X166.382 Y93.069
G1 F1200 X160.796 Y87.483 E42.08522
G0 F4800 X160.796 Y86.804
G1 F1200 X167.061 Y93.069 E42.61566
G0 F4800 X167.739 Y93.069
G1 F1200 X160.796 Y86.125 E43.20354
G0 F4800 X160.796 Y85.446
G1 F1200 X168.418 Y93.069 E43.84891
G0 F4800 X169.097 Y93.069
G1 F1200 X160.796 Y84.767 E44.55177
G0 F4800 X160.796 Y84.089
G1 F1200 X169.776 Y93.069 E45.31207
G0 F4800 X170.246 Y92.86
G1 F1200 X161.006 Y83.62 E46.09439
G0 F4800 X161.684 Y83.62
G1 F1200 X170.246 Y92.181 E46.81926
G0 F4800 X170.246 Y91.503
G1 F1200 X162.363 Y83.62 E47.48669
G0 F4800 X163.042 Y83.62
G1 F1200 X170.246 Y90.824 E48.09663
G0 F4800 X170.246 Y90.145
M104 S200
G1 F1200 X163.721 Y83.62 E48.64908
G0 F4800 X164.4 Y83.62
G1 F1200 X170.246 Y89.466 E49.14404
G0 F4800 X170.246 Y88.787
G1 F1200 X165.079 Y83.62 E49.58151
G0 F4800 X165.757 Y83.62
G1 F1200 X170.246 Y88.109 E49.96158
G0 F4800 X170.246 Y87.43
G1 F1200 X166.436 Y83.62 E50.28416
G0 F4800 X167.115 Y83.62
G1 F1200 X170.246 Y86.751 E50.54925
G0 F4800 X170.246 Y86.072
G1 F1200 X167.794 Y83.62 E50.75685
G0 F4800 X168.473 Y83.62
G1 F1200 X170.246 Y85.393 E50.90696
G0 F4800 X170.246 Y84.714
G1 F1200 X169.151 Y83.62 E50.99963
G0 F4800 X169.83 Y83.62
G1 F1200 X170.246 Y84.036 E51.03485
G1 F2400 E50.03485
;MESH:NONMESH
G0 F600 X170.246 Y84.036 Z0.5
G0 F4800 X170.807 Y93.575
G1 F2400 E51.03485
G0 F4800 X170.922 Y93.745
;TIME_ELAPSED:260.195996
;LAYER:1
G1 F2400 E50.03485
M106 S255 P1
M104 S195
;TYPE:WALL-INNER
;MESH:0530?????????.stl
G1 F2400 E51.03485
G1 F3600 X160.122 Y93.745 E51.39406
G1 X160.122 Y82.945 E51.75327
G1 X170.922 Y82.945 E52.11248
G1 X170.922 Y93.745 E52.47169
G0 F6900 X171.322 Y94.145
;TYPE:WALL-OUTER
G1 F2400 X159.722 Y94.145 E52.85751
G1 X159.722 Y82.545 E53.24332
G1 X171.322 Y82.545 E53.62914
G1 X171.322 Y94.145 E54.01496
G0 F6900 X171.122 Y94.145
G0 X170.882 Y93.705
G0 X170.532 Y93.355
;TYPE:SKIN
G1 F2400 X160.512 Y93.355 E54.34823
G1 X160.512 Y83.335 E54.68149
G1 X170.532 Y83.335 E55.01476
G1 X170.532 Y93.355 E55.34802
G0 F6900 X170.411 Y92.632
G1 F2400 X169.808 Y93.235 E55.37639
G0 F6900 X169.242 Y93.235
G1 F2400 X170.411 Y92.066 E55.43137
G0 F6900 X170.411 Y91.501
G1 F2400 X168.676 Y93.235 E55.51296
G0 F6900 X168.111 Y93.235
G1 F2400 X170.411 Y90.935 E55.62114
G0 F6900 X170.411 Y90.369
G1 F2400 X167.545 Y93.235 E55.75595
G0 F6900 X166.979 Y93.235
G1 F2400 X170.411 Y89.803 E55.91738
G0 F6900 X170.411 Y89.238
G1 F2400 X166.414 Y93.235 E56.10539
G0 F6900 X165.848 Y93.235
G1 F2400 X170.411 Y88.672 E56.32002
G0 F6900 X170.411 Y88.106
G1 F2400 X165.282 Y93.235 E56.56127
G0 F6900 X164.716 Y93.235
G1 F2400 X170.411 Y87.541 E56.82912
G0 F6900 X170.411 Y86.975
G1 F2400 X164.151 Y93.235 E57.12357
G0 F6900 X163.585 Y93.235
G1 F2400 X170.411 Y86.409 E57.44465
G0 F6900 X170.411 Y85.844
G1 F2400 X163.019 Y93.235 E57.79232
G0 F6900 X162.454 Y93.235
G1 F2400 X170.411 Y85.278 E58.1666
G0 F6900 X170.411 Y84.712
G1 F2400 X161.888 Y93.235 E58.56749
G0 F6900 X161.322 Y93.235
G1 F2400 X170.411 Y84.147 E58.99499
G0 F6900 X170.411 Y83.581
G1 F2400 X160.757 Y93.235 E59.44908
G0 F6900 X160.631 Y92.795
G1 F2400 X169.972 Y83.454 E59.88845
G0 F6900 X169.406 Y83.454
G1 F2400 X160.631 Y92.23 E60.30123
G0 F6900 X160.631 Y91.664
G1 F2400 X168.84 Y83.454 E60.68738
G0 F6900 X168.275 Y83.454
G1 F2400 X160.631 Y91.098 E61.04693
G0 F6900 X160.631 Y90.533
G1 F2400 X167.709 Y83.454 E61.37988
G0 F6900 X167.143 Y83.454
G1 F2400 X160.631 Y89.967 E61.6862
G0 F6900 X160.631 Y89.401
G1 F2400 X166.578 Y83.454 E61.96593
G0 F6900 X166.012 Y83.454
G1 F2400 X160.631 Y88.835 E62.21904
G0 F6900 X160.631 Y88.27
G1 F2400 X165.446 Y83.454 E62.44555
G0 F6900 X164.881 Y83.454
G1 F2400 X160.631 Y87.704 E62.64545
G0 F6900 X160.631 Y87.138
G1 F2400 X164.315 Y83.454 E62.81874
G0 F6900 X163.749 Y83.454
G1 F2400 X160.631 Y86.573 E62.96542
G0 F6900 X160.631 Y86.007
G1 F2400 X163.183 Y83.454 E63.08548
G0 F6900 X162.618 Y83.454
G1 F2400 X160.631 Y85.441 E63.17895
G0 F6900 X160.631 Y84.876
G1 F2400 X162.052 Y83.454 E63.24581
G0 F6900 X161.486 Y83.454
G1 F2400 X160.631 Y84.31 E63.28605
G0 F6900 X160.631 Y83.744
G1 F2400 X160.921 Y83.454 E63.29969
G1 F2400 E62.29969
G1 F600 Z2.5
G92 E0
G0 X340 F6000
M107 P1
T0
G92 E0
M105
M109 S200
M104 T1 S150
M106 S255
G1 F600 Z0.5
;MESH:0530?????????.stl
G0 F6900 X176.164 Y35.865
G0 X174.809 Y36.814
;TYPE:PRIME-TOWER
G1 F2400 E3.07876
G1 F2100 X173.446 Y39.365 E3.20863
G1 X171.606 Y41.606 E3.33882
G1 X169.365 Y43.446 E3.46902
G1 X166.814 Y44.809 E3.59888
G1 X164.044 Y45.649 E3.72885
G1 X161.16 Y45.934 E3.85898
G1 X158.275 Y45.649 E3.98915
G1 X155.505 Y44.809 E4.11912
G1 X152.954 Y43.446 E4.24899
G1 X150.713 Y41.606 E4.37918
G1 X148.873 Y39.365 E4.50938
G1 X147.51 Y36.814 E4.63925
G1 X146.67 Y34.044 E4.76921
G1 X146.386 Y31.16 E4.89934
G1 X146.67 Y28.275 E5.0295
G1 X147.51 Y25.505 E5.15947
G1 X148.873 Y22.954 E5.28934
G1 X150.713 Y20.713 E5.41953
G1 X152.954 Y18.873 E5.54973
G1 X155.505 Y17.51 E5.6796
G1 X158.275 Y16.67 E5.80957
G1 X161.16 Y16.386 E5.93973
G1 X164.044 Y16.67 E6.06985
G1 X166.814 Y17.51 E6.19982
G1 X169.365 Y18.873 E6.32969
G1 X171.606 Y20.713 E6.45989
G1 X173.446 Y22.954 E6.59008
G1 X174.809 Y25.505 E6.71995
G1 X175.649 Y28.275 E6.84992
G1 X175.934 Y31.16 E6.98009
G1 X175.649 Y34.044 E7.11021
G1 X174.809 Y36.814 E7.24018
G0 F6900 X174.391 Y36.643
G1 F2100 X173.069 Y39.115 E7.36606
G1 X171.286 Y41.286 E7.4922
G1 X169.115 Y43.069 E7.61834
G1 X166.643 Y44.391 E7.74421
G1 X163.954 Y45.205 E7.87036
G1 X161.16 Y45.481 E7.99643
G1 X158.365 Y45.205 E8.12253
G1 X155.676 Y44.391 E8.24868
G1 X153.204 Y43.069 E8.37456
G1 X151.033 Y41.286 E8.5007
G1 X149.25 Y39.115 E8.62684
G1 X147.928 Y36.643 E8.75271
G1 X147.114 Y33.955 E8.87882
G1 X146.838 Y31.16 E9.00493
G1 X147.114 Y28.364 E9.13108
G1 X147.928 Y25.676 E9.25719
G1 X149.25 Y23.204 E9.38306
G1 X151.033 Y21.033 E9.5092
G1 X153.204 Y19.25 E9.63534
G1 X155.676 Y17.928 E9.76122
G1 X158.364 Y17.114 E9.88732
G1 X161.16 Y16.838 E10.01348
G1 X163.955 Y17.114 E10.13959
G1 X166.643 Y17.928 E10.26569
G1 X169.115 Y19.25 E10.39156
G1 X171.286 Y21.033 E10.51771
G1 X173.069 Y23.204 E10.64385
G1 X174.391 Y25.676 E10.76972
G1 X175.205 Y28.365 E10.89587
G1 X175.481 Y31.16 E11.02198
G1 X175.205 Y33.954 E11.14804
G1 X174.391 Y36.643 E11.27419
G0 F6900 X173.972 Y36.47
G1 F2100 X172.694 Y38.862 E11.39597
G1 X170.966 Y40.966 E11.51822
G1 X168.862 Y42.694 E11.64047
G1 X166.47 Y43.972 E11.76224
G1 X163.867 Y44.762 E11.88438
G1 X161.16 Y45.029 E12.00652
G1 X158.452 Y44.762 E12.1287
G1 X155.849 Y43.972 E12.25084
G1 X153.457 Y42.694 E12.37261
G1 X151.353 Y40.966 E12.49486
G1 X149.625 Y38.862 E12.61711
G1 X148.347 Y36.47 E12.73889
G1 X147.557 Y33.866 E12.86107
G1 X147.291 Y31.16 E12.98316
G1 X147.557 Y28.453 E13.10529
G1 X148.347 Y25.849 E13.22748
G1 X149.625 Y23.457 E13.34925
G1 X151.353 Y21.353 E13.4715
G1 X153.457 Y19.625 E13.59375
G1 X155.849 Y18.347 E13.71552
G1 X158.453 Y17.557 E13.83771
G1 X161.16 Y17.291 E13.95984
G1 X163.866 Y17.557 E14.08193
G1 X166.47 Y18.347 E14.20411
G1 X168.862 Y19.625 E14.32588
G1 X170.966 Y21.353 E14.44813
G1 X172.694 Y23.457 E14.57038
G1 X173.972 Y25.849 E14.69216
G1 X174.762 Y28.452 E14.8143
G1 X175.029 Y31.16 E14.93648
G1 X174.762 Y33.867 E15.05862
G1 X173.972 Y36.47 E15.18076
G1 F2400 E14.18076
G0 F6900 X161.16 Y31.16
G0 X161.16 Y70.765
G0 X170.852 Y81.475
G1 F2400 E15.18076
G0 F6900 X170.922 Y81.545
;TYPE:WALL-INNER
G1 F3600 X160.122 Y81.545 E15.53997
G1 X160.122 Y70.745 E15.89918
G1 X170.922 Y70.745 E16.25839
G1 X170.922 Y81.545 E16.6176
G0 F6900 X171.322 Y81.945
;TYPE:WALL-OUTER
G1 F2400 X159.722 Y81.945 E17.00342
G1 X159.722 Y70.345 E17.38923
G1 X171.322 Y70.345 E17.77505
G1 X171.322 Y81.945 E18.16087
G0 F6900 X171.122 Y81.945
G0 X170.882 Y81.505
G0 X170.532 Y81.155
;TYPE:SKIN
G1 F2400 X160.512 Y81.155 E18.49413
G1 X160.512 Y71.135 E18.8274
G1 X170.532 Y71.135 E19.16067
G1 X170.532 Y81.155 E19.49393
G0 F6900 X170.411 Y80.753
G1 F2400 X170.129 Y81.035 E19.5072
G0 F6900 X169.563 Y81.035
G1 F2400 X170.411 Y80.187 E19.54709
G0 F6900 X170.411 Y79.621
G1 F2400 X168.997 Y81.035 E19.6136
G0 F6900 X168.432 Y81.035
G1 F2400 X170.411 Y79.055 E19.70671
G0 F6900 X170.411 Y78.49
G1 F2400 X167.866 Y81.035 E19.82641
G0 F6900 X167.3 Y81.035
G1 F2400 X170.411 Y77.924 E19.97275
G0 F6900 X170.411 Y77.358
G1 F2400 X166.735 Y81.035 E20.14568
G0 F6900 X166.169 Y81.035
G1 F2400 X170.411 Y76.793 E20.34521
G0 F6900 X170.411 Y76.227
G1 F2400 X165.603 Y81.035 E20.57136
G0 F6900 X165.038 Y81.035
G1 F2400 X170.411 Y75.661 E20.82411
G0 F6900 X170.411 Y75.096
G1 F2400 X164.472 Y81.035 E21.10347
G0 F6900 X163.906 Y81.035
G1 F2400 X170.411 Y74.53 E21.40944
G0 F6900 X170.411 Y73.964
G1 F2400 X163.34 Y81.035 E21.74204
G0 F6900 X162.775 Y81.035
G1 F2400 X170.411 Y73.399 E22.10121
G0 F6900 X170.411 Y72.833
G1 F2400 X162.209 Y81.035 E22.48701
G0 F6900 X161.643 Y81.035
G1 F2400 X170.411 Y72.267 E22.89943
G0 F6900 X170.411 Y71.702
G1 F2400 X161.078 Y81.035 E23.33843
G0 F6900 X160.631 Y80.916
G1 F2400 X170.293 Y71.254 E23.7929
G0 F6900 X169.727 Y71.254
G1 F2400 X160.631 Y80.35 E24.22075
G0 F6900 X160.631 Y79.784
G1 F2400 X169.161 Y71.254 E24.62197
G0 F6900 X168.596 Y71.254
G1 F2400 X160.631 Y79.219 E24.99662
G0 F6900 X160.631 Y78.653
G1 F2400 X168.03 Y71.254 E25.34465
G0 F6900 X167.464 Y71.254
G1 F2400 X160.631 Y78.087 E25.66605
G0 F6900 X160.631 Y77.522
G1 F2400 X166.899 Y71.254 E25.96088
G0 F6900 X166.333 Y71.254
G1 F2400 X160.631 Y76.956 E26.22908
G0 F6900 X160.631 Y76.39
G1 F2400 X165.767 Y71.254 E26.47066
G0 F6900 X165.202 Y71.254
G1 F2400 X160.631 Y75.825 E26.68567
G0 F6900 X160.631 Y75.259
G1 F2400 X164.636 Y71.254 E26.87405
G0 F6900 X164.07 Y71.254
G1 F2400 X160.631 Y74.693 E27.03581
G0 F6900 X160.631 Y74.128
G1 F2400 X163.505 Y71.254 E27.171
G0 F6900 X162.939 Y71.254
G1 F2400 X160.631 Y73.562 E27.27956
G0 F6900 X160.631 Y72.996
G1 F2400 X162.373 Y71.254 E27.3615
G0 F6900 X161.807 Y71.254
G1 F2400 X160.631 Y72.431 E27.41684
G0 F6900 X160.631 Y71.865
G1 F2400 X161.242 Y71.254 E27.44557
G1 F2400 E26.44557
G0 F6900 X170.908 Y81.531
G0 X172.336 Y82.959
G0 X183.052 Y93.675
G1 F2400 E27.44557
G0 F6900 X183.122 Y93.745
;TYPE:WALL-INNER
G1 F3600 X172.322 Y93.745 E27.80478
G1 X172.322 Y82.945 E28.16399
G1 X183.122 Y82.945 E28.5232
G1 X183.122 Y93.745 E28.88241
G0 F6900 X183.522 Y94.145
;TYPE:WALL-OUTER
G1 F2400 X171.922 Y94.145 E29.26823
G1 X171.922 Y82.545 E29.65405
G1 X183.522 Y82.545 E30.03987
G1 X183.522 Y94.145 E30.42568
G0 F6900 X183.322 Y94.145
G0 X183.082 Y93.705
G0 X182.732 Y93.355
;TYPE:SKIN
G1 F2400 X172.712 Y93.355 E30.75895
G1 X172.712 Y83.335 E31.09222
G1 X182.732 Y83.335 E31.42548
G1 X182.732 Y93.355 E31.75875
G0 F6900 X182.611 Y92.877
G1 F2400 X182.253 Y93.234 E31.77556
G0 F6900 X181.688 Y93.234
G1 F2400 X182.611 Y92.312 E31.81896
G0 F6900 X182.611 Y91.746
G1 F2400 X181.122 Y93.234 E31.88897
G0 F6900 X180.556 Y93.234
G1 F2400 X182.611 Y91.18 E31.98561
G0 F6900 X182.611 Y90.615
G1 F2400 X179.991 Y93.234 E32.10882
G0 F6900 X179.425 Y93.234
G1 F2400 X182.611 Y90.049 E32.25866
G0 F6900 X182.611 Y89.483
G1 F2400 X178.859 Y93.234 E32.43512
G0 F6900 X178.294 Y93.234
G1 F2400 X182.611 Y88.917 E32.63818
G0 F6900 X182.611 Y88.352
G1 F2400 X177.728 Y93.234 E32.86783
G0 F6900 X177.162 Y93.234
G1 F2400 X182.611 Y87.786 E33.12411
G0 F6900 X182.611 Y87.22
G1 F2400 X176.597 Y93.234 E33.40699
G0 F6900 X176.031 Y93.234
G1 F2400 X182.611 Y86.655 E33.71647
G0 F6900 X182.611 Y86.089
G1 F2400 X175.465 Y93.234 E34.05258
G0 F6900 X174.9 Y93.234
G1 F2400 X182.611 Y85.523 E34.41528
G0 F6900 X182.611 Y84.958
G1 F2400 X174.334 Y93.234 E34.80458
G0 F6900 X173.768 Y93.234
G1 F2400 X182.611 Y84.392 E35.2205
G0 F6900 X182.611 Y83.826
G1 F2400 X173.202 Y93.234 E35.66305
G0 F6900 X172.831 Y93.04
G1 F2400 X182.417 Y83.454 E36.11395
G0 F6900 X181.851 Y83.454
G1 F2400 X172.831 Y92.474 E36.53822
G0 F6900 X172.831 Y91.909
G1 F2400 X181.285 Y83.454 E36.93589
G0 F6900 X180.72 Y83.454
G1 F2400 X172.831 Y91.343 E37.30697
G0 F6900 X172.831 Y90.777
G1 F2400 X180.154 Y83.454 E37.65142
G0 F6900 X179.588 Y83.454
G1 F2400 X172.831 Y90.211 E37.96925
G0 F6900 X172.831 Y89.646
G1 F2400 X179.023 Y83.454 E38.2605
G0 F6900 X178.457 Y83.454
G1 F2400 X172.831 Y89.08 E38.52513
G0 F6900 X172.831 Y88.514
G1 F2400 X177.891 Y83.454 E38.76314
G0 F6900 X177.326 Y83.454
G1 F2400 X172.831 Y87.949 E38.97457
G0 F6900 X172.831 Y87.383
G1 F2400 X176.76 Y83.454 E39.15938
G0 F6900 X176.194 Y83.454
G1 F2400 X172.831 Y86.817 E39.31756
G0 F6900 X172.831 Y86.252
G1 F2400 X175.629 Y83.454 E39.44917
G0 F6900 X175.063 Y83.454
G1 F2400 X172.831 Y85.686 E39.55416
G0 F6900 X172.831 Y85.12
G1 F2400 X174.497 Y83.454 E39.63252
G0 F6900 X173.932 Y83.454
G1 F2400 X172.831 Y84.555 E39.68431
G0 F6900 X172.831 Y83.989
G1 F2400 X173.366 Y83.454 E39.70947
G1 F2400 E38.70947
G0 F6900 X172.336 Y93.731
G0 X170.908 Y95.159
G0 X170.852 Y105.875
G1 F2400 E39.70947
G0 F6900 X170.922 Y105.945
;TYPE:WALL-INNER
G1 F3600 X160.122 Y105.945 E40.06868
G1 X160.122 Y95.145 E40.42789
G1 X170.922 Y95.145 E40.7871
G1 X170.922 Y105.945 E41.14631
G0 F6900 X171.322 Y106.345
;TYPE:WALL-OUTER
G1 F2400 X159.722 Y106.345 E41.53213
G1 X159.722 Y94.745 E41.91795
G1 X171.322 Y94.745 E42.30376
G1 X171.322 Y106.345 E42.68958
G0 F6900 X171.122 Y106.345
G0 X170.882 Y105.905
G0 X170.532 Y105.555
;TYPE:SKIN
G1 F2400 X160.512 Y105.555 E43.02285
G1 X160.512 Y95.535 E43.35611
G1 X170.532 Y95.535 E43.68938
G1 X170.532 Y105.555 E44.02265
G0 F6900 X170.411 Y105.077
G1 F2400 X170.053 Y105.435 E44.03949
G0 F6900 X169.487 Y105.435
G1 F2400 X170.411 Y104.511 E44.08295
G0 F6900 X170.411 Y103.946
G1 F2400 X168.922 Y105.435 E44.15299
G0 F6900 X168.356 Y105.435
G1 F2400 X170.411 Y103.38 E44.24965
G0 F6900 X170.411 Y102.814
G1 F2400 X167.79 Y105.435 E44.37293
G0 F6900 X167.225 Y105.435
G1 F2400 X170.411 Y102.249 E44.52279
G0 F6900 X170.411 Y101.683
G1 F2400 X166.659 Y105.435 E44.69927
G0 F6900 X166.093 Y105.435
G1 F2400 X170.411 Y101.117 E44.90238
G0 F6900 X170.411 Y100.551
G1 F2400 X165.528 Y105.435 E45.13208
G0 F6900 X164.962 Y105.435
G1 F2400 X170.411 Y99.986 E45.38839
G0 F6900 X170.411 Y99.42
G1 F2400 X164.396 Y105.435 E45.67131
G0 F6900 X163.83 Y105.435
G1 F2400 X170.411 Y98.854 E45.98086
G0 F6900 X170.411 Y98.289
G1 F2400 X163.265 Y105.435 E46.31699
G0 F6900 X162.699 Y105.435
G1 F2400 X170.411 Y97.723 E46.67974
G0 F6900 X170.411 Y97.157
G1 F2400 X162.133 Y105.435 E47.06911
G0 F6900 X161.568 Y105.435
G1 F2400 X170.411 Y96.592 E47.48506
G0 F6900 X170.411 Y96.026
G1 F2400 X161.002 Y105.435 E47.92763
G0 F6900 X160.631 Y105.24
G1 F2400 X170.217 Y95.654 E48.37853
G0 F6900 X169.651 Y95.654
G1 F2400 X160.631 Y104.675 E48.80282
G0 F6900 X160.631 Y104.109
G1 F2400 X169.086 Y95.654 E49.20052
G0 F6900 X168.52 Y95.654
G1 F2400 X160.631 Y103.543 E49.57159
G0 F6900 X160.631 Y102.978
G1 F2400 X167.954 Y95.654 E49.91607
G0 F6900 X167.389 Y95.654
G1 F2400 X160.631 Y102.412 E50.23394
G0 F6900 X160.631 Y101.846
G1 F2400 X166.823 Y95.654 E50.5252
G0 F6900 X166.257 Y95.654
G1 F2400 X160.631 Y101.281 E50.78985
G0 F6900 X160.631 Y100.715
G1 F2400 X165.692 Y95.654 E51.0279
G0 F6900 X165.126 Y95.654
G1 F2400 X160.631 Y100.149 E51.23934
G0 F6900 X160.631 Y99.583
G1 F2400 X164.56 Y95.654 E51.42414
G0 F6900 X163.995 Y95.654
G1 F2400 X160.631 Y99.018 E51.58238
G0 F6900 X160.631 Y98.452
G1 F2400 X163.429 Y95.654 E51.71399
G0 F6900 X162.863 Y95.654
G1 F2400 X160.631 Y97.886 E51.81897
G0 F6900 X160.631 Y97.321
G1 F2400 X162.297 Y95.654 E51.89736
G0 F6900 X161.732 Y95.654
G1 F2400 X160.631 Y96.755 E51.94915
G0 F6900 X160.631 Y96.189
G1 F2400 X161.166 Y95.654 E51.97431
G1 F2400 E50.97431
G0 F6900 X160.136 Y95.159
G0 X158.708 Y93.731
G1 F2400 E51.97431
G0 F6900 X158.722 Y93.745
;TYPE:WALL-INNER
G1 F3600 X147.922 Y93.745 E52.33352
G1 X147.922 Y82.945 E52.69273
G1 X158.722 Y82.945 E53.05194
G1 X158.722 Y93.745 E53.41115
G0 F6900 X159.122 Y94.145
;TYPE:WALL-OUTER
G1 F2400 X147.522 Y94.145 E53.79697
G1 X147.522 Y82.545 E54.18278
G1 X159.122 Y82.545 E54.5686
G1 X159.122 Y94.145 E54.95442
G0 F6900 X158.922 Y94.145
G0 X158.682 Y93.705
G0 X158.332 Y93.355
;TYPE:SKIN
G1 F2400 X148.312 Y93.355 E55.28769
G1 X148.312 Y83.335 E55.62095
G1 X158.332 Y83.335 E55.95422
G1 X158.332 Y93.355 E56.28749
G0 F6900 X158.21 Y92.953
G1 F2400 X157.929 Y93.234 E56.3007
G0 F6900 X157.363 Y93.234
G1 F2400 X158.21 Y92.387 E56.34054
G0 F6900 X158.21 Y91.822
G1 F2400 X156.798 Y93.234 E56.40696
G0 F6900 X156.232 Y93.234
G1 F2400 X158.21 Y91.256 E56.5
G0 F6900 X158.21 Y90.69
G1 F2400 X155.666 Y93.234 E56.61966
G0 F6900 X155.101 Y93.234
G1 F2400 X158.21 Y90.125 E56.7659
G0 F6900 X158.21 Y89.559
G1 F2400 X154.535 Y93.234 E56.93876
G0 F6900 X153.969 Y93.234
G1 F2400 X158.21 Y88.993 E57.13824
G0 F6900 X158.21 Y88.427
G1 F2400 X153.403 Y93.234 E57.36435
G0 F6900 X152.838 Y93.234
G1 F2400 X158.21 Y87.862 E57.61703
G0 F6900 X158.21 Y87.296
G1 F2400 X152.272 Y93.234 E57.89634
G0 F6900 X151.706 Y93.234
G1 F2400 X158.21 Y86.73 E58.20226
G0 F6900 X158.21 Y86.165
G1 F2400 X151.141 Y93.234 E58.53477
G0 F6900 X150.575 Y93.234
G1 F2400 X158.21 Y85.599 E58.8939
G0 F6900 X158.21 Y85.033
G1 F2400 X150.009 Y93.234 E59.27965
G0 F6900 X149.444 Y93.234
G1 F2400 X158.21 Y84.468 E59.69197
G0 F6900 X158.21 Y83.902
G1 F2400 X148.878 Y93.234 E60.13092
G0 F6900 X148.431 Y93.116
G1 F2400 X158.092 Y83.454 E60.58537
G0 F6900 X157.527 Y83.454
G1 F2400 X148.431 Y92.55 E61.01322
G0 F6900 X148.431 Y91.984
G1 F2400 X156.961 Y83.454 E61.41444
G0 F6900 X156.395 Y83.454
G1 F2400 X148.431 Y91.419 E61.78907
G0 F6900 X148.431 Y90.853
G1 F2400 X155.83 Y83.454 E62.13709
G0 F6900 X155.264 Y83.454
G1 F2400 X148.431 Y90.287 E62.4585
G0 F6900 X148.431 Y89.721
G1 F2400 X154.698 Y83.454 E62.75328
G0 F6900 X154.133 Y83.454
G1 F2400 X148.431 Y89.156 E63.02148
G0 F6900 X148.431 Y88.59
G1 F2400 X153.567 Y83.454 E63.26306
G0 F6900 X153.001 Y83.454
G1 F2400 X148.431 Y88.024 E63.47802
G0 F6900 X148.431 Y87.459
G1 F2400 X152.435 Y83.454 E63.66638
G0 F6900 X151.87 Y83.454
G1 F2400 X148.431 Y86.893 E63.82814
G0 F6900 X148.431 Y86.327
G1 F2400 X151.304 Y83.454 E63.96328
G0 F6900 X150.738 Y83.454
G1 F2400 X148.431 Y85.762 E64.07182
G0 F6900 X148.431 Y85.196
G1 F2400 X150.173 Y83.454 E64.15375
G0 F6900 X149.607 Y83.454
G1 F2400 X148.431 Y84.63 E64.20907
G0 F6900 X148.431 Y84.065
G1 F2400 X149.041 Y83.454 E64.23779
G1 F2400 E63.23779
;MESH:NONMESH
G0 F600 X149.041 Y83.454 Z0.7
G0 F6900 X158.708 Y82.959
G0 X174.209 Y40.045
;TIME_ELAPSED:319.548324
;LAYER:2
;MESH:0530?????????.stl
G0 F9000 X173.446 Y39.365
;TYPE:PRIME-TOWER
G1 F2400 E64.23779
G1 F3000 X171.606 Y41.606 E64.36798
G1 X169.365 Y43.446 E64.49818
G1 X166.814 Y44.809 E64.62804
G1 X164.044 Y45.649 E64.75801
G1 X161.16 Y45.934 E64.88814
G1 X158.275 Y45.649 E65.01831
G1 X155.505 Y44.809 E65.14828
G1 X152.954 Y43.446 E65.27815
G1 X150.713 Y41.606 E65.40834
G1 X148.873 Y39.365 E65.53854
G1 X147.51 Y36.814 E65.6684
G1 X146.67 Y34.044 E65.79837
G1 X146.386 Y31.16 E65.9285
G1 X146.67 Y28.275 E66.05866
G1 X147.51 Y25.505 E66.18863
G1 X148.873 Y22.954 E66.3185
G1 X150.713 Y20.713 E66.44869
G1 X152.954 Y18.873 E66.57889
G1 X155.505 Y17.51 E66.70876
G1 X158.275 Y16.67 E66.83873
G1 X161.16 Y16.386 E66.96889
G1 X164.044 Y16.67 E67.09901
G1 X166.814 Y17.51 E67.22898
G1 X169.365 Y18.873 E67.35885
G1 X171.606 Y20.713 E67.48905
G1 X173.446 Y22.954 E67.61924
G1 X174.809 Y25.505 E67.74911
G1 X175.649 Y28.275 E67.87908
G1 X175.934 Y31.16 E68.00925
G1 X175.649 Y34.044 E68.13937
G1 X174.809 Y36.814 E68.26934
G1 X173.446 Y39.365 E68.39921
G0 F9000 X173.069 Y39.115
G1 F3000 X171.286 Y41.286 E68.52535
G1 X169.115 Y43.069 E68.6515
G1 X166.643 Y44.391 E68.77737
G1 X163.954 Y45.205 E68.90352
G1 X161.16 Y45.481 E69.02958
G1 X158.365 Y45.205 E69.15569
G1 X155.676 Y44.391 E69.28184
G1 X153.204 Y43.069 E69.40771
G1 X151.033 Y41.286 E69.53385
G1 X149.25 Y39.115 E69.66
G1 X147.928 Y36.643 E69.78587
G1 X147.114 Y33.955 E69.91197
G1 X146.838 Y31.16 E70.03808
G1 X147.114 Y28.364 E70.16424
G1 X147.928 Y25.676 E70.29035
G1 X149.25 Y23.204 E70.41622
G1 X151.033 Y21.033 E70.54236
G1 X153.204 Y19.25 E70.6685
G1 X155.676 Y17.928 E70.79437
G1 X158.364 Y17.114 E70.92048
G1 X161.16 Y16.838 E71.04663
G1 X163.955 Y17.114 E71.17274
G1 X166.643 Y17.928 E71.29885
G1 X169.115 Y19.25 E71.42472
G1 X171.286 Y21.033 E71.55086
G1 X173.069 Y23.204 E71.67701
G1 X174.391 Y25.676 E71.80288
G1 X175.205 Y28.365 E71.92903
G1 X175.481 Y31.16 E72.05514
G1 X175.205 Y33.954 E72.1812
G1 X174.391 Y36.643 E72.30735
G1 X173.069 Y39.115 E72.43322
G0 F9000 X172.694 Y38.862
M104 T1 S200
G1 F3000 X170.966 Y40.966 E72.55547
G1 X168.862 Y42.694 E72.67772
G1 X166.47 Y43.972 E72.79949
G1 X163.867 Y44.762 E72.92164
G1 X161.16 Y45.029 E73.04377
G1 X158.452 Y44.762 E73.16595
G1 X155.849 Y43.972 E73.2881
G1 X153.457 Y42.694 E73.40987
G1 X151.353 Y40.966 E73.53212
G1 X149.625 Y38.862 E73.65437
G1 X148.347 Y36.47 E73.77614
G1 X147.557 Y33.866 E73.89833
G1 X147.291 Y31.16 E74.02041
G1 X147.557 Y28.453 E74.14255
G1 X148.347 Y25.849 E74.26473
G1 X149.625 Y23.457 E74.3865
G1 X151.353 Y21.353 E74.50875
G1 X153.457 Y19.625 E74.631
G1 X155.849 Y18.347 E74.75278
G1 X158.453 Y17.557 E74.87496
G1 X161.16 Y17.291 E74.99709
G1 X163.866 Y17.557 E75.11918
G1 X166.47 Y18.347 E75.24137
G1 X168.862 Y19.625 E75.36314
G1 X170.966 Y21.353 E75.48539
G1 X172.694 Y23.457 E75.60764
G1 X173.972 Y25.849 E75.72941
G1 X174.762 Y28.452 E75.85155
G1 X175.029 Y31.16 E75.97374
G1 X174.762 Y33.867 E76.09587
G1 X173.972 Y36.47 E76.21801
G1 X172.694 Y38.862 E76.33979
G1 F2400 E75.33979
G0 F9000 X158.708 Y82.959
G0 X158.652 Y93.675
G1 F2400 E76.33979
G0 F9000 X158.722 Y93.745
;TYPE:WALL-INNER
G1 F6000 X147.922 Y93.745 E76.699
G1 X147.922 Y82.945 E77.05821
G1 X158.722 Y82.945 E77.41742
G1 X158.722 Y93.745 E77.77662
G0 F9000 X159.122 Y94.145
;TYPE:WALL-OUTER
G1 F3600 X147.522 Y94.145 E78.16244
G1 X147.522 Y82.545 E78.54826
G1 X159.122 Y82.545 E78.93408
G1 X159.122 Y94.145 E79.31989
G0 F9000 X158.922 Y94.145
G0 X158.682 Y93.705
G0 X158.332 Y93.355
;TYPE:SKIN
G1 F3600 X148.312 Y93.355 E79.65316
G1 X148.312 Y83.335 E79.98643
G1 X158.332 Y83.335 E80.31969
G1 X158.332 Y93.355 E80.65296
G0 F9000 X158.211 Y83.541
G1 F3600 X158.125 Y83.454 E80.65703
G0 F9000 X157.559 Y83.454
G1 F3600 X158.211 Y84.106 E80.6877
G0 F9000 X158.211 Y84.672
G1 F3600 X156.993 Y83.454 E80.74499
G0 F9000 X156.428 Y83.454
G1 F3600 X158.211 Y85.238 E80.82888
G0 F9000 X158.211 Y85.803
G1 F3600 X155.862 Y83.454 E80.93937
G0 F9000 X155.296 Y83.454
G1 F3600 X158.211 Y86.369 E81.07648
G0 F9000 X158.211 Y86.935
G1 F3600 X154.731 Y83.454 E81.24019
G0 F9000 X154.165 Y83.454
G1 F3600 X158.211 Y87.5 E81.43051
G0 F9000 X158.211 Y88.066
G1 F3600 X153.599 Y83.454 E81.64744
G0 F9000 X153.034 Y83.454
G1 F3600 X158.211 Y88.632 E81.89097
G0 F9000 X158.211 Y89.197
G1 F3600 X152.468 Y83.454 E82.16111
G0 F9000 X151.902 Y83.454
G1 F3600 X158.211 Y89.763 E82.45786
G0 F9000 X158.211 Y90.329
G1 F3600 X151.337 Y83.454 E82.78122
G0 F9000 X150.771 Y83.454
G1 F3600 X158.211 Y90.895 E83.1312
G0 F9000 X158.211 Y91.46
G1 F3600 X150.205 Y83.454 E83.50777
G0 F9000 X149.64 Y83.454
G1 F3600 X158.211 Y92.026 E83.91095
G0 F9000 X158.211 Y92.592
G1 F3600 X149.074 Y83.454 E84.34075
G0 F9000 X148.508 Y83.454
G1 F3600 X158.211 Y93.157 E84.79715
G0 F9000 X157.722 Y93.234
G1 F3600 X148.43 Y83.942 E85.23422
G0 F9000 X148.43 Y84.508
G1 F3600 X157.157 Y93.234 E85.64469
G0 F9000 X156.591 Y93.234
G1 F3600 X148.43 Y85.074 E86.02853
G0 F9000 X148.43 Y85.639
G1 F3600 X156.025 Y93.234 E86.38578
G0 F9000 X155.46 Y93.234
G1 F3600 X148.43 Y86.205 E86.71642
G0 F9000 X148.43 Y86.771
G1 F3600 X154.894 Y93.234 E87.02045
G0 F9000 X154.328 Y93.234
G1 F3600 X148.43 Y87.336 E87.29787
G0 F9000 X148.43 Y87.902
G1 F3600 X153.763 Y93.234 E87.54869
G0 F9000 X153.197 Y93.234
G1 F3600 X148.43 Y88.468 E87.77289
G0 F9000 X148.43 Y89.033
G1 F3600 X152.631 Y93.234 E87.9705
G0 F9000 X152.066 Y93.234
G1 F3600 X148.43 Y89.599 E88.1415
G0 F9000 X148.43 Y90.165
G1 F3600 X151.5 Y93.234 E88.28588
G0 F9000 X150.934 Y93.234
G1 F3600 X148.43 Y90.73 E88.40366
G0 F9000 X148.43 Y91.296
G1 F3600 X150.369 Y93.234 E88.49484
G0 F9000 X149.803 Y93.234
G1 F3600 X148.43 Y91.862 E88.5594
G0 F9000 X148.43 Y92.428
G1 F3600 X149.237 Y93.234 E88.59733
G0 F9000 X148.672 Y93.234
G1 F3600 X148.43 Y92.993 E88.60869
G1 F2400 E87.60869
G0 F9000 X158.708 Y93.731
G0 X160.136 Y95.159
G0 X170.852 Y105.875
G1 F2400 E88.60869
G0 F9000 X170.922 Y105.945
;TYPE:WALL-INNER
G1 F6000 X160.122 Y105.945 E88.9679
G1 X160.122 Y95.145 E89.32711
G1 X170.922 Y95.145 E89.68632
G1 X170.922 Y105.945 E90.04553
G0 F9000 X171.322 Y106.345
;TYPE:WALL-OUTER
G1 F3600 X159.722 Y106.345 E90.43135
G1 X159.722 Y94.745 E90.81717
G1 X171.322 Y94.745 E91.20298
G1 X171.322 Y106.345 E91.5888
G0 F9000 X171.122 Y106.345
G0 X170.882 Y105.905
G0 X170.532 Y105.555
;TYPE:SKIN
G1 F3600 X160.512 Y105.555 E91.92207
G1 X160.512 Y95.535 E92.25534
G1 X170.532 Y95.535 E92.5886
G1 X170.532 Y105.555 E92.92187
G0 F9000 X170.411 Y95.74
G1 F3600 X170.325 Y95.655 E92.92589
G0 F9000 X169.76 Y95.655
G1 F3600 X170.411 Y96.306 E92.95651
G0 F9000 X170.411 Y96.872
G1 F3600 X169.194 Y95.655 E93.01376
G0 F9000 X168.628 Y95.655
G1 F3600 X170.411 Y97.437 E93.0976
G0 F9000 X170.411 Y98.003
G1 F3600 X168.063 Y95.655 E93.20804
G0 F9000 X167.497 Y95.655
G1 F3600 X170.411 Y98.569 E93.34511
G0 F9000 X170.411 Y99.134
G1 F3600 X166.931 Y95.655 E93.50877
G0 F9000 X166.365 Y95.655
G1 F3600 X170.411 Y99.7 E93.69906
G0 F9000 X170.411 Y100.266
G1 F3600 X165.8 Y95.655 E93.91595
G0 F9000 X165.234 Y95.655
G1 F3600 X170.411 Y100.832 E94.15946
G0 F9000 X170.411 Y101.397
G1 F3600 X164.668 Y95.655 E94.42957
G0 F9000 X164.103 Y95.655
G1 F3600 X170.411 Y101.963 E94.72628
G0 F9000 X170.411 Y102.529
G1 F3600 X163.537 Y95.655 E95.04961
G0 F9000 X162.971 Y95.655
G1 F3600 X170.411 Y103.094 E95.39954
G0 F9000 X170.411 Y103.66
G1 F3600 X162.406 Y95.655 E95.77607
G0 F9000 X161.84 Y95.655
G1 F3600 X170.411 Y104.226 E96.17922
G0 F9000 X170.411 Y104.791
G1 F3600 X161.274 Y95.655 E96.60898
G0 F9000 X160.709 Y95.655
G1 F3600 X170.411 Y105.357 E97.06533
G0 F9000 X169.922 Y105.434
G1 F3600 X160.631 Y96.143 E97.50235
G0 F9000 X160.631 Y96.708
G1 F3600 X169.357 Y105.434 E97.91279
G0 F9000 X168.791 Y105.434
G1 F3600 X160.631 Y97.274 E98.29661
G0 F9000 X160.631 Y97.84
G1 F3600 X168.225 Y105.434 E98.65381
G0 F9000 X167.659 Y105.434
G1 F3600 X160.631 Y98.405 E98.98441
G0 F9000 X160.631 Y98.971
G1 F3600 X167.094 Y105.434 E99.28841
G0 F9000 X166.528 Y105.434
G1 F3600 X160.631 Y99.537 E99.56579
G0 F9000 X160.631 Y100.102
G1 F3600 X165.962 Y105.434 E99.81657
G0 F9000 X165.397 Y105.434
G1 F3600 X160.631 Y100.668 E100.04074
G0 F9000 X160.631 Y101.234
G1 F3600 X164.831 Y105.434 E100.2383
G0 F9000 X164.265 Y105.434
G1 F3600 X160.631 Y101.8 E100.40923
G0 F9000 X160.631 Y102.365
G1 F3600 X163.7 Y105.434 E100.55359
G0 F9000 X163.134 Y105.434
G1 F3600 X160.631 Y102.931 E100.67132
G0 F9000 X160.631 Y103.497
G1 F3600 X162.568 Y105.434 E100.76243
G0 F9000 X162.003 Y105.434
G1 F3600 X160.631 Y104.062 E100.82697
G0 F9000 X160.631 Y104.628
G1 F3600 X161.437 Y105.434 E100.86488
G0 F9000 X160.871 Y105.434
G1 F3600 X160.631 Y105.194 E100.87617
G1 F2400 E99.87617
G0 F9000 X170.908 Y95.159
G0 X172.336 Y93.731
G0 X183.052 Y93.675
G1 F2400 E100.87617
G0 F9000 X183.122 Y93.745
;TYPE:WALL-INNER
G1 F6000 X172.322 Y93.745 E101.23538
G1 X172.322 Y82.945 E101.59459
G1 X183.122 Y82.945 E101.9538
G1 X183.122 Y93.745 E102.313
G0 F9000 X183.522 Y94.145
;TYPE:WALL-OUTER
G1 F3600 X171.922 Y94.145 E102.69882
G1 X171.922 Y82.545 E103.08464
G1 X183.522 Y82.545 E103.47046
G1 X183.522 Y94.145 E103.85628
G0 F9000 X183.322 Y94.145
G0 X183.082 Y93.705
G0 X182.732 Y93.355
;TYPE:SKIN
G1 F3600 X172.712 Y93.355 E104.18954
G1 X172.712 Y83.335 E104.52281
G1 X182.732 Y83.335 E104.85607
G1 X182.732 Y93.355 E105.18934
G0 F9000 X182.611 Y83.616
G1 F3600 X182.449 Y83.454 E105.19696
G0 F9000 X181.884 Y83.454
G1 F3600 X182.611 Y84.182 E105.23118
G0 F9000 X182.611 Y84.748
G1 F3600 X181.318 Y83.454 E105.29202
G0 F9000 X180.752 Y83.454
G1 F3600 X182.611 Y85.313 E105.37946
G0 F9000 X182.611 Y85.879
G1 F3600 X180.187 Y83.454 E105.49351
G0 F9000 X179.621 Y83.454
G1 F3600 X182.611 Y86.445 E105.63417
G0 F9000 X182.611 Y87.01
G1 F3600 X179.055 Y83.454 E105.80143
G0 F9000 X178.49 Y83.454
G1 F3600 X182.611 Y87.576 E105.9953
G0 F9000 X182.611 Y88.142
G1 F3600 X177.924 Y83.454 E106.21578
G0 F9000 X177.358 Y83.454
G1 F3600 X182.611 Y88.707 E106.46287
G0 F9000 X182.611 Y89.273
G1 F3600 X176.792 Y83.454 E106.73657
G0 F9000 X176.227 Y83.454
G1 F3600 X182.611 Y89.839 E107.03688
G0 F9000 X182.611 Y90.405
G1 F3600 X175.661 Y83.454 E107.36381
G0 F9000 X175.095 Y83.454
G1 F3600 X182.611 Y90.97 E107.71734
G0 F9000 X182.611 Y91.536
G1 F3600 X174.53 Y83.454 E108.09747
G0 F9000 X173.964 Y83.454
G1 F3600 X182.611 Y92.102 E108.50422
G0 F9000 X182.611 Y92.667
G1 F3600 X173.398 Y83.454 E108.93757
G0 F9000 X172.833 Y83.454
G1 F3600 X182.611 Y93.233 E109.39752
G0 F9000 X182.047 Y93.234
G1 F3600 X172.831 Y84.018 E109.83102
G0 F9000 X172.831 Y84.584
G1 F3600 X181.481 Y93.234 E110.23789
G0 F9000 X180.916 Y93.234
G1 F3600 X172.831 Y85.149 E110.61818
G0 F9000 X172.831 Y85.715
G1 F3600 X180.35 Y93.234 E110.97185
G0 F9000 X179.784 Y93.234
G1 F3600 X172.831 Y86.281 E111.2989
G0 F9000 X172.831 Y86.846
G1 F3600 X179.219 Y93.234 E111.59937
G0 F9000 X178.653 Y93.234
G1 F3600 X172.831 Y87.412 E111.87322
G0 F9000 X172.831 Y87.978
G1 F3600 X178.087 Y93.234 E112.12045
G0 F9000 X177.521 Y93.234
G1 F3600 X172.831 Y88.543 E112.34107
G0 F9000 X172.831 Y89.109
G1 F3600 X176.956 Y93.234 E112.5351
G0 F9000 X176.39 Y93.234
G1 F3600 X172.831 Y89.675 E112.7025
G0 F9000 X172.831 Y90.24
G1 F3600 X175.824 Y93.234 E112.84331
G0 F9000 X175.259 Y93.234
G1 F3600 X172.831 Y90.806 E112.95751
G0 F9000 X172.831 Y91.372
G1 F3600 X174.693 Y93.234 E113.0451
G0 F9000 X174.127 Y93.234
G1 F3600 X172.831 Y91.938 E113.10606
G0 F9000 X172.831 Y92.503
G1 F3600 X173.562 Y93.234 E113.14044
G0 F9000 X172.996 Y93.234
G1 F3600 X172.831 Y93.069 E113.1482
G1 F2400 E112.1482
G0 F9000 X172.336 Y82.959
G0 X170.908 Y81.531
G1 F2400 E113.1482
G0 F9000 X170.922 Y81.545
;TYPE:WALL-INNER
G1 F6000 X160.122 Y81.545 E113.50741
G1 X160.122 Y70.745 E113.86662
G1 X170.922 Y70.745 E114.22583
G1 X170.922 Y81.545 E114.58504
G0 F9000 X171.322 Y81.945
;TYPE:WALL-OUTER
G1 F3600 X159.722 Y81.945 E114.97086
G1 X159.722 Y70.345 E115.35668
G1 X171.322 Y70.345 E115.74249
G1 X171.322 Y81.945 E116.12831
G0 F9000 X171.122 Y81.945
G0 X170.882 Y81.505
G0 X170.532 Y81.155
;TYPE:SKIN
G1 F3600 X160.512 Y81.155 E116.46158
G1 X160.512 Y71.135 E116.79484
G1 X170.532 Y71.135 E117.12811
G1 X170.532 Y81.155 E117.46138
G0 F9000 X170.411 Y71.416
G1 F3600 X170.25 Y71.255 E117.46895
G0 F9000 X169.684 Y71.255
G1 F3600 X170.411 Y71.982 E117.50315
G0 F9000 X170.411 Y72.547
G1 F3600 X169.118 Y71.255 E117.56394
G0 F9000 X168.553 Y71.255
G1 F3600 X170.411 Y73.113 E117.65134
G0 F9000 X170.411 Y73.679
G1 F3600 X167.987 Y71.255 E117.76535
G0 F9000 X167.421 Y71.255
G1 F3600 X170.411 Y74.244 E117.90597
G0 F9000 X170.411 Y74.81
G1 F3600 X166.855 Y71.255 E118.07321
G0 F9000 X166.29 Y71.255
G1 F3600 X170.411 Y75.376 E118.26705
G0 F9000 X170.411 Y75.941
G1 F3600 X165.724 Y71.255 E118.48749
G0 F9000 X165.158 Y71.255
G1 F3600 X170.411 Y76.507 E118.73455
G0 F9000 X170.411 Y77.073
G1 F3600 X164.593 Y71.255 E119.00821
G0 F9000 X164.027 Y71.255
G1 F3600 X170.411 Y77.638 E119.30847
G0 F9000 X170.411 Y78.204
G1 F3600 X163.461 Y71.255 E119.63535
G0 F9000 X162.896 Y71.255
G1 F3600 X170.411 Y78.77 E119.98884
G0 F9000 X170.411 Y79.335
G1 F3600 X162.33 Y71.255 E120.36892
G0 F9000 X161.764 Y71.255
M104 S195
G1 F3600 X170.411 Y79.901 E120.77562
G0 F9000 X170.411 Y80.467
G1 F3600 X161.199 Y71.255 E121.20893
G0 F9000 X160.633 Y71.255
G1 F3600 X170.411 Y81.033 E121.66885
G0 F9000 X169.847 Y81.034
G1 F3600 X160.631 Y71.818 E122.10235
G0 F9000 X160.631 Y72.384
G1 F3600 X169.281 Y81.034 E122.50922
G0 F9000 X168.715 Y81.034
G1 F3600 X160.631 Y72.95 E122.88946
G0 F9000 X160.631 Y73.515
G1 F3600 X168.149 Y81.034 E123.24311
G0 F9000 X167.584 Y81.034
G1 F3600 X160.631 Y74.081 E123.57016
G0 F9000 X160.631 Y74.647
G1 F3600 X167.018 Y81.034 E123.87058
G0 F9000 X166.452 Y81.034
G1 F3600 X160.631 Y75.212 E124.14441
G0 F9000 X160.631 Y75.778
G1 F3600 X165.887 Y81.034 E124.39163
G0 F9000 X165.321 Y81.034
G1 F3600 X160.631 Y76.344 E124.61224
G0 F9000 X160.631 Y76.909
G1 F3600 X164.755 Y81.034 E124.80624
G0 F9000 X164.19 Y81.034
G1 F3600 X160.631 Y77.475 E124.97365
G0 F9000 X160.631 Y78.041
G1 F3600 X163.624 Y81.034 E125.11443
G0 F9000 X163.058 Y81.034
G1 F3600 X160.631 Y78.606 E125.22861
G0 F9000 X160.631 Y79.172
G1 F3600 X162.493 Y81.034 E125.31619
G0 F9000 X161.927 Y81.034
G1 F3600 X160.631 Y79.738 E125.37715
G0 F9000 X160.631 Y80.303
G1 F3600 X161.361 Y81.034 E125.41151
G0 F9000 X160.796 Y81.034
G1 F3600 X160.631 Y80.869 E125.41927
G1 F2400 E124.41927
G1 F600 Z2.7
G92 E0
G0 X-20 F6000
M107
T1
G92 E0
M105
M109 S200
M104 T0 S200
M106 S255 P1
G1 F600 Z0.7
;MESH:0530?????????.stl
G0 F9000 X166.937 Y45.838
G0 X166.295 Y43.556
;TYPE:PRIME-TOWER
G1 F2400 E3.07876
G1 F3000 X163.777 Y44.319 E3.1969
G1 X161.16 Y44.578 E3.31498
G1 X158.542 Y44.319 E3.4331
G1 X156.024 Y43.556 E3.55124
G1 X153.704 Y42.316 E3.66936
G1 X151.672 Y40.647 E3.78743
G1 X150.003 Y38.615 E3.9055
G1 X148.763 Y36.295 E4.02361
G1 X148 Y33.776 E4.14179
G1 X147.742 Y31.16 E4.25983
G1 X148 Y28.543 E4.3779
G1 X148.763 Y26.024 E4.49608
G1 X150.003 Y23.704 E4.6142
G1 X151.672 Y21.672 E4.73227
G1 X153.704 Y20.003 E4.85034
G1 X156.024 Y18.763 E4.96846
G1 X158.543 Y18 E5.08664
G1 X161.16 Y17.742 E5.20471
G1 X163.776 Y18 E5.32274
G1 X166.295 Y18.763 E5.44093
G1 X168.615 Y20.003 E5.55904
G1 X170.647 Y21.672 E5.67711
G1 X172.316 Y23.704 E5.79518
G1 X173.556 Y26.024 E5.9133
G1 X174.319 Y28.542 E6.03144
G1 X174.578 Y31.16 E6.14956
G1 X174.319 Y33.777 E6.26764
G1 X173.556 Y36.295 E6.38578
G1 X172.316 Y38.615 E6.5039
G1 X170.647 Y40.647 E6.62197
G1 X168.615 Y42.316 E6.74004
G1 X166.295 Y43.556 E6.85815
G0 F9000 X166.12 Y43.139
G1 F3000 X163.688 Y43.876 E6.97226
G1 X161.16 Y44.125 E7.08632
G1 X158.631 Y43.876 E7.20042
G1 X156.199 Y43.139 E7.31453
G1 X153.955 Y41.939 E7.42879
G1 X151.992 Y40.327 E7.54284
G1 X150.38 Y38.364 E7.65689
G1 X149.18 Y36.12 E7.77115
G1 X148.443 Y33.688 E7.88525
G1 X148.194 Y31.16 E7.99931
G1 X148.443 Y28.631 E8.11342
G1 X149.18 Y26.199 E8.22752
G1 X150.38 Y23.955 E8.34178
G1 X151.992 Y21.992 E8.45583
G1 X153.955 Y20.38 E8.56988
G1 X156.199 Y19.18 E8.68415
G1 X158.631 Y18.443 E8.79825
G1 X161.16 Y18.194 E8.91235
G1 X163.688 Y18.443 E9.02641
G1 X166.12 Y19.18 E9.14052
G1 X168.364 Y20.38 E9.25478
G1 X170.327 Y21.992 E9.36883
G1 X171.939 Y23.955 E9.48288
G1 X173.139 Y26.199 E9.59714
G1 X173.876 Y28.631 E9.71124
G1 X174.125 Y31.16 E9.82535
G1 X173.876 Y33.688 E9.93941
G1 X173.139 Y36.12 E10.05351
G1 X171.939 Y38.364 E10.16777
G1 X170.327 Y40.327 E10.28182
G1 X168.364 Y41.939 E10.39588
G1 X166.12 Y43.139 E10.51014
G0 F9000 X165.949 Y42.72
G1 F3000 X163.598 Y43.432 E10.62043
G1 X161.16 Y43.673 E10.73044
G1 X158.721 Y43.432 E10.84048
G1 X156.37 Y42.72 E10.95078
G1 X154.205 Y41.563 E11.061
G1 X152.311 Y40.008 E11.17104
G1 X150.756 Y38.114 E11.28107
G1 X149.599 Y35.949 E11.39129
G1 X148.887 Y33.598 E11.50159
G1 X148.647 Y31.16 E11.61159
G1 X148.887 Y28.721 E11.72163
G1 X149.599 Y26.37 E11.83193
G1 X150.756 Y24.205 E11.94215
G1 X152.311 Y22.311 E12.05218
G1 X154.205 Y20.756 E12.16222
G1 X156.37 Y19.599 E12.27244
G1 X158.721 Y18.887 E12.38273
G1 X161.16 Y18.647 E12.49278
G1 X163.598 Y18.887 E12.60278
G1 X165.949 Y19.599 E12.71307
G1 X168.114 Y20.756 E12.8233
G1 X170.008 Y22.311 E12.93333
G1 X171.563 Y24.205 E13.04336
G1 X172.72 Y26.37 E13.15358
G1 X173.432 Y28.721 E13.26388
G1 X173.673 Y31.16 E13.37393
G1 X173.432 Y33.598 E13.48393
G1 X172.72 Y35.949 E13.59423
G1 X171.563 Y38.114 E13.70445
G1 X170.008 Y40.008 E13.81448
G1 X168.114 Y41.563 E13.92452
G1 X165.949 Y42.72 E14.03474
G1 F2400 E13.03474
G0 F9000 X161.16 Y31.16
G0 X161.16 Y82.965
G0 X170.852 Y93.675
G1 F2400 E14.03474
G0 F9000 X170.922 Y93.745
;TYPE:WALL-INNER
G1 F6000 X160.122 Y93.745 E14.39395
G1 X160.122 Y82.945 E14.75316
G1 X170.922 Y82.945 E15.11237
G1 X170.922 Y93.745 E15.47158
G0 F9000 X171.322 Y94.145
;TYPE:WALL-OUTER
G1 F3600 X159.722 Y94.145 E15.85739
G1 X159.722 Y82.545 E16.24321
G1 X171.322 Y82.545 E16.62903
G1 X171.322 Y94.145 E17.01485
G0 F9000 X171.122 Y94.145
G0 X170.882 Y93.705
G0 X170.532 Y93.355
;TYPE:SKIN
G1 F3600 X160.512 Y93.355 E17.34811
G1 X160.512 Y83.335 E17.68138
G1 X170.532 Y83.335 E18.01465
G1 X170.532 Y93.355 E18.34791
G0 F9000 X170.411 Y83.861
G1 F3600 X170.005 Y83.455 E18.36701
G0 F9000 X169.439 Y83.455
G1 F3600 X170.411 Y84.427 E18.41273
G0 F9000 X170.411 Y84.992
G1 F3600 X168.874 Y83.455 E18.48503
G0 F9000 X168.308 Y83.455
G1 F3600 X170.411 Y85.558 E18.58394
G0 F9000 X170.411 Y86.124
G1 F3600 X167.742 Y83.455 E18.70949
G0 F9000 X167.177 Y83.455
G1 F3600 X170.411 Y86.689 E18.8616
G0 F9000 X170.411 Y87.255
G1 F3600 X166.611 Y83.455 E19.04034
G0 F9000 X166.045 Y83.455
G1 F3600 X170.411 Y87.821 E19.24571
G0 F9000 X170.411 Y88.386
G1 F3600 X165.479 Y83.455 E19.47767
G0 F9000 X164.914 Y83.455
G1 F3600 X170.411 Y88.952 E19.73623
G0 F9000 X170.411 Y89.518
G1 F3600 X164.348 Y83.455 E20.02142
G0 F9000 X163.782 Y83.455
G1 F3600 X170.411 Y90.083 E20.3332
G0 F9000 X170.411 Y90.649
G1 F3600 X163.217 Y83.455 E20.67158
G0 F9000 X162.651 Y83.455
G1 F3600 X170.411 Y91.215 E21.03659
G0 F9000 X170.411 Y91.781
G1 F3600 X162.085 Y83.455 E21.42822
G0 F9000 X161.52 Y83.455
G1 F3600 X170.411 Y92.346 E21.84643
G0 F9000 X170.411 Y92.912
G1 F3600 X160.954 Y83.455 E22.29125
G0 F9000 X160.631 Y83.698
G1 F3600 X170.168 Y93.234 E22.73982
G0 F9000 X169.602 Y93.234
G1 F3600 X160.631 Y84.263 E23.16179
G0 F9000 X160.631 Y84.829
G1 F3600 X169.036 Y93.234 E23.55714
G0 F9000 X168.471 Y93.234
G1 F3600 X160.631 Y85.395 E23.92588
G0 F9000 X160.631 Y85.96
G1 F3600 X167.905 Y93.234 E24.26803
G0 F9000 X167.339 Y93.234
G1 F3600 X160.631 Y86.526 E24.58355
G0 F9000 X160.631 Y87.092
G1 F3600 X166.773 Y93.234 E24.87245
G0 F9000 X166.208 Y93.234
G1 F3600 X160.631 Y87.657 E25.13478
G0 F9000 X160.631 Y88.223
G1 F3600 X165.642 Y93.234 E25.37048
G0 F9000 X165.076 Y93.234
G1 F3600 X160.631 Y88.789 E25.57956
G0 F9000 X160.631 Y89.354
G1 F3600 X164.511 Y93.234 E25.76206
G0 F9000 X163.945 Y93.234
G1 F3600 X160.631 Y89.92 E25.91794
G0 F9000 X160.631 Y90.486
G1 F3600 X163.379 Y93.234 E26.0472
G0 F9000 X162.814 Y93.234
G1 F3600 X160.631 Y91.052 E26.14986
G0 F9000 X160.631 Y91.617
G1 F3600 X162.248 Y93.234 E26.22592
G0 F9000 X161.682 Y93.234
G1 F3600 X160.631 Y92.183 E26.27535
G0 F9000 X160.631 Y92.749
G1 F3600 X161.117 Y93.234 E26.29819
G1 F2400 E25.29819
;MESH:NONMESH
G0 F600 X161.117 Y93.234 Z0.9
G0 F9000 X170.852 Y93.675
G1 F2400 E26.29819
G0 F9000 X170.922 Y93.745
;TIME_ELAPSED:367.921924
;LAYER:3
G1 F2400 E25.29819
;TYPE:WALL-INNER
;MESH:0530?????????.stl
G1 F2400 E26.29819
G1 F6000 X160.122 Y93.745 E26.6574
G1 X160.122 Y82.945 E27.01661
G1 X170.922 Y82.945 E27.37582
G1 X170.922 Y93.745 E27.73503
G0 F9000 X171.322 Y94.145
;TYPE:WALL-OUTER
G1 F3600 X159.722 Y94.145 E28.12085
G1 X159.722 Y82.545 E28.50666
G1 X171.322 Y82.545 E28.89248
G1 X171.322 Y94.145 E29.2783
G0 F9000 X171.122 Y94.145
G0 X170.882 Y93.705
G0 X170.532 Y93.355
;TYPE:SKIN
G1 F3600 X160.512 Y93.355 E29.61156
G1 X160.512 Y83.335 E29.94483
G1 X170.532 Y83.335 E30.2781
G1 X170.532 Y93.355 E30.61136
G0 F9000 X170.411 Y92.632
G1 F3600 X169.808 Y93.235 E30.63973
G0 F9000 X169.242 Y93.235
G1 F3600 X170.411 Y92.066 E30.69471
G0 F9000 X170.411 Y91.501
G1 F3600 X168.676 Y93.235 E30.7763
G0 F9000 X168.111 Y93.235
G1 F3600 X170.411 Y90.935 E30.88448
G0 F9000 X170.411 Y90.369
G1 F3600 X167.545 Y93.235 E31.01929
G0 F9000 X166.979 Y93.235
G1 F3600 X170.411 Y89.803 E31.18072
G0 F9000 X170.411 Y89.238
G1 F3600 X166.414 Y93.235 E31.36873
G0 F9000 X165.848 Y93.235
G1 F3600 X170.411 Y88.672 E31.58336
G0 F9000 X170.411 Y88.106
G1 F3600 X165.282 Y93.235 E31.82461
G0 F9000 X164.716 Y93.235
G1 F3600 X170.411 Y87.541 E32.09246
G0 F9000 X170.411 Y86.975
G1 F3600 X164.151 Y93.235 E32.38691
G0 F9000 X163.585 Y93.235
G1 F3600 X170.411 Y86.409 E32.70799
G0 F9000 X170.411 Y85.844
G1 F3600 X163.019 Y93.235 E33.05566
G0 F9000 X162.454 Y93.235
G1 F3600 X170.411 Y85.278 E33.42993
G0 F9000 X170.411 Y84.712
M104 S195
G1 F3600 X161.888 Y93.235 E33.83083
G0 F9000 X161.322 Y93.235
G1 F3600 X170.411 Y84.147 E34.25833
G0 F9000 X170.411 Y83.581
G1 F3600 X160.757 Y93.235 E34.71242
G0 F9000 X160.631 Y92.795
G1 F3600 X169.972 Y83.454 E35.15179
G0 F9000 X169.406 Y83.454
G1 F3600 X160.631 Y92.23 E35.56456
G0 F9000 X160.631 Y91.664
G1 F3600 X168.84 Y83.454 E35.95071
G0 F9000 X168.275 Y83.454
G1 F3600 X160.631 Y91.098 E36.31026
G0 F9000 X160.631 Y90.533
G1 F3600 X167.709 Y83.454 E36.64322
G0 F9000 X167.143 Y83.454
G1 F3600 X160.631 Y89.967 E36.94954
G0 F9000 X160.631 Y89.401
G1 F3600 X166.578 Y83.454 E37.22927
G0 F9000 X166.012 Y83.454
G1 F3600 X160.631 Y88.835 E37.48238
G0 F9000 X160.631 Y88.27
G1 F3600 X165.446 Y83.454 E37.70888
G0 F9000 X164.881 Y83.454
G1 F3600 X160.631 Y87.704 E37.90879
G0 F9000 X160.631 Y87.138
G1 F3600 X164.315 Y83.454 E38.08208
G0 F9000 X163.749 Y83.454
G1 F3600 X160.631 Y86.573 E38.22876
G0 F9000 X160.631 Y86.007
G1 F3600 X163.183 Y83.454 E38.34882
G0 F9000 X162.618 Y83.454
G1 F3600 X160.631 Y85.441 E38.44228
G0 F9000 X160.631 Y84.876
G1 F3600 X162.052 Y83.454 E38.50915
G0 F9000 X161.486 Y83.454
G1 F3600 X160.631 Y84.31 E38.54939
G0 F9000 X160.631 Y83.744
G1 F3600 X160.921 Y83.454 E38.56303
G1 F2400 E37.56303
G1 F600 Z2.9
G92 E0
G0 X340 F6000
M107 P1
T0
G92 E0
M105
M109 S200
M104 T1 S200
M106 S255
G1 F600 Z0.9
;MESH:0530?????????.stl
G0 F9000 X170.912 Y43.497
G0 X169.365 Y43.446
;TYPE:PRIME-TOWER
G1 F2400 E3.07876
G1 F3000 X166.814 Y44.809 E3.20863
G1 X164.044 Y45.649 E3.3386
G1 X161.16 Y45.934 E3.46872
G1 X158.275 Y45.649 E3.59889
G1 X155.505 Y44.809 E3.72886
G1 X152.954 Y43.446 E3.85873
G1 X150.713 Y41.606 E3.98892
G1 X148.873 Y39.365 E4.11912
G1 X147.51 Y36.814 E4.24899
G1 X146.67 Y34.044 E4.37896
G1 X146.386 Y31.16 E4.50908
G1 X146.67 Y28.275 E4.63924
G1 X147.51 Y25.505 E4.76921
G1 X148.873 Y22.954 E4.89908
G1 X150.713 Y20.713 E5.02928
G1 X152.954 Y18.873 E5.15947
G1 X155.505 Y17.51 E5.28934
G1 X158.275 Y16.67 E5.41931
G1 X161.16 Y16.386 E5.54947
G1 X164.044 Y16.67 E5.6796
G1 X166.814 Y17.51 E5.80956
G1 X169.365 Y18.873 E5.93943
G1 X171.606 Y20.713 E6.06963
G1 X173.446 Y22.954 E6.19982
G1 X174.809 Y25.505 E6.32969
G1 X175.649 Y28.275 E6.45966
G1 X175.934 Y31.16 E6.58983
G1 X175.649 Y34.044 E6.71996
G1 X174.809 Y36.814 E6.84993
G1 X173.446 Y39.365 E6.97979
G1 X171.606 Y41.606 E7.10999
G1 X169.365 Y43.446 E7.24018
G0 F9000 X169.115 Y43.069
G1 F3000 X166.643 Y44.391 E7.36606
G1 X163.954 Y45.205 E7.49221
G1 X161.16 Y45.481 E7.61827
G1 X158.365 Y45.205 E7.74438
G1 X155.676 Y44.391 E7.87053
G1 X153.204 Y43.069 E7.9964
G1 X151.033 Y41.286 E8.12254
G1 X149.25 Y39.115 E8.24868
G1 X147.928 Y36.643 E8.37456
G1 X147.114 Y33.955 E8.50066
G1 X146.838 Y31.16 E8.62677
G1 X147.114 Y28.364 E8.75293
G1 X147.928 Y25.676 E8.87903
G1 X149.25 Y23.204 E9.0049
G1 X151.033 Y21.033 E9.13105
G1 X153.204 Y19.25 E9.25719
G1 X155.676 Y17.928 E9.38306
G1 X158.364 Y17.114 E9.50917
G1 X161.16 Y16.838 E9.63532
G1 X163.955 Y17.114 E9.76143
G1 X166.643 Y17.928 E9.88754
G1 X169.115 Y19.25 E10.01341
G1 X171.286 Y21.033 E10.13955
G1 X173.069 Y23.204 E10.26569
G1 X174.391 Y25.676 E10.39156
G1 X175.205 Y28.365 E10.51771
G1 X175.481 Y31.16 E10.64382
G1 X175.205 Y33.954 E10.76989
G1 X174.391 Y36.643 E10.89604
G1 X173.069 Y39.115 E11.02191
G1 X171.286 Y41.286 E11.14805
G1 X169.115 Y43.069 E11.27419
G0 F9000 X168.862 Y42.694
G1 F3000 X166.47 Y43.972 E11.39597
G1 X163.867 Y44.762 E11.51811
G1 X161.16 Y45.029 E11.64025
G1 X158.452 Y44.762 E11.76243
G1 X155.849 Y43.972 E11.88457
G1 X153.457 Y42.694 E12.00634
G1 X151.353 Y40.966 E12.12859
G1 X149.625 Y38.862 E12.25084
G1 X148.347 Y36.47 E12.37261
G1 X147.557 Y33.866 E12.4948
G1 X147.291 Y31.16 E12.61689
G1 X147.557 Y28.453 E12.73902
G1 X148.347 Y25.849 E12.8612
G1 X149.625 Y23.457 E12.98298
G1 X151.353 Y21.353 E13.10523
G1 X153.457 Y19.625 E13.22748
G1 X155.849 Y18.347 E13.34925
G1 X158.453 Y17.557 E13.47143
G1 X161.16 Y17.291 E13.59357
G1 X163.866 Y17.557 E13.71566
G1 X166.47 Y18.347 E13.83784
G1 X168.862 Y19.625 E13.95961
G1 X170.966 Y21.353 E14.08186
G1 X172.694 Y23.457 E14.20411
G1 X173.972 Y25.849 E14.32588
G1 X174.762 Y28.452 E14.44803
G1 X175.029 Y31.16 E14.57021
G1 X174.762 Y33.867 E14.69235
G1 X173.972 Y36.47 E14.81449
G1 X172.694 Y38.862 E14.93626
G1 X170.966 Y40.966 E15.05851
G1 X168.862 Y42.694 E15.18076
G1 F2400 E14.18076
G0 F9000 X161.16 Y31.16
G0 X161.16 Y70.765
G0 X170.852 Y81.475
G1 F2400 E15.18076
G0 F9000 X170.922 Y81.545
;TYPE:WALL-INNER
G1 F6000 X160.122 Y81.545 E15.53997
G1 X160.122 Y70.745 E15.89918
G1 X170.922 Y70.745 E16.25839
G1 X170.922 Y81.545 E16.6176
G0 F9000 X171.322 Y81.945
;TYPE:WALL-OUTER
G1 F3600 X159.722 Y81.945 E17.00342
G1 X159.722 Y70.345 E17.38923
G1 X171.322 Y70.345 E17.77505
G1 X171.322 Y81.945 E18.16087
G0 F9000 X171.122 Y81.945
G0 X170.882 Y81.505
G0 X170.532 Y81.155
;TYPE:SKIN
G1 F3600 X160.512 Y81.155 E18.49413
G1 X160.512 Y71.135 E18.8274
G1 X170.532 Y71.135 E19.16067
G1 X170.532 Y81.155 E19.49393
G0 F9000 X170.411 Y80.753
G1 F3600 X170.129 Y81.035 E19.5072
G0 F9000 X169.563 Y81.035
G1 F3600 X170.411 Y80.187 E19.54709
G0 F9000 X170.411 Y79.621
G1 F3600 X168.997 Y81.035 E19.6136
G0 F9000 X168.432 Y81.035
G1 F3600 X170.411 Y79.055 E19.70671
G0 F9000 X170.411 Y78.49
G1 F3600 X167.866 Y81.035 E19.82641
G0 F9000 X167.3 Y81.035
G1 F3600 X170.411 Y77.924 E19.97275
G0 F9000 X170.411 Y77.358
G1 F3600 X166.735 Y81.035 E20.14568
G0 F9000 X166.169 Y81.035
G1 F3600 X170.411 Y76.793 E20.34521
G0 F9000 X170.411 Y76.227
G1 F3600 X165.603 Y81.035 E20.57136
G0 F9000 X165.038 Y81.035
G1 F3600 X170.411 Y75.661 E20.82411
G0 F9000 X170.411 Y75.096
G1 F3600 X164.472 Y81.035 E21.10347
G0 F9000 X163.906 Y81.035
G1 F3600 X170.411 Y74.53 E21.40944
G0 F9000 X170.411 Y73.964
G1 F3600 X163.34 Y81.035 E21.74204
G0 F9000 X162.775 Y81.035
G1 F3600 X170.411 Y73.399 E22.10121
G0 F9000 X170.411 Y72.833
G1 F3600 X162.209 Y81.035 E22.48701
G0 F9000 X161.643 Y81.035
G1 F3600 X170.411 Y72.267 E22.89943
G0 F9000 X170.411 Y71.702
G1 F3600 X161.078 Y81.035 E23.33843
G0 F9000 X160.631 Y80.916
G1 F3600 X170.293 Y71.254 E23.7929
G0 F9000 X169.727 Y71.254
G1 F3600 X160.631 Y80.35 E24.22075
G0 F9000 X160.631 Y79.784
G1 F3600 X169.161 Y71.254 E24.62197
G0 F9000 X168.596 Y71.254
G1 F3600 X160.631 Y79.219 E24.99662
G0 F9000 X160.631 Y78.653
G1 F3600 X168.03 Y71.254 E25.34465
G0 F9000 X167.464 Y71.254
G1 F3600 X160.631 Y78.087 E25.66605
G0 F9000 X160.631 Y77.522
G1 F3600 X166.899 Y71.254 E25.96088
G0 F9000 X166.333 Y71.254
G1 F3600 X160.631 Y76.956 E26.22908
G0 F9000 X160.631 Y76.39
G1 F3600 X165.767 Y71.254 E26.47066
G0 F9000 X165.202 Y71.254
G1 F3600 X160.631 Y75.825 E26.68567
G0 F9000 X160.631 Y75.259
G1 F3600 X164.636 Y71.254 E26.87405
G0 F9000 X164.07 Y71.254
G1 F3600 X160.631 Y74.693 E27.03581
G0 F9000 X160.631 Y74.128
G1 F3600 X163.505 Y71.254 E27.171
G0 F9000 X162.939 Y71.254
G1 F3600 X160.631 Y73.562 E27.27956
G0 F9000 X160.631 Y72.996
G1 F3600 X162.373 Y71.254 E27.3615
G0 F9000 X161.807 Y71.254
G1 F3600 X160.631 Y72.431 E27.41684
G0 F9000 X160.631 Y71.865
G1 F3600 X161.242 Y71.254 E27.44557
G1 F2400 E26.44557
G0 F9000 X170.908 Y81.531
G0 X172.336 Y82.959
G0 X183.052 Y93.675
G1 F2400 E27.44557
G0 F9000 X183.122 Y93.745
;TYPE:WALL-INNER
G1 F6000 X172.322 Y93.745 E27.80478
G1 X172.322 Y82.945 E28.16399
G1 X183.122 Y82.945 E28.5232
G1 X183.122 Y93.745 E28.88241
G0 F9000 X183.522 Y94.145
;TYPE:WALL-OUTER
G1 F3600 X171.922 Y94.145 E29.26823
G1 X171.922 Y82.545 E29.65405
G1 X183.522 Y82.545 E30.03987
G1 X183.522 Y94.145 E30.42568
G0 F9000 X183.322 Y94.145
G0 X183.082 Y93.705
G0 X182.732 Y93.355
;TYPE:SKIN
G1 F3600 X172.712 Y93.355 E30.75895
G1 X172.712 Y83.335 E31.09222
G1 X182.732 Y83.335 E31.42548
G1 X182.732 Y93.355 E31.75875
G0 F9000 X182.611 Y92.877
G1 F3600 X182.253 Y93.234 E31.77556
G0 F9000 X181.688 Y93.234
G1 F3600 X182.611 Y92.312 E31.81896
G0 F9000 X182.611 Y91.746
G1 F3600 X181.122 Y93.234 E31.88897
G0 F9000 X180.556 Y93.234
G1 F3600 X182.611 Y91.18 E31.98561
G0 F9000 X182.611 Y90.615
G1 F3600 X179.991 Y93.234 E32.10882
G0 F9000 X179.425 Y93.234
G1 F3600 X182.611 Y90.049 E32.25866
G0 F9000 X182.611 Y89.483
G1 F3600 X178.859 Y93.234 E32.43512
G0 F9000 X178.294 Y93.234
G1 F3600 X182.611 Y88.917 E32.63818
G0 F9000 X182.611 Y88.352
G1 F3600 X177.728 Y93.234 E32.86783
G0 F9000 X177.162 Y93.234
G1 F3600 X182.611 Y87.786 E33.12411
G0 F9000 X182.611 Y87.22
G1 F3600 X176.597 Y93.234 E33.40699
G0 F9000 X176.031 Y93.234
G1 F3600 X182.611 Y86.655 E33.71647
G0 F9000 X182.611 Y86.089
G1 F3600 X175.465 Y93.234 E34.05258
G0 F9000 X174.9 Y93.234
G1 F3600 X182.611 Y85.523 E34.41528
G0 F9000 X182.611 Y84.958
G1 F3600 X174.334 Y93.234 E34.80458
G0 F9000 X173.768 Y93.234
G1 F3600 X182.611 Y84.392 E35.2205
G0 F9000 X182.611 Y83.826
G1 F3600 X173.202 Y93.234 E35.66305
G0 F9000 X172.831 Y93.04
G1 F3600 X182.417 Y83.454 E36.11395
G0 F9000 X181.851 Y83.454
G1 F3600 X172.831 Y92.474 E36.53822
G0 F9000 X172.831 Y91.909
G1 F3600 X181.285 Y83.454 E36.93589
G0 F9000 X180.72 Y83.454
G1 F3600 X172.831 Y91.343 E37.30697
G0 F9000 X172.831 Y90.777
G1 F3600 X180.154 Y83.454 E37.65142
G0 F9000 X179.588 Y83.454
G1 F3600 X172.831 Y90.211 E37.96925
G0 F9000 X172.831 Y89.646
G1 F3600 X179.023 Y83.454 E38.2605
G0 F9000 X178.457 Y83.454
G1 F3600 X172.831 Y89.08 E38.52513
G0 F9000 X172.831 Y88.514
G1 F3600 X177.891 Y83.454 E38.76314
G0 F9000 X177.326 Y83.454
G1 F3600 X172.831 Y87.949 E38.97457
G0 F9000 X172.831 Y87.383
G1 F3600 X176.76 Y83.454 E39.15938
G0 F9000 X176.194 Y83.454
G1 F3600 X172.831 Y86.817 E39.31756
G0 F9000 X172.831 Y86.252
G1 F3600 X175.629 Y83.454 E39.44917
G0 F9000 X175.063 Y83.454
G1 F3600 X172.831 Y85.686 E39.55416
G0 F9000 X172.831 Y85.12
G1 F3600 X174.497 Y83.454 E39.63252
G0 F9000 X173.932 Y83.454
G1 F3600 X172.831 Y84.555 E39.68431
G0 F9000 X172.831 Y83.989
G1 F3600 X173.366 Y83.454 E39.70947
G1 F2400 E38.70947
G0 F9000 X172.336 Y93.731
G0 X170.908 Y95.159
G0 X170.852 Y105.875
G1 F2400 E39.70947
G0 F9000 X170.922 Y105.945
;TYPE:WALL-INNER
G1 F6000 X160.122 Y105.945 E40.06868
G1 X160.122 Y95.145 E40.42789
G1 X170.922 Y95.145 E40.7871
G1 X170.922 Y105.945 E41.14631
G0 F9000 X171.322 Y106.345
;TYPE:WALL-OUTER
G1 F3600 X159.722 Y106.345 E41.53213
G1 X159.722 Y94.745 E41.91795
G1 X171.322 Y94.745 E42.30376
G1 X171.322 Y106.345 E42.68958
G0 F9000 X171.122 Y106.345
G0 X170.882 Y105.905
G0 X170.532 Y105.555
;TYPE:SKIN
G1 F3600 X160.512 Y105.555 E43.02285
G1 X160.512 Y95.535 E43.35611
G1 X170.532 Y95.535 E43.68938
G1 X170.532 Y105.555 E44.02265
G0 F9000 X170.411 Y105.077
G1 F3600 X170.053 Y105.435 E44.03949
G0 F9000 X169.487 Y105.435
G1 F3600 X170.411 Y104.511 E44.08295
G0 F9000 X170.411 Y103.946
G1 F3600 X168.922 Y105.435 E44.15299
G0 F9000 X168.356 Y105.435
G1 F3600 X170.411 Y103.38 E44.24965
G0 F9000 X170.411 Y102.814
G1 F3600 X167.79 Y105.435 E44.37293
G0 F9000 X167.225 Y105.435
G1 F3600 X170.411 Y102.249 E44.52279
G0 F9000 X170.411 Y101.683
G1 F3600 X166.659 Y105.435 E44.69927
G0 F9000 X166.093 Y105.435
G1 F3600 X170.411 Y101.117 E44.90238
G0 F9000 X170.411 Y100.551
G1 F3600 X165.528 Y105.435 E45.13208
G0 F9000 X164.962 Y105.435
G1 F3600 X170.411 Y99.986 E45.38839
G0 F9000 X170.411 Y99.42
G1 F3600 X164.396 Y105.435 E45.67131
G0 F9000 X163.83 Y105.435
G1 F3600 X170.411 Y98.854 E45.98086
G0 F9000 X170.411 Y98.289
G1 F3600 X163.265 Y105.435 E46.31699
G0 F9000 X162.699 Y105.435
G1 F3600 X170.411 Y97.723 E46.67974
G0 F9000 X170.411 Y97.157
G1 F3600 X162.133 Y105.435 E47.06911
G0 F9000 X161.568 Y105.435
G1 F3600 X170.411 Y96.592 E47.48506
G0 F9000 X170.411 Y96.026
G1 F3600 X161.002 Y105.435 E47.92763
G0 F9000 X160.631 Y105.24
G1 F3600 X170.217 Y95.654 E48.37853
G0 F9000 X169.651 Y95.654
G1 F3600 X160.631 Y104.675 E48.80282
G0 F9000 X160.631 Y104.109
G1 F3600 X169.086 Y95.654 E49.20052
G0 F9000 X168.52 Y95.654
G1 F3600 X160.631 Y103.543 E49.57159
G0 F9000 X160.631 Y102.978
G1 F3600 X167.954 Y95.654 E49.91607
G0 F9000 X167.389 Y95.654
G1 F3600 X160.631 Y102.412 E50.23394
G0 F9000 X160.631 Y101.846
G1 F3600 X166.823 Y95.654 E50.5252
G0 F9000 X166.257 Y95.654
G1 F3600 X160.631 Y101.281 E50.78985
G0 F9000 X160.631 Y100.715
G1 F3600 X165.692 Y95.654 E51.0279
G0 F9000 X165.126 Y95.654
G1 F3600 X160.631 Y100.149 E51.23934
G0 F9000 X160.631 Y99.583
G1 F3600 X164.56 Y95.654 E51.42414
G0 F9000 X163.995 Y95.654
G1 F3600 X160.631 Y99.018 E51.58238
G0 F9000 X160.631 Y98.452
G1 F3600 X163.429 Y95.654 E51.71399
G0 F9000 X162.863 Y95.654
G1 F3600 X160.631 Y97.886 E51.81897
G0 F9000 X160.631 Y97.321
G1 F3600 X162.297 Y95.654 E51.89736
G0 F9000 X161.732 Y95.654
G1 F3600 X160.631 Y96.755 E51.94915
G0 F9000 X160.631 Y96.189
G1 F3600 X161.166 Y95.654 E51.97431
G1 F2400 E50.97431
G0 F9000 X160.136 Y95.159
G0 X158.708 Y93.731
G1 F2400 E51.97431
G0 F9000 X158.722 Y93.745
;TYPE:WALL-INNER
G1 F6000 X147.922 Y93.745 E52.33352
G1 X147.922 Y82.945 E52.69273
G1 X158.722 Y82.945 E53.05194
G1 X158.722 Y93.745 E53.41115
G0 F9000 X159.122 Y94.145
;TYPE:WALL-OUTER
G1 F3600 X147.522 Y94.145 E53.79697
G1 X147.522 Y82.545 E54.18278
G1 X159.122 Y82.545 E54.5686
G1 X159.122 Y94.145 E54.95442
G0 F9000 X158.922 Y94.145
G0 X158.682 Y93.705
G0 X158.332 Y93.355
;TYPE:SKIN
G1 F3600 X148.312 Y93.355 E55.28769
G1 X148.312 Y83.335 E55.62095
G1 X158.332 Y83.335 E55.95422
G1 X158.332 Y93.355 E56.28749
G0 F9000 X158.21 Y92.953
G1 F3600 X157.929 Y93.234 E56.3007
G0 F9000 X157.363 Y93.234
G1 F3600 X158.21 Y92.387 E56.34054
G0 F9000 X158.21 Y91.822
G1 F3600 X156.798 Y93.234 E56.40696
G0 F9000 X156.232 Y93.234
G1 F3600 X158.21 Y91.256 E56.5
G0 F9000 X158.21 Y90.69
G1 F3600 X155.666 Y93.234 E56.61966
G0 F9000 X155.101 Y93.234
G1 F3600 X158.21 Y90.125 E56.7659
G0 F9000 X158.21 Y89.559
G1 F3600 X154.535 Y93.234 E56.93876
G0 F9000 X153.969 Y93.234
G1 F3600 X158.21 Y88.993 E57.13824
G0 F9000 X158.21 Y88.427
G1 F3600 X153.403 Y93.234 E57.36435
G0 F9000 X152.838 Y93.234
G1 F3600 X158.21 Y87.862 E57.61703
G0 F9000 X158.21 Y87.296
G1 F3600 X152.272 Y93.234 E57.89634
G0 F9000 X151.706 Y93.234
G1 F3600 X158.21 Y86.73 E58.20226
G0 F9000 X158.21 Y86.165
G1 F3600 X151.141 Y93.234 E58.53477
G0 F9000 X150.575 Y93.234
G1 F3600 X158.21 Y85.599 E58.8939
G0 F9000 X158.21 Y85.033
G1 F3600 X150.009 Y93.234 E59.27965
G0 F9000 X149.444 Y93.234
G1 F3600 X158.21 Y84.468 E59.69197
G0 F9000 X158.21 Y83.902
G1 F3600 X148.878 Y93.234 E60.13092
G0 F9000 X148.431 Y93.116
G1 F3600 X158.092 Y83.454 E60.58537
G0 F9000 X157.527 Y83.454
G1 F3600 X148.431 Y92.55 E61.01322
G0 F9000 X148.431 Y91.984
G1 F3600 X156.961 Y83.454 E61.41444
G0 F9000 X156.395 Y83.454
G1 F3600 X148.431 Y91.419 E61.78907
G0 F9000 X148.431 Y90.853
G1 F3600 X155.83 Y83.454 E62.13709
G0 F9000 X155.264 Y83.454
G1 F3600 X148.431 Y90.287 E62.4585
G0 F9000 X148.431 Y89.721
G1 F3600 X154.698 Y83.454 E62.75328
G0 F9000 X154.133 Y83.454
G1 F3600 X148.431 Y89.156 E63.02148
G0 F9000 X148.431 Y88.59
G1 F3600 X153.567 Y83.454 E63.26306
G0 F9000 X153.001 Y83.454
G1 F3600 X148.431 Y88.024 E63.47802
G0 F9000 X148.431 Y87.459
G1 F3600 X152.435 Y83.454 E63.66638
G0 F9000 X151.87 Y83.454
G1 F3600 X148.431 Y86.893 E63.82814
G0 F9000 X148.431 Y86.327
G1 F3600 X151.304 Y83.454 E63.96328
G0 F9000 X150.738 Y83.454
G1 F3600 X148.431 Y85.762 E64.07182
G0 F9000 X148.431 Y85.196
G1 F3600 X150.173 Y83.454 E64.15375
G0 F9000 X149.607 Y83.454
G1 F3600 X148.431 Y84.63 E64.20907
G0 F9000 X148.431 Y84.065
G1 F3600 X149.041 Y83.454 E64.23779
G1 F2400 E63.23779
;MESH:NONMESH
G0 F600 X149.041 Y83.454 Z1.1
G0 F9000 X158.708 Y82.959
G0 X166.937 Y45.838
;TIME_ELAPSED:410.515193
;LAYER:4
;MESH:0530?????????.stl
G0 X166.814 Y44.809
;TYPE:PRIME-TOWER
G1 F2400 E64.23779
G1 F3000 X164.044 Y45.649 E64.36775
G1 X161.16 Y45.934 E64.49788
G1 X158.275 Y45.649 E64.62805
G1 X155.505 Y44.809 E64.75802
G1 X152.954 Y43.446 E64.88789
G1 X150.713 Y41.606 E65.01808
G1 X148.873 Y39.365 E65.14828
G1 X147.51 Y36.814 E65.27815
G1 X146.67 Y34.044 E65.40812
G1 X146.386 Y31.16 E65.53824
G1 X146.67 Y28.275 E65.6684
G1 X147.51 Y25.505 E65.79837
G1 X148.873 Y22.954 E65.92824
G1 X150.713 Y20.713 E66.05844
G1 X152.954 Y18.873 E66.18863
G1 X155.505 Y17.51 E66.3185
G1 X158.275 Y16.67 E66.44847
G1 X161.16 Y16.386 E66.57863
G1 X164.044 Y16.67 E66.70876
G1 X166.814 Y17.51 E66.83872
G1 X169.365 Y18.873 E66.96859
G1 X171.606 Y20.713 E67.09879
G1 X173.446 Y22.954 E67.22898
G1 X174.809 Y25.505 E67.35885
G1 X175.649 Y28.275 E67.48882
G1 X175.934 Y31.16 E67.61899
G1 X175.649 Y34.044 E67.74912
G1 X174.809 Y36.814 E67.87909
G1 X173.446 Y39.365 E68.00895
G1 X171.606 Y41.606 E68.13915
G1 X169.365 Y43.446 E68.26934
G1 X166.814 Y44.809 E68.39921
G0 F9000 X166.643 Y44.391
G1 F3000 X163.954 Y45.205 E68.52536
G1 X161.16 Y45.481 E68.65143
G1 X158.365 Y45.205 E68.77753
G1 X155.676 Y44.391 E68.90369
G1 X153.204 Y43.069 E69.02956
G1 X151.033 Y41.286 E69.1557
G1 X149.25 Y39.115 E69.28184
G1 X147.928 Y36.643 E69.40771
G1 X147.114 Y33.955 E69.53382
G1 X146.838 Y31.16 E69.65993
G1 X147.114 Y28.364 E69.78608
G1 X147.928 Y25.676 E69.91219
G1 X149.25 Y23.204 E70.03806
G1 X151.033 Y21.033 E70.1642
G1 X153.204 Y19.25 E70.29035
G1 X155.676 Y17.928 E70.41622
G1 X158.364 Y17.114 E70.54232
G1 X161.16 Y16.838 E70.66848
G1 X163.955 Y17.114 E70.79459
G1 X166.643 Y17.928 E70.92069
G1 X169.115 Y19.25 E71.04656
G1 X171.286 Y21.033 E71.17271
G1 X173.069 Y23.204 E71.29885
G1 X174.391 Y25.676 E71.42472
G1 X175.205 Y28.365 E71.55087
G1 X175.481 Y31.16 E71.67698
G1 X175.205 Y33.954 E71.80304
G1 X174.391 Y36.643 E71.92919
G1 X173.069 Y39.115 E72.05507
G1 X171.286 Y41.286 E72.18121
G1 X169.115 Y43.069 E72.30735
G1 X166.643 Y44.391 E72.43322
G0 F9000 X166.47 Y43.972
G1 F3000 X163.867 Y44.762 E72.55536
G1 X161.16 Y45.029 E72.6775
G1 X158.452 Y44.762 E72.79968
G1 X155.849 Y43.972 E72.92182
G1 X153.457 Y42.694 E73.0436
G1 X151.353 Y40.966 E73.16585
G1 X149.625 Y38.862 E73.2881
G1 X148.347 Y36.47 E73.40987
G1 X147.557 Y33.866 E73.53205
G1 X147.291 Y31.16 E73.65414
G1 X147.557 Y28.453 E73.77628
G1 X148.347 Y25.849 E73.89846
G1 X149.625 Y23.457 E74.02023
G1 X151.353 Y21.353 E74.14248
G1 X153.457 Y19.625 E74.26473
G1 X155.849 Y18.347 E74.3865
G1 X158.453 Y17.557 E74.50869
G1 X161.16 Y17.291 E74.63082
G1 X163.866 Y17.557 E74.75291
G1 X166.47 Y18.347 E74.8751
G1 X168.862 Y19.625 E74.99687
G1 X170.966 Y21.353 E75.11912
G1 X172.694 Y23.457 E75.24137
G1 X173.972 Y25.849 E75.36314
G1 X174.762 Y28.452 E75.48528
G1 X175.029 Y31.16 E75.60746
G1 X174.762 Y33.867 E75.7296
G1 X173.972 Y36.47 E75.85174
G1 X172.694 Y38.862 E75.97351
G1 X170.966 Y40.966 E76.09576
G1 X168.862 Y42.694 E76.21801
G1 X166.47 Y43.972 E76.33979
G1 F2400 E75.33979
G0 F9000 X158.708 Y82.959
G0 X155.441 Y83.145
;TYPE:FILL
G1 F2400 E76.33979
G1 F4800 X155.27 Y83.424 E76.35121
G1 X155.008 Y84.056 E76.37511
G1 X154.839 Y84.688 E76.39795
G1 X154.807 Y85.32 E76.42005
G1 X155.205 Y85.952 E76.44614
G1 X156.282 Y86.584 E76.48975
G1 X157.219 Y87.216 E76.52922
G1 X157.816 Y87.848 E76.55958
G1 X158.203 Y88.48 E76.58546
G1 X158.465 Y89.112 E76.60935
G1 X158.522 Y89.325 E76.61705
G0 F9000 X158.522 Y90.605
G1 F4800 X158.268 Y91.008 E76.63369
G1 X157.191 Y91.64 E76.6773
G1 X156.254 Y92.272 E76.71677
G1 X155.657 Y92.904 E76.74713
G1 X155.27 Y93.536 E76.77301
G1 X155.266 Y93.545 E76.77336
G0 F9000 X152.549 Y89.335
G1 F4800 X152.76 Y89.112 E76.78408
G1 X153.147 Y88.48 E76.80996
G1 X153.409 Y87.848 E76.83385
G1 X153.578 Y87.216 E76.8567
G1 X153.61 Y86.584 E76.8788
G1 X153.212 Y85.952 E76.90488
G1 X152.135 Y85.32 E76.94849
G1 X151.198 Y84.688 E76.98796
G1 X150.601 Y84.056 E77.01832
G1 X150.214 Y83.424 E77.04421
G1 X150.098 Y83.145 E77.05476
G0 F9000 X148.122 Y88.555
G1 F4800 X148.353 Y89.112 E77.07582
G1 X148.522 Y89.744 E77.09866
G1 X148.554 Y90.376 E77.12076
G1 X148.156 Y91.008 E77.14685
G1 X148.122 Y91.028 E77.14822
G0 F9000 X150.22 Y93.545
G1 F4800 X150.214 Y93.536 E77.1486
G1 X149.952 Y92.904 E77.17249
G1 X149.783 Y92.272 E77.19534
G1 X149.751 Y91.64 E77.21744
G1 X150.149 Y91.008 E77.24352
G1 X151.226 Y90.376 E77.28713
G1 X151.353 Y90.29 E77.29249
G0 F9000 X158.652 Y93.675
G0 X158.722 Y93.745
;TYPE:WALL-INNER
G1 F6000 X147.922 Y93.745 E77.6517
G1 X147.922 Y82.945 E78.01091
G1 X158.722 Y82.945 E78.37012
G1 X158.722 Y93.745 E78.72933
G0 F9000 X159.122 Y94.145
;TYPE:WALL-OUTER
G1 F3600 X147.522 Y94.145 E79.11515
G1 X147.522 Y82.545 E79.50096
G1 X159.122 Y82.545 E79.88678
G1 X159.122 Y94.145 E80.2726
G0 F9000 X158.922 Y94.145
G0 X158.682 Y93.705
G0 X158.622 Y93.705
G0 X152.359 Y90.647
;TYPE:SKIN
G1 F3600 X149.163 Y88.813 E80.39516
G1 X149.163 Y87.876 E80.42632
G1 X152.359 Y86.042 E80.54888
G1 X152.359 Y90.647 E80.70204
G0 F9000 X149.282 Y88.188
G1 F3600 X150.584 Y89.49 E80.76328
G0 F9000 X151.911 Y90.252
G1 F3600 X149.488 Y87.828 E80.87728
G0 F9000 X149.847 Y87.622
G1 F3600 X152.237 Y90.012 E80.9897
G0 F9000 X152.237 Y89.446
G1 F3600 X150.207 Y87.416 E81.08518
G0 F9000 X150.566 Y87.209
G1 F3600 X152.237 Y88.881 E81.1638
G0 F9000 X152.237 Y88.315
G1 F3600 X150.925 Y87.003 E81.22552
G0 F9000 X151.284 Y86.796
G1 F3600 X152.237 Y87.749 E81.27034
G0 F9000 X152.237 Y87.184
G1 F3600 X151.644 Y86.59 E81.29826
G0 F9000 X152.003 Y86.384
G1 F3600 X152.237 Y86.618 E81.30927
G1 F2400 E80.30927
G0 F9000 X158.708 Y93.731
G0 X160.136 Y95.159
G0 X162.118 Y95.345
;TYPE:FILL
G1 F2400 E81.30927
G1 F4800 X162.247 Y95.432 E81.3147
G1 X163.324 Y96.064 E81.35831
G1 X163.722 Y96.696 E81.38439
G1 X163.69 Y97.328 E81.40649
G1 X163.521 Y97.96 E81.42934
G1 X163.259 Y98.592 E81.45323
G1 X162.872 Y99.224 E81.47911
G1 X162.275 Y99.856 E81.50947
G1 X161.338 Y100.488 E81.54895
G1 X160.322 Y101.084 E81.59008
G0 F9000 X160.322 Y103.638
G1 F4800 X160.326 Y103.648 E81.59046
G1 X160.713 Y104.28 E81.61634
G1 X161.31 Y104.912 E81.6467
G1 X162.247 Y105.544 E81.68617
G1 X162.59 Y105.745 E81.70005
G0 F9000 X165.046 Y105.745
G1 F4800 X164.919 Y105.544 E81.70836
G1 X164.951 Y104.912 E81.73046
G1 X164.956 Y104.894 E81.73111
G0 F9000 X168.043 Y101.318
G1 F4800 X168.38 Y101.12 E81.74476
G1 X168.778 Y100.488 E81.77084
G1 X168.746 Y99.856 E81.79294
G1 X168.577 Y99.224 E81.81579
G1 X168.315 Y98.592 E81.83968
G1 X167.928 Y97.96 E81.86556
G1 X167.331 Y97.328 E81.89593
G1 X166.394 Y96.696 E81.9354
G1 X165.317 Y96.064 E81.97901
G1 X164.919 Y95.432 E82.00509
G1 X164.923 Y95.345 E82.00813
G0 F9000 X170.722 Y100.915
G1 F4800 X170.373 Y101.12 E82.02227
G1 X169.975 Y101.752 E82.04835
G1 X170.007 Y102.384 E82.07045
G1 X170.176 Y103.016 E82.0933
G1 X170.438 Y103.648 E82.11719
G1 X170.722 Y104.112 E82.13619
G0 F9000 X170.852 Y105.875
G0 X170.922 Y105.945
;TYPE:WALL-INNER
G1 F6000 X160.122 Y105.945 E82.4954
G1 X160.122 Y95.145 E82.85461
G1 X170.922 Y95.145 E83.21382
G1 X170.922 Y105.945 E83.57303
G0 F9000 X171.322 Y106.345
;TYPE:WALL-OUTER
G1 F3600 X159.722 Y106.345 E83.95884
G1 X159.722 Y94.745 E84.34466
G1 X171.322 Y94.745 E84.73048
G1 X171.322 Y106.345 E85.1163
G0 F9000 X171.122 Y106.345
G0 X170.882 Y105.905
G0 X170.822 Y105.905
G0 X165.991 Y104.704
;TYPE:SKIN
G1 F3600 X165.054 Y104.704 E85.14746
G1 X163.22 Y101.508 E85.27002
G1 X167.825 Y101.508 E85.42318
G1 X165.991 Y104.704 E85.54574
G0 F9000 X165.677 Y104.583
G1 F3600 X164.375 Y103.281 E85.60698
G0 F9000 X163.613 Y101.953
G1 F3600 X166.038 Y104.378 E85.72105
G0 F9000 X166.244 Y104.018
G1 F3600 X163.853 Y101.628 E85.83349
G0 F9000 X164.419 Y101.628
G1 F3600 X166.45 Y103.659 E85.92902
G0 F9000 X166.657 Y103.3
G1 F3600 X164.984 Y101.628 E86.00769
G0 F9000 X165.55 Y101.628
G1 F3600 X166.863 Y102.941 E86.06945
G0 F9000 X167.07 Y102.582
G1 F3600 X166.116 Y101.628 E86.11432
G0 F9000 X166.682 Y101.628
G1 F3600 X167.276 Y102.222 E86.14226
G0 F9000 X167.482 Y101.862
G1 F3600 X167.247 Y101.628 E86.15329
G1 F2400 E85.15329
G0 F9000 X170.908 Y95.159
G0 X172.336 Y93.731
G0 X175.49 Y93.545
;TYPE:FILL
G1 F2400 E86.15329
G1 F4800 X175.494 Y93.536 E86.15364
G1 X175.881 Y92.904 E86.17952
G1 X176.478 Y92.272 E86.20988
G1 X177.415 Y91.64 E86.24935
G1 X178.492 Y91.008 E86.29296
G1 X178.521 Y90.961 E86.29489
G0 F9000 X178.496 Y88.646
G1 F4800 X178.427 Y88.48 E86.30117
G1 X178.04 Y87.848 E86.32705
G1 X177.443 Y87.216 E86.35741
G1 X176.506 Y86.584 E86.39688
G1 X175.429 Y85.952 E86.44049
G1 X175.031 Y85.32 E86.46657
G1 X175.063 Y84.688 E86.48867
G1 X175.232 Y84.056 E86.51152
G1 X175.494 Y83.424 E86.53541
G1 X175.665 Y83.145 E86.54684
G0 F9000 X172.522 Y85.416
G1 F4800 X173.436 Y85.952 E86.58384
G1 X173.834 Y86.584 E86.60993
G1 X173.802 Y87.216 E86.63203
G1 X173.633 Y87.848 E86.65487
G1 X173.371 Y88.48 E86.67877
G1 X172.984 Y89.112 E86.70465
G1 X172.522 Y89.601 E86.72814
G0 F9000 X180.556 Y93.545
G1 F4800 X180.55 Y93.536 E86.72852
G1 X180.288 Y92.904 E86.75241
G1 X180.119 Y92.272 E86.77526
G1 X180.087 Y91.64 E86.79736
G1 X180.485 Y91.008 E86.82344
G1 X181.562 Y90.376 E86.86705
G1 X182.499 Y89.744 E86.90652
G1 X182.922 Y89.296 E86.92804
G0 F9000 X182.922 Y85.585
G1 F4800 X182.471 Y85.32 E86.94631
G1 X181.534 Y84.688 E86.98578
G1 X180.937 Y84.056 E87.01614
G1 X180.55 Y83.424 E87.04202
G1 X180.434 Y83.145 E87.05257
G0 F9000 X183.052 Y93.675
G0 X183.122 Y93.745
;TYPE:WALL-INNER
G1 F6000 X172.322 Y93.745 E87.41178
G1 X172.322 Y82.945 E87.77099
G1 X183.122 Y82.945 E88.1302
G1 X183.122 Y93.745 E88.48941
G0 F9000 X183.522 Y94.145
;TYPE:WALL-OUTER
G1 F3600 X171.922 Y94.145 E88.87523
G1 X171.922 Y82.545 E89.26105
G1 X183.522 Y82.545 E89.64686
G1 X183.522 Y94.145 E90.03268
G0 F9000 X183.322 Y94.145
G0 X183.082 Y93.705
G0 X183.022 Y93.705
G0 X181.881 Y88.814
;TYPE:SKIN
G1 F3600 X178.686 Y90.647 E90.15519
G1 X178.686 Y86.041 E90.30839
G1 X181.881 Y87.876 E90.43094
G1 X181.881 Y88.814 E90.46213
G0 F9000 X181.76 Y88.422
G1 F3600 X180.64 Y87.302 E90.51482
G0 F9000 X179.31 Y86.538
G1 F3600 X181.604 Y88.832 E90.62272
G0 F9000 X181.245 Y89.038
G1 F3600 X178.805 Y86.598 E90.73749
G0 F9000 X178.805 Y87.164
G1 F3600 X180.885 Y89.244 E90.83532
G0 F9000 X180.526 Y89.451
G1 F3600 X178.805 Y87.73 E90.91628
G0 F9000 X178.805 Y88.295
G1 F3600 X180.167 Y89.657 E90.98034
G0 F9000 X179.808 Y89.864
M104 S195
G1 F3600 X178.805 Y88.861 E91.02752
G0 F9000 X178.805 Y89.427
G1 F3600 X179.448 Y90.069 E91.05774
G0 F9000 X179.088 Y90.276
G1 F3600 X178.805 Y89.992 E91.07107
G1 F2400 E90.07107
G0 F9000 X172.336 Y82.959
G0 X170.908 Y81.531
G0 X170.09 Y81.345
;TYPE:FILL
G1 F2400 E91.07107
G1 F4800 X170.373 Y80.896 E91.08961
G1 X170.722 Y80.691 E91.10374
G0 F9000 X167.615 Y81.345
G1 F4800 X168.38 Y80.896 E91.13472
G1 X168.778 Y80.264 E91.16081
G1 X168.746 Y79.632 E91.18291
G1 X168.577 Y79 E91.20575
G1 X168.315 Y78.368 E91.22965
G1 X167.928 Y77.736 E91.25553
G1 X167.331 Y77.104 E91.28589
G1 X166.394 Y76.472 E91.32536
G1 X165.317 Y75.84 E91.36897
G1 X165.022 Y75.371 E91.38832
G0 F9000 X166.291 Y72.127
G1 F4800 X166.366 Y72.048 E91.39212
G1 X167.303 Y71.416 E91.43159
G1 X168.106 Y70.945 E91.4641
G0 F9000 X170.272 Y70.945
G1 F4800 X169.975 Y71.416 E91.48355
G1 X170.007 Y72.048 E91.50565
G1 X170.176 Y72.68 E91.5285
G1 X170.438 Y73.312 E91.55239
G1 X170.722 Y73.776 E91.57139
G0 F9000 X160.322 Y73.302
G1 F4800 X160.326 Y73.312 E91.57176
G1 X160.713 Y73.944 E91.59765
G1 X161.31 Y74.576 E91.62801
G1 X162.247 Y75.208 E91.66748
G1 X163.324 Y75.84 E91.71109
G1 X163.722 Y76.472 E91.73717
G1 X163.69 Y77.104 E91.75927
G1 X163.521 Y77.736 E91.78212
G1 X163.259 Y78.368 E91.80601
G1 X162.872 Y79 E91.83189
G1 X162.275 Y79.632 E91.86225
G1 X161.338 Y80.264 E91.90172
G1 X160.322 Y80.86 E91.94286
G0 F9000 X170.852 Y81.475
G0 X170.922 Y81.545
;TYPE:WALL-INNER
G1 F6000 X160.122 Y81.545 E92.30207
G1 X160.122 Y70.745 E92.66128
G1 X170.922 Y70.745 E93.02049
G1 X170.922 Y81.545 E93.3797
G0 F9000 X171.322 Y81.945
;TYPE:WALL-OUTER
G1 F3600 X159.722 Y81.945 E93.76552
G1 X159.722 Y70.345 E94.15133
G1 X171.322 Y70.345 E94.53715
G1 X171.322 Y81.945 E94.92297
G0 F9000 X171.122 Y81.945
G0 X170.882 Y81.505
G0 X170.822 Y81.505
G0 X167.826 Y75.181
;TYPE:SKIN
G1 F3600 X163.22 Y75.181 E95.07616
G1 X165.053 Y71.986 E95.19868
G1 X165.991 Y71.986 E95.22987
G1 X167.826 Y75.181 E95.35242
G0 F9000 X165.444 Y72.106
G1 F3600 X166.564 Y73.226 E95.4051
G0 F9000 X167.328 Y74.555
G1 F3600 X165.033 Y72.26 E95.51305
G0 F9000 X164.826 Y72.619
G1 F3600 X167.267 Y75.06 E95.62787
G0 F9000 X166.701 Y75.06
G1 F3600 X164.62 Y72.979 E95.72575
G0 F9000 X164.414 Y73.338
G1 F3600 X166.136 Y75.06 E95.80675
G0 F9000 X165.57 Y75.06
G1 F3600 X164.207 Y73.698 E95.87084
G0 F9000 X164.001 Y74.057
G1 F3600 X165.004 Y75.06 E95.91802
G0 F9000 X164.439 Y75.06
G1 F3600 X163.795 Y74.417 E95.94828
G0 F9000 X163.589 Y74.776
G1 F3600 X163.873 Y75.06 E95.96164
G1 F2400 E94.96164
G1 F600 Z3.1
G92 E0
G0 X-20 F6000
M107
T1
G92 E0
M105
M109 S200
M104 T0 S200
M106 S255 P1
G1 F600 Z1.1
;MESH:0530?????????.stl
G0 F9000 X149.633 Y41.9
G0 X151.672 Y40.647
;TYPE:PRIME-TOWER
G1 F2400 E3.07876
G1 F3000 X150.003 Y38.615 E3.19683
G1 X148.763 Y36.295 E3.31495
G1 X148 Y33.776 E3.43313
G1 X147.742 Y31.16 E3.55116
G1 X148 Y28.543 E3.66923
G1 X148.763 Y26.024 E3.78741
G1 X150.003 Y23.704 E3.90553
G1 X151.672 Y21.672 E4.0236
G1 X153.704 Y20.003 E4.14167
G1 X156.024 Y18.763 E4.25979
G1 X158.543 Y18 E4.37797
G1 X161.16 Y17.742 E4.49605
G1 X163.776 Y18 E4.61408
G1 X166.295 Y18.763 E4.73226
G1 X168.615 Y20.003 E4.85037
G1 X170.647 Y21.672 E4.96844
G1 X172.316 Y23.704 E5.08651
G1 X173.556 Y26.024 E5.20463
G1 X174.319 Y28.542 E5.32277
G1 X174.578 Y31.16 E5.44089
G1 X174.319 Y33.777 E5.55897
G1 X173.556 Y36.295 E5.67711
G1 X172.316 Y38.615 E5.79523
G1 X170.647 Y40.647 E5.9133
G1 X168.615 Y42.316 E6.03137
G1 X166.295 Y43.556 E6.14949
G1 X163.777 Y44.319 E6.26762
G1 X161.16 Y44.578 E6.3857
G1 X158.542 Y44.319 E6.50383
G1 X156.024 Y43.556 E6.62197
G1 X153.704 Y42.316 E6.74008
G1 X151.672 Y40.647 E6.85815
G0 F9000 X151.992 Y40.327
G1 F3000 X150.38 Y38.364 E6.97221
G1 X149.18 Y36.12 E7.08647
G1 X148.443 Y33.688 E7.20057
G1 X148.194 Y31.16 E7.31463
G1 X148.443 Y28.631 E7.42873
G1 X149.18 Y26.199 E7.54284
G1 X150.38 Y23.955 E7.6571
G1 X151.992 Y21.992 E7.77115
G1 X153.955 Y20.38 E7.8852
G1 X156.199 Y19.18 E7.99946
G1 X158.631 Y18.443 E8.11357
G1 X161.16 Y18.194 E8.22767
G1 X163.688 Y18.443 E8.34173
G1 X166.12 Y19.18 E8.45583
G1 X168.364 Y20.38 E8.57009
G1 X170.327 Y21.992 E8.68415
G1 X171.939 Y23.955 E8.7982
G1 X173.139 Y26.199 E8.91246
G1 X173.876 Y28.631 E9.02656
G1 X174.125 Y31.16 E9.14067
G1 X173.876 Y33.688 E9.25472
G1 X173.139 Y36.12 E9.36883
G1 X171.939 Y38.364 E9.48309
G1 X170.327 Y40.327 E9.59714
G1 X168.364 Y41.939 E9.71119
G1 X166.12 Y43.139 E9.82545
G1 X163.688 Y43.876 E9.93956
G1 X161.16 Y44.125 E10.05362
G1 X158.631 Y43.876 E10.16772
G1 X156.199 Y43.139 E10.28182
G1 X153.955 Y41.939 E10.39608
G1 X151.992 Y40.327 E10.51014
G0 F9000 X152.311 Y40.008
G1 F3000 X150.756 Y38.114 E10.62017
G1 X149.599 Y35.949 E10.73039
G1 X148.887 Y33.598 E10.84069
G1 X148.647 Y31.16 E10.95069
G1 X148.887 Y28.721 E11.06073
G1 X149.599 Y26.37 E11.17103
G1 X150.756 Y24.205 E11.28125
G1 X152.311 Y22.311 E11.39128
G1 X154.205 Y20.756 E11.50132
G1 X156.37 Y19.599 E11.61154
G1 X158.721 Y18.887 E11.72183
G1 X161.16 Y18.647 E11.83188
G1 X163.598 Y18.887 E11.94188
G1 X165.949 Y19.599 E12.05217
G1 X168.114 Y20.756 E12.1624
G1 X170.008 Y22.311 E12.27243
G1 X171.563 Y24.205 E12.38246
G1 X172.72 Y26.37 E12.49268
G1 X173.432 Y28.721 E12.60298
G1 X173.673 Y31.16 E12.71303
G1 X173.432 Y33.598 E12.82303
G1 X172.72 Y35.949 E12.93333
G1 X171.563 Y38.114 E13.04355
G1 X170.008 Y40.008 E13.15358
G1 X168.114 Y41.563 E13.26362
G1 X165.949 Y42.72 E13.37384
G1 X163.598 Y43.432 E13.48414
G1 X161.16 Y43.673 E13.59414
G1 X158.721 Y43.432 E13.70419
G1 X156.37 Y42.72 E13.81448
G1 X154.205 Y41.563 E13.92471
G1 X152.311 Y40.008 E14.03474
G1 F2400 E13.03474
G0 F9000 X161.16 Y31.16
G0 X161.16 Y82.965
G0 X165.553 Y83.145
;TYPE:FILL
G1 F2400 E14.03474
G1 F4800 X165.382 Y83.424 E14.04617
G1 X165.12 Y84.056 E14.07006
G1 X164.969 Y84.62 E14.09045
G0 F9000 X166.747 Y86.822
G1 F4800 X167.331 Y87.216 E14.11505
G1 X167.928 Y87.848 E14.14541
G1 X168.315 Y88.48 E14.17129
G1 X168.577 Y89.112 E14.19519
G1 X168.746 Y89.744 E14.21803
G1 X168.778 Y90.376 E14.24013
G1 X168.38 Y91.008 E14.26622
G1 X167.303 Y91.64 E14.30983
G1 X166.366 Y92.272 E14.3493
G1 X165.769 Y92.904 E14.37966
G1 X165.382 Y93.536 E14.40554
G1 X165.378 Y93.545 E14.40588
G0 F9000 X160.332 Y93.545
G1 F4800 X160.326 Y93.536 E14.40626
G1 X160.322 Y93.526 E14.40664
G0 F9000 X160.322 Y90.972
G1 F4800 X161.338 Y90.376 E14.44777
G1 X162.275 Y89.744 E14.48725
G1 X162.872 Y89.112 E14.51761
G1 X163.011 Y88.885 E14.5269
G0 F9000 X163.582 Y87.62
G1 F4800 X163.69 Y87.216 E14.54151
G1 X163.722 Y86.584 E14.56361
G1 X163.324 Y85.952 E14.58969
G1 X162.247 Y85.32 E14.6333
G1 X161.31 Y84.688 E14.67277
G1 X160.713 Y84.056 E14.70313
G1 X160.326 Y83.424 E14.72901
G1 X160.322 Y83.414 E14.72939
G0 F9000 X170.322 Y83.145
G1 F4800 X170.438 Y83.424 E14.73994
G1 X170.722 Y83.888 E14.75894
G0 F9000 X170.722 Y90.803
G1 F4800 X170.373 Y91.008 E14.77308
G1 X169.975 Y91.64 E14.79916
G1 X170.007 Y92.272 E14.82126
G1 X170.176 Y92.904 E14.84411
G1 X170.438 Y93.536 E14.868
G1 X170.444 Y93.545 E14.86838
G0 F9000 X170.922 Y93.745
;TYPE:WALL-INNER
G1 F6000 X160.122 Y93.745 E15.22759
G1 X160.122 Y82.945 E15.5868
G1 X170.922 Y82.945 E15.946
G1 X170.922 Y93.745 E16.30521
G0 F9000 X171.322 Y94.145
;TYPE:WALL-OUTER
G1 F3600 X159.722 Y94.145 E16.69103
G1 X159.722 Y82.545 E17.07685
G1 X171.322 Y82.545 E17.46267
G1 X171.322 Y94.145 E17.84848
G0 F9000 X171.122 Y94.145
G0 X170.882 Y93.705
G0 X170.822 Y93.705
G0 X165.522 Y92.301
;TYPE:SKIN
G1 F3600 X163.094 Y88.666 E17.99388
G1 X163.552 Y87.81 E18.02617
G1 X164.487 Y87.81 E18.05726
G1 X164.487 Y84.81 E18.15704
G1 X166.557 Y84.81 E18.22589
G1 X166.557 Y87.81 E18.32567
G1 X167.492 Y87.81 E18.35677
G1 X167.95 Y88.666 E18.38906
G1 X165.522 Y92.301 E18.53445
G0 F9000 X165.562 Y92.023
G1 F3600 X165.313 Y91.773 E18.54619
G0 F9000 X165.788 Y91.684
G1 F3600 X164.173 Y90.069 E18.62215
G0 F9000 X163.266 Y88.595
G1 F3600 X166.015 Y91.345 E18.75148
G0 F9000 X166.242 Y91.006
G1 F3600 X163.462 Y88.226 E18.88224
G0 F9000 X163.731 Y87.93
G1 F3600 X166.469 Y90.667 E19.01101
G0 F9000 X166.695 Y90.327
G1 F3600 X164.297 Y87.93 E19.12378
G0 F9000 X164.605 Y87.672
G1 F3600 X166.921 Y89.988 E19.23271
G0 F9000 X167.148 Y89.649
G1 F3600 X164.605 Y87.107 E19.35231
G0 F9000 X164.605 Y86.541
G1 F3600 X167.375 Y89.31 E19.48257
G0 F9000 X167.601 Y88.971
G1 F3600 X166.56 Y87.93 E19.53154
G1 X166.436 Y87.806
G1 X164.605 Y85.975 E19.61766
G0 F9000 X164.605 Y85.41
G1 F3600 X166.436 Y87.24 E19.70377
G0 F9000 X166.436 Y86.675
G1 F3600 X164.691 Y84.929 E19.78587
G0 F9000 X165.257 Y84.929
G1 F3600 X166.436 Y86.109 E19.84135
G0 F9000 X166.436 Y85.543
G1 F3600 X165.822 Y84.929 E19.87023
G0 F9000 X167.126 Y87.93
G1 F3600 X167.758 Y88.562 E19.89996
G1 F2400 E18.89996
;MESH:NONMESH
G0 F600 X167.758 Y88.562 Z1.3
G0 F9000 X160.322 Y83.502
;TIME_ELAPSED:438.765496
;LAYER:5
;TYPE:FILL
;MESH:0530?????????.stl
G1 F2400 E19.89996
G1 F4800 X160.528 Y83.858 E19.91432
G1 X161.16 Y84.517 E19.94621
G1 X161.792 Y84.944 E19.97285
G1 X162.424 Y85.249 E19.99735
G1 X163.056 Y85.482 E20.02088
G1 X163.688 Y85.649 E20.0437
G1 X164.297 Y85.48 E20.06578
G0 F9000 X164.708 Y84.62
G1 F4800 X164.952 Y84.082 E20.08641
G1 X165.494 Y83.145 E20.12421
G0 F9000 X166.747 Y86.91
G1 F4800 X166.848 Y86.959 E20.12813
G1 X167.48 Y87.386 E20.15477
G1 X168.112 Y88.045 E20.18666
G1 X168.744 Y89.138 E20.23075
G1 X169.376 Y90.53 E20.28414
G1 X170.008 Y90.705 E20.30704
G1 X170.64 Y90.538 E20.32987
G1 X170.722 Y90.508 E20.33292
G0 F9000 X170.394 Y93.545
G1 F4800 X170.008 Y92.877 E20.35986
G1 X169.376 Y91.485 E20.41325
G1 X168.744 Y91.31 E20.43615
G1 X168.112 Y91.477 E20.45898
G1 X167.48 Y91.71 E20.4825
G1 X166.848 Y92.015 E20.50701
G1 X166.216 Y92.442 E20.53365
G1 X165.584 Y93.101 E20.56554
G1 X165.327 Y93.545 E20.58345
G0 F9000 X163.041 Y88.929
G1 F4800 X162.424 Y89.573 E20.6146
G1 X161.792 Y90 E20.64124
G1 X161.16 Y90.305 E20.66574
G1 X160.528 Y90.538 E20.68927
G1 X160.322 Y90.592 E20.6967
M104 S195
G0 F9000 X170.722 Y83.944
G1 F4800 X170.64 Y83.858 E20.70085
G1 X170.228 Y83.145 E20.72961
G0 F9000 X170.852 Y93.675
G0 X170.922 Y93.745
;TYPE:WALL-INNER
G1 F6000 X160.122 Y93.745 E21.08882
G1 X160.122 Y82.945 E21.44803
G1 X170.922 Y82.945 E21.80724
G1 X170.922 Y93.745 E22.16645
G0 F9000 X171.322 Y94.145
;TYPE:WALL-OUTER
G1 F3600 X159.722 Y94.145 E22.55227
G1 X159.722 Y82.545 E22.93808
G1 X171.322 Y82.545 E23.3239
G1 X171.322 Y94.145 E23.70972
G0 F9000 X171.122 Y94.145
G0 X170.882 Y93.705
G0 X170.822 Y93.705
G0 X165.522 Y92.301
;TYPE:SKIN
G1 F3600 X163.094 Y88.666 E23.85511
G1 X163.552 Y87.81 E23.8874
G1 X164.487 Y87.81 E23.9185
G1 X164.487 Y84.81 E24.01828
G1 X166.557 Y84.81 E24.08713
G1 X166.557 Y87.81 E24.18691
G1 X167.492 Y87.81 E24.21801
G1 X167.95 Y88.666 E24.2503
G1 X165.522 Y92.301 E24.39569
G0 F9000 X165.433 Y91.953
G1 F3600 X165.962 Y91.424 E24.42057
G0 F9000 X165.207 Y91.614
G1 F3600 X167.1 Y89.72 E24.50963
G0 F9000 X167.734 Y88.52
G1 F3600 X164.98 Y91.274 E24.63917
G0 F9000 X164.753 Y90.936
G1 F3600 X167.538 Y88.151 E24.77017
G0 F9000 X167.193 Y87.93
G1 F3600 X164.527 Y90.596 E24.89557
G0 F9000 X164.3 Y90.257
G1 F3600 X166.628 Y87.93 E25.00505
G0 F9000 X166.435 Y87.556
G1 F3600 X164.074 Y89.918 E25.11613
G0 F9000 X163.847 Y89.579
G1 F3600 X166.435 Y86.991 E25.23786
G0 F9000 X166.435 Y86.425
G1 F3600 X163.62 Y89.24 E25.37027
G0 F9000 X163.394 Y88.901
G1 F3600 X164.366 Y87.929 E25.41599
G0 F9000 X164.606 Y87.689
G1 F3600 X166.435 Y85.859 E25.50204
G0 F9000 X166.435 Y85.294
G1 F3600 X164.606 Y87.123 E25.58807
G0 F9000 X164.606 Y86.557
G1 F3600 X166.234 Y84.929 E25.66465
G0 F9000 X165.668 Y84.929
G1 F3600 X164.606 Y85.991 E25.7146
G0 F9000 X164.606 Y85.426
G1 F3600 X165.103 Y84.929 E25.73798
G0 F9000 X163.8 Y87.929
G1 F3600 X163.418 Y88.311 E25.75595
G1 F2400 E24.75595
G1 F600 Z3.3
G92 E0
G0 X340 F6000
M107 P1
T0
G92 E0
M105
M109 S200
M104 T1 S200
M106 S255
G1 F600 Z1.3
;MESH:0530?????????.stl
G0 F9000 X162.275 Y46.849
G0 X161.16 Y45.934
;TYPE:PRIME-TOWER
G1 F2400 E3.07876
G1 F3000 X158.275 Y45.649 E3.20893
G1 X155.505 Y44.809 E3.3389
G1 X152.954 Y43.446 E3.46877
G1 X150.713 Y41.606 E3.59896
G1 X148.873 Y39.365 E3.72916
G1 X147.51 Y36.814 E3.85902
G1 X146.67 Y34.044 E3.98899
G1 X146.386 Y31.16 E4.11911
G1 X146.67 Y28.275 E4.24928
G1 X147.51 Y25.505 E4.37925
G1 X148.873 Y22.954 E4.50912
G1 X150.713 Y20.713 E4.63931
G1 X152.954 Y18.873 E4.76951
G1 X155.505 Y17.51 E4.89938
G1 X158.275 Y16.67 E5.02935
G1 X161.16 Y16.386 E5.15951
G1 X164.044 Y16.67 E5.28963
G1 X166.814 Y17.51 E5.4196
G1 X169.365 Y18.873 E5.54947
G1 X171.606 Y20.713 E5.67967
G1 X173.446 Y22.954 E5.80986
G1 X174.809 Y25.505 E5.93973
G1 X175.649 Y28.275 E6.0697
G1 X175.934 Y31.16 E6.19987
G1 X175.649 Y34.044 E6.32999
G1 X174.809 Y36.814 E6.45996
G1 X173.446 Y39.365 E6.58983
G1 X171.606 Y41.606 E6.72003
G1 X169.365 Y43.446 E6.85022
G1 X166.814 Y44.809 E6.98009
G1 X164.044 Y45.649 E7.11006
G1 X161.16 Y45.934 E7.24018
G0 F9000 X161.16 Y45.481
G1 F3000 X158.365 Y45.205 E7.36629
G1 X155.676 Y44.391 E7.49244
G1 X153.204 Y43.069 E7.61831
G1 X151.033 Y41.286 E7.74446
G1 X149.25 Y39.115 E7.8706
G1 X147.928 Y36.643 E7.99647
G1 X147.114 Y33.955 E8.12258
G1 X146.838 Y31.16 E8.24869
G1 X147.114 Y28.364 E8.37484
G1 X147.928 Y25.676 E8.50095
G1 X149.25 Y23.204 E8.62682
G1 X151.033 Y21.033 E8.75296
G1 X153.204 Y19.25 E8.8791
G1 X155.676 Y17.928 E9.00497
G1 X158.364 Y17.114 E9.13108
G1 X161.16 Y16.838 E9.25724
G1 X163.955 Y17.114 E9.38334
G1 X166.643 Y17.928 E9.50945
G1 X169.115 Y19.25 E9.63532
G1 X171.286 Y21.033 E9.76147
G1 X173.069 Y23.204 E9.88761
G1 X174.391 Y25.676 E10.01348
G1 X175.205 Y28.365 E10.13963
G1 X175.481 Y31.16 E10.26574
G1 X175.205 Y33.954 E10.3918
G1 X174.391 Y36.643 E10.51795
G1 X173.069 Y39.115 E10.64382
G1 X171.286 Y41.286 E10.76997
G1 X169.115 Y43.069 E10.89611
G1 X166.643 Y44.391 E11.02198
G1 X163.954 Y45.205 E11.14813
G1 X161.16 Y45.481 E11.27419
G0 F9000 X161.16 Y45.029
G1 F3000 X158.452 Y44.762 E11.39638
G1 X155.849 Y43.972 E11.51852
G1 X153.457 Y42.694 E11.64029
G1 X151.353 Y40.966 E11.76254
G1 X149.625 Y38.862 E11.88479
G1 X148.347 Y36.47 E12.00656
G1 X147.557 Y33.866 E12.12875
G1 X147.291 Y31.16 E12.25084
G1 X147.557 Y28.453 E12.37297
G1 X148.347 Y25.849 E12.49515
G1 X149.625 Y23.457 E12.61693
G1 X151.353 Y21.353 E12.73918
G1 X153.457 Y19.625 E12.86143
G1 X155.849 Y18.347 E12.9832
G1 X158.453 Y17.557 E13.10538
G1 X161.16 Y17.291 E13.22752
G1 X163.866 Y17.557 E13.3496
G1 X166.47 Y18.347 E13.47179
G1 X168.862 Y19.625 E13.59356
G1 X170.966 Y21.353 E13.71581
G1 X172.694 Y23.457 E13.83806
G1 X173.972 Y25.849 E13.95983
G1 X174.762 Y28.452 E14.08197
G1 X175.029 Y31.16 E14.20416
G1 X174.762 Y33.867 E14.32629
G1 X173.972 Y36.47 E14.44844
G1 X172.694 Y38.862 E14.57021
G1 X170.966 Y40.966 E14.69246
G1 X168.862 Y42.694 E14.81471
G1 X166.47 Y43.972 E14.93648
G1 X163.867 Y44.762 E15.05862
G1 X161.16 Y45.029 E15.18076
G1 F2400 E14.18076
G0 F9000 X161.16 Y31.16
G0 X158.708 Y82.959
G0 X155.382 Y83.145
;TYPE:FILL
G1 F2400 E15.18076
G1 F4800 X154.84 Y84.082 E15.21856
G1 X154.208 Y85.474 E15.27195
G1 X153.576 Y85.649 E15.29485
G1 X152.944 Y85.482 E15.31768
G1 X152.312 Y85.249 E15.34121
G1 X151.68 Y84.944 E15.36571
G1 X151.048 Y84.517 E15.39235
G1 X150.416 Y83.858 E15.42424
G1 X150.004 Y83.145 E15.453
G0 F9000 X148.122 Y88.45
G1 F4800 X148.52 Y89.138 E15.48075
G1 X149.152 Y90.53 E15.53414
G1 X149.784 Y90.705 E15.55704
G1 X150.416 Y90.538 E15.57987
G1 X151.048 Y90.305 E15.6034
G1 X151.228 Y90.218 E15.61038
G0 F9000 X152.549 Y89.326
G1 F4800 X152.944 Y88.914 E15.63031
G1 X153.576 Y87.821 E15.6744
G1 X154.208 Y86.429 E15.72779
G1 X154.84 Y86.254 E15.7507
G1 X155.472 Y86.421 E15.77352
G1 X156.104 Y86.654 E15.79705
G1 X156.736 Y86.959 E15.82156
G1 X157.368 Y87.386 E15.84819
G1 X158 Y88.045 E15.88008
G1 X158.522 Y88.948 E15.91651
G0 F9000 X158.522 Y91.339
G1 F4800 X158 Y91.477 E15.93536
G1 X157.368 Y91.71 E15.95888
G1 X156.736 Y92.015 E15.98339
G1 X156.104 Y92.442 E16.01003
G1 X155.472 Y93.101 E16.04192
G1 X155.215 Y93.545 E16.05983
G0 F9000 X150.17 Y93.545
G1 F4800 X149.784 Y92.877 E16.08678
G1 X149.152 Y91.485 E16.14016
G1 X148.52 Y91.31 E16.16307
G1 X148.122 Y91.415 E16.17744
G0 F9000 X158.652 Y93.675
G0 X158.722 Y93.745
;TYPE:WALL-INNER
G1 F6000 X147.922 Y93.745 E16.53665
G1 X147.922 Y82.945 E16.89586
G1 X158.722 Y82.945 E17.25507
G1 X158.722 Y93.745 E17.61428
G0 F9000 X159.122 Y94.145
;TYPE:WALL-OUTER
G1 F3600 X147.522 Y94.145 E18.0001
G1 X147.522 Y82.545 E18.38591
G1 X159.122 Y82.545 E18.77173
G1 X159.122 Y94.145 E19.15755
G0 F9000 X158.922 Y94.145
G0 X158.682 Y93.705
G0 X158.622 Y93.705
G0 X152.359 Y90.647
;TYPE:SKIN
G1 F3600 X149.163 Y88.813 E19.28011
G1 X149.163 Y87.876 E19.31127
G1 X152.359 Y86.042 E19.43383
G1 X152.359 Y90.647 E19.58699
G0 F9000 X151.879 Y90.233
G1 F3600 X152.237 Y89.875 E19.60383
G0 F9000 X152.237 Y89.309
G1 F3600 X151.519 Y90.028 E19.63763
G0 F9000 X151.16 Y89.821
G1 F3600 X152.237 Y88.744 E19.68829
G0 F9000 X152.237 Y88.178
G1 F3600 X150.801 Y89.615 E19.75586
G0 F9000 X150.441 Y89.408
G1 F3600 X152.237 Y87.612 E19.84033
G0 F9000 X152.237 Y87.046
G1 F3600 X150.082 Y89.202 E19.94172
G0 F9000 X149.722 Y88.996
G1 F3600 X152.237 Y86.481 E20.06002
G0 F9000 X151.454 Y86.699
G1 F3600 X149.363 Y88.789 E20.15835
G0 F9000 X149.282 Y88.305
G1 F3600 X150.125 Y87.462 E20.198
G1 F2400 E19.198
G0 F9000 X158.708 Y93.731
G0 X160.136 Y95.159
G0 X162.391 Y95.345
;TYPE:FILL
G1 F2400 E20.198
G1 F4800 X162.424 Y95.361 E20.19928
G1 X163.056 Y95.594 E20.22281
G1 X163.688 Y95.761 E20.24564
G1 X164.32 Y95.586 E20.26854
G1 X164.429 Y95.345 E20.27778
G0 F9000 X160.322 Y100.704
G1 F4800 X160.528 Y100.65 E20.28521
G1 X161.16 Y100.417 E20.30874
G1 X161.792 Y100.112 E20.33324
G1 X162.424 Y99.685 E20.35988
G1 X163.056 Y99.026 E20.39177
G1 X163.688 Y97.933 E20.43586
G1 X164.32 Y96.541 E20.48925
G1 X164.952 Y96.366 E20.51215
G1 X165.584 Y96.533 E20.53498
G1 X166.216 Y96.766 E20.5585
G1 X166.848 Y97.071 E20.58301
G1 X167.48 Y97.498 E20.60965
G1 X168.112 Y98.157 E20.64154
G1 X168.744 Y99.25 E20.68563
G1 X169.376 Y100.642 E20.73902
G1 X170.008 Y100.817 E20.76192
G1 X170.64 Y100.65 E20.78475
G1 X170.722 Y100.62 E20.7878
G0 F9000 X167.968 Y101.642
G1 F4800 X168.112 Y101.589 E20.79316
G1 X168.744 Y101.422 E20.81599
G1 X169.376 Y101.597 E20.83889
G1 X170.008 Y102.989 E20.89228
G1 X170.64 Y104.082 E20.93637
G1 X170.722 Y104.168 E20.94052
G0 F9000 X164.799 Y104.644
G1 F4800 X164.32 Y105.698 E20.98095
G1 X164.15 Y105.745 E20.98711
G0 F9000 X163.204 Y105.745
G1 F4800 X163.056 Y105.706 E20.99246
G1 X162.424 Y105.473 E21.01598
G1 X161.792 Y105.168 E21.04049
G1 X161.16 Y104.741 E21.06712
G1 X160.528 Y104.082 E21.09901
G1 X160.322 Y103.726 E21.11337
G0 F9000 X170.852 Y105.875
G0 X170.922 Y105.945
;TYPE:WALL-INNER
G1 F6000 X160.122 Y105.945 E21.47258
G1 X160.122 Y95.145 E21.83179
G1 X170.922 Y95.145 E22.191
G1 X170.922 Y105.945 E22.55021
G0 F9000 X171.322 Y106.345
;TYPE:WALL-OUTER
G1 F3600 X159.722 Y106.345 E22.93603
G1 X159.722 Y94.745 E23.32185
G1 X171.322 Y94.745 E23.70767
G1 X171.322 Y106.345 E24.09348
G0 F9000 X171.122 Y106.345
G0 X170.882 Y105.905
G0 X170.822 Y105.905
G0 X165.991 Y104.704
;TYPE:SKIN
G1 F3600 X165.054 Y104.704 E24.12465
G1 X163.22 Y101.508 E24.24721
G1 X167.825 Y101.508 E24.40037
G1 X165.991 Y104.704 E24.52293
G0 F9000 X165.813 Y104.583
G1 F3600 X166.062 Y104.335 E24.53461
G0 F9000 X165.248 Y104.583
G1 F3600 X166.824 Y103.007 E24.60875
G0 F9000 X167.072 Y101.628
G1 F3600 X164.756 Y103.943 E24.71766
G0 F9000 X164.55 Y103.584
G1 F3600 X166.506 Y101.628 E24.80966
G0 F9000 X165.94 Y101.628
G1 F3600 X164.344 Y103.224 E24.88473
G0 F9000 X164.137 Y102.865
G1 F3600 X165.375 Y101.628 E24.94294
G0 F9000 X164.809 Y101.628
G1 F3600 X163.931 Y102.506 E24.98424
G0 F9000 X163.724 Y102.147
G1 F3600 X164.243 Y101.628 E25.00865
G0 F9000 X163.678 Y101.628
G1 F3600 X163.518 Y101.788 E25.01618
G0 F9000 X164.963 Y104.303
G1 F3600 X167.587 Y101.678 E25.13963
G1 F2400 E24.13963
G0 F9000 X170.908 Y95.159
G0 X172.336 Y93.731
G0 X175.439 Y93.545
;TYPE:FILL
G1 F2400 E25.13963
G1 F4800 X175.696 Y93.101 E25.15754
G1 X176.328 Y92.442 E25.18943
G1 X176.96 Y92.015 E25.21607
G1 X177.592 Y91.71 E25.24057
G1 X178.224 Y91.477 E25.2641
G1 X178.856 Y91.31 E25.28693
G1 X179.488 Y91.485 E25.30983
G1 X180.12 Y92.877 E25.36322
G1 X180.506 Y93.545 E25.39016
G0 F9000 X179.444 Y90.432
G1 F4800 X179.488 Y90.53 E25.39391
G1 X180.12 Y90.705 E25.41682
G1 X180.752 Y90.538 E25.43964
G1 X181.384 Y90.305 E25.46317
G1 X182.016 Y90 E25.48768
G1 X182.648 Y89.573 E25.51431
G1 X182.922 Y89.287 E25.52814
G0 F9000 X182.922 Y85.35
G1 F4800 X182.648 Y85.249 E25.53834
G1 X182.016 Y84.944 E25.56285
G1 X181.384 Y84.517 E25.58949
G1 X180.752 Y83.858 E25.62137
G1 X180.34 Y83.145 E25.65013
G0 F9000 X175.606 Y83.145
G1 F4800 X175.064 Y84.082 E25.68794
G1 X174.432 Y85.474 E25.74132
G1 X173.8 Y85.649 E25.76423
G1 X173.168 Y85.482 E25.78706
G1 X172.536 Y85.249 E25.81058
G1 X172.522 Y85.242 E25.81113
G0 F9000 X172.522 Y89.582
G1 F4800 X172.536 Y89.573 E25.81171
G1 X173.168 Y88.914 E25.84359
G1 X173.8 Y87.821 E25.88769
G1 X174.432 Y86.429 E25.94108
G1 X175.064 Y86.254 E25.96398
G1 X175.696 Y86.421 E25.98681
G1 X176.328 Y86.654 E26.01033
G1 X176.96 Y86.959 E26.03484
G1 X177.592 Y87.386 E26.06147
G1 X178.224 Y88.045 E26.09336
G1 X178.496 Y88.515 E26.11233
G0 F9000 X183.052 Y93.675
G0 X183.122 Y93.745
;TYPE:WALL-INNER
G1 F6000 X172.322 Y93.745 E26.47154
G1 X172.322 Y82.945 E26.83074
G1 X183.122 Y82.945 E27.18995
G1 X183.122 Y93.745 E27.54916
G0 F9000 X183.522 Y94.145
;TYPE:WALL-OUTER
G1 F3600 X171.922 Y94.145 E27.93498
G1 X171.922 Y82.545 E28.3208
G1 X183.522 Y82.545 E28.70662
G1 X183.522 Y94.145 E29.09243
G0 F9000 X183.322 Y94.145
G0 X183.082 Y93.705
G0 X183.022 Y93.705
G0 X181.881 Y88.814
;TYPE:SKIN
G1 F3600 X178.686 Y90.647 E29.21495
G1 X178.686 Y86.041 E29.36814
G1 X181.881 Y87.876 E29.49069
G1 X181.881 Y88.814 E29.52189
G0 F9000 X181.759 Y88.637
G1 F3600 X181.51 Y88.887 E29.53362
G0 F9000 X181.759 Y88.072
G1 F3600 X180.182 Y89.649 E29.6078
G0 F9000 X178.805 Y89.895
G1 F3600 X181.121 Y87.578 E29.71676
G0 F9000 X180.762 Y87.372
G1 F3600 X178.805 Y89.329 E29.80881
G0 F9000 X178.805 Y88.763
G1 F3600 X180.403 Y87.165 E29.88398
G0 F9000 X180.044 Y86.959
G1 F3600 X178.805 Y88.198 E29.94226
G0 F9000 X178.805 Y87.632
G1 F3600 X179.685 Y86.752 E29.98365
G0 F9000 X179.325 Y86.546
G1 F3600 X178.805 Y87.066 E30.00811
G0 F9000 X178.805 Y86.501
G1 F3600 X178.966 Y86.339 E30.0157
G0 F9000 X181.481 Y87.785
G1 F3600 X178.854 Y90.411 E30.13925
G1 F2400 E29.13925
G0 F9000 X172.336 Y82.959
G0 X170.908 Y81.531
G0 X170.722 Y80.396
;TYPE:FILL
G1 F2400 E30.13925
G1 F4800 X170.64 Y80.426 E30.1423
G1 X170.008 Y80.593 E30.16512
G1 X169.376 Y80.418 E30.18803
G1 X168.744 Y79.026 E30.24142
G1 X168.112 Y77.933 E30.28551
G1 X167.48 Y77.274 E30.3174
G1 X166.848 Y76.847 E30.34403
G1 X166.216 Y76.542 E30.36854
G1 X165.584 Y76.309 E30.39206
G1 X164.952 Y76.142 E30.41489
G1 X164.32 Y76.317 E30.43779
G1 X163.688 Y77.709 E30.49118
G1 X163.056 Y78.802 E30.53528
G1 X162.424 Y79.461 E30.56716
G1 X161.792 Y79.888 E30.5938
G1 X161.16 Y80.193 E30.61831
G1 X160.528 Y80.426 E30.64183
G1 X160.322 Y80.48 E30.64927
G0 F9000 X162.92 Y75.32
G1 F4800 X162.424 Y75.137 E30.66773
G1 X161.792 Y74.832 E30.69224
G1 X161.16 Y74.405 E30.71888
G1 X160.528 Y73.746 E30.75076
G1 X160.322 Y73.39 E30.76513
G0 F9000 X163.06 Y75.371
G1 F4800 X163.688 Y75.537 E30.78781
G1 X164.287 Y75.371 E30.80952
G0 F9000 X166.308 Y72.156
G1 F4800 X166.848 Y71.791 E30.83228
G1 X167.48 Y71.486 E30.85679
G1 X168.112 Y71.253 E30.88031
G1 X168.744 Y71.086 E30.90314
G1 X169.376 Y71.261 E30.92604
G1 X170.008 Y72.653 E30.97943
G1 X170.64 Y73.746 E31.02353
G1 X170.722 Y73.832 E31.02768
G0 F9000 X169.275 Y81.345
G1 F4800 X168.744 Y81.198 E31.04692
G1 X168.188 Y81.345 E31.067
G0 F9000 X170.852 Y81.475
G0 X170.922 Y81.545
;TYPE:WALL-INNER
G1 F6000 X160.122 Y81.545 E31.42621
G1 X160.122 Y70.745 E31.78542
G1 X170.922 Y70.745 E32.14463
G1 X170.922 Y81.545 E32.50384
G0 F9000 X171.322 Y81.945
;TYPE:WALL-OUTER
G1 F3600 X159.722 Y81.945 E32.88966
G1 X159.722 Y70.345 E33.27547
G1 X171.322 Y70.345 E33.66129
G1 X171.322 Y81.945 E34.04711
G0 F9000 X171.122 Y81.945
G0 X170.882 Y81.505
G0 X170.822 Y81.505
G0 X167.826 Y75.181
;TYPE:SKIN
G1 F3600 X163.22 Y75.181 E34.20031
G1 X165.053 Y71.986 E34.32282
G1 X165.991 Y71.986 E34.35402
G1 X167.826 Y75.181 E34.47656
G0 F9000 X167.411 Y74.701
G1 F3600 X167.052 Y75.06 E34.49345
G0 F9000 X166.486 Y75.06
G1 F3600 X167.205 Y74.342 E34.52724
G0 F9000 X166.998 Y73.983
G1 F3600 X165.921 Y75.06 E34.5779
G0 F9000 X165.355 Y75.06
G1 F3600 X166.792 Y73.623 E34.64549
G0 F9000 X166.585 Y73.264
G1 F3600 X164.789 Y75.06 E34.72997
G0 F9000 X164.224 Y75.06
G1 F3600 X166.379 Y72.905 E34.83134
G0 F9000 X166.172 Y72.546
G1 F3600 X163.658 Y75.06 E34.94959
G0 F9000 X163.876 Y74.277
G1 F3600 X165.966 Y72.187 E35.0479
G0 F9000 X165.482 Y72.105
G1 F3600 X164.638 Y72.949 E35.08759
G1 F2400 E34.08759
;MESH:NONMESH
G0 F600 X164.638 Y72.949 Z1.5
G0 F9000 X160.136 Y70.759
G0 X157.676 Y46.535
;TIME_ELAPSED:462.136761
;LAYER:6
;MESH:0530?????????.stl
G0 X158.275 Y45.649
;TYPE:PRIME-TOWER
G1 F2400 E35.08759
G1 F3000 X155.505 Y44.809 E35.21756
G1 X152.954 Y43.446 E35.34743
G1 X150.713 Y41.606 E35.47763
G1 X148.873 Y39.365 E35.60782
G1 X147.51 Y36.814 E35.73769
G1 X146.67 Y34.044 E35.86766
G1 X146.386 Y31.16 E35.99778
G1 X146.67 Y28.275 E36.12795
G1 X147.51 Y25.505 E36.25792
G1 X148.873 Y22.954 E36.38778
G1 X150.713 Y20.713 E36.51798
G1 X152.954 Y18.873 E36.64817
G1 X155.505 Y17.51 E36.77804
G1 X158.275 Y16.67 E36.90801
G1 X161.16 Y16.386 E37.03818
G1 X164.044 Y16.67 E37.1683
G1 X166.814 Y17.51 E37.29827
G1 X169.365 Y18.873 E37.42814
G1 X171.606 Y20.713 E37.55833
G1 X173.446 Y22.954 E37.68853
G1 X174.809 Y25.505 E37.81839
G1 X175.649 Y28.275 E37.94836
G1 X175.934 Y31.16 E38.07853
G1 X175.649 Y34.044 E38.20866
G1 X174.809 Y36.814 E38.33863
G1 X173.446 Y39.365 E38.4685
G1 X171.606 Y41.606 E38.59869
G1 X169.365 Y43.446 E38.72889
G1 X166.814 Y44.809 E38.85875
G1 X164.044 Y45.649 E38.98872
G1 X161.16 Y45.934 E39.11885
G1 X158.275 Y45.649 E39.24902
G0 F9000 X158.365 Y45.205
G1 F3000 X155.676 Y44.391 E39.37517
G1 X153.204 Y43.069 E39.50104
G1 X151.033 Y41.286 E39.62718
G1 X149.25 Y39.115 E39.75333
G1 X147.928 Y36.643 E39.8792
G1 X147.114 Y33.955 E40.0053
G1 X146.838 Y31.16 E40.13141
G1 X147.114 Y28.364 E40.25757
G1 X147.928 Y25.676 E40.38367
G1 X149.25 Y23.204 E40.50955
G1 X151.033 Y21.033 E40.63569
G1 X153.204 Y19.25 E40.76183
G1 X155.676 Y17.928 E40.8877
G1 X158.364 Y17.114 E41.01381
G1 X161.16 Y16.838 E41.13996
G1 X163.955 Y17.114 E41.26607
G1 X166.643 Y17.928 E41.39218
G1 X169.115 Y19.25 E41.51805
G1 X171.286 Y21.033 E41.64419
G1 X173.069 Y23.204 E41.77033
G1 X174.391 Y25.676 E41.89621
G1 X175.205 Y28.365 E42.02236
G1 X175.481 Y31.16 E42.14847
G1 X175.205 Y33.954 E42.27453
G1 X174.391 Y36.643 E42.40068
G1 X173.069 Y39.115 E42.52655
G1 X171.286 Y41.286 E42.65269
G1 X169.115 Y43.069 E42.77884
G1 X166.643 Y44.391 E42.90471
G1 X163.954 Y45.205 E43.03086
G1 X161.16 Y45.481 E43.15692
G1 X158.365 Y45.205 E43.28303
G0 F9000 X158.452 Y44.762
G1 F3000 X155.849 Y43.972 E43.40517
G1 X153.457 Y42.694 E43.52694
G1 X151.353 Y40.966 E43.64919
G1 X149.625 Y38.862 E43.77144
G1 X148.347 Y36.47 E43.89322
G1 X147.557 Y33.866 E44.0154
G1 X147.291 Y31.16 E44.13749
G1 X147.557 Y28.453 E44.25962
G1 X148.347 Y25.849 E44.38181
G1 X149.625 Y23.457 E44.50358
G1 X151.353 Y21.353 E44.62583
G1 X153.457 Y19.625 E44.74808
G1 X155.849 Y18.347 E44.86985
G1 X158.453 Y17.557 E44.99204
G1 X161.16 Y17.291 E45.11417
G1 X163.866 Y17.557 E45.23626
G1 X166.47 Y18.347 E45.35844
G1 X168.862 Y19.625 E45.48022
G1 X170.966 Y21.353 E45.60247
G1 X172.694 Y23.457 E45.72472
G1 X173.972 Y25.849 E45.84649
G1 X174.762 Y28.452 E45.96863
G1 X175.029 Y31.16 E46.09081
G1 X174.762 Y33.867 E46.21295
G1 X173.972 Y36.47 E46.33509
G1 X172.694 Y38.862 E46.45686
G1 X170.966 Y40.966 E46.57911
G1 X168.862 Y42.694 E46.70136
G1 X166.47 Y43.972 E46.82313
G1 X163.867 Y44.762 E46.94528
G1 X161.16 Y45.029 E47.06741
G1 X158.452 Y44.762 E47.1896
G1 F2400 E46.1896
G0 F9000 X158.452 Y82.965
G0 X158.652 Y93.675
G1 F2400 E47.1896
G0 F9000 X158.722 Y93.745
;TYPE:WALL-INNER
G1 F6000 X147.922 Y93.745 E47.54881
G1 X147.922 Y82.945 E47.90802
G1 X158.722 Y82.945 E48.26722
G1 X158.722 Y93.745 E48.62643
G0 F9000 X159.122 Y94.145
;TYPE:WALL-OUTER
G1 F3600 X147.522 Y94.145 E49.01225
G1 X147.522 Y82.545 E49.39807
G1 X159.122 Y82.545 E49.78389
G1 X159.122 Y94.145 E50.1697
G0 F9000 X158.922 Y94.145
G0 X158.682 Y93.705
G0 X158.332 Y93.355
;TYPE:SKIN
G1 F3600 X148.312 Y93.355 E50.50297
G1 X148.312 Y83.335 E50.83624
G1 X158.332 Y83.335 E51.1695
G1 X158.332 Y93.355 E51.50277
G0 F9000 X158.211 Y83.541
G1 F3600 X158.125 Y83.454 E51.50684
G0 F9000 X157.559 Y83.454
G1 F3600 X158.211 Y84.106 E51.53751
G0 F9000 X158.211 Y84.672
G1 F3600 X156.993 Y83.454 E51.5948
G0 F9000 X156.428 Y83.454
G1 F3600 X158.211 Y85.238 E51.67869
G0 F9000 X158.211 Y85.803
G1 F3600 X155.862 Y83.454 E51.78918
G0 F9000 X155.296 Y83.454
G1 F3600 X158.211 Y86.369 E51.92629
G0 F9000 X158.211 Y86.935
G1 F3600 X154.731 Y83.454 E52.09
G0 F9000 X154.165 Y83.454
G1 F3600 X158.211 Y87.5 E52.28031
G0 F9000 X158.211 Y88.066
G1 F3600 X153.599 Y83.454 E52.49725
G0 F9000 X153.034 Y83.454
G1 F3600 X158.211 Y88.632 E52.74078
G0 F9000 X158.211 Y89.197
G1 F3600 X152.468 Y83.454 E53.01092
G0 F9000 X151.902 Y83.454
G1 F3600 X158.211 Y89.763 E53.30767
G0 F9000 X158.211 Y90.329
G1 F3600 X151.337 Y83.454 E53.63103
G0 F9000 X150.771 Y83.454
G1 F3600 X158.211 Y90.895 E53.98101
G0 F9000 X158.211 Y91.46
G1 F3600 X150.205 Y83.454 E54.35758
G0 F9000 X149.64 Y83.454
G1 F3600 X158.211 Y92.026 E54.76076
G0 F9000 X158.211 Y92.592
G1 F3600 X149.074 Y83.454 E55.19056
G0 F9000 X148.508 Y83.454
G1 F3600 X158.211 Y93.157 E55.64696
G0 F9000 X157.722 Y93.234
G1 F3600 X148.43 Y83.942 E56.08403
G0 F9000 X148.43 Y84.508
G1 F3600 X157.157 Y93.234 E56.49449
G0 F9000 X156.591 Y93.234
G1 F3600 X148.43 Y85.074 E56.87834
G0 F9000 X148.43 Y85.639
G1 F3600 X156.025 Y93.234 E57.23558
G0 F9000 X155.46 Y93.234
G1 F3600 X148.43 Y86.205 E57.56623
G0 F9000 X148.43 Y86.771
G1 F3600 X154.894 Y93.234 E57.87025
G0 F9000 X154.328 Y93.234
G1 F3600 X148.43 Y87.336 E58.14768
G0 F9000 X148.43 Y87.902
G1 F3600 X153.763 Y93.234 E58.3985
G0 F9000 X153.197 Y93.234
G1 F3600 X148.43 Y88.468 E58.6227
G0 F9000 X148.43 Y89.033
G1 F3600 X152.631 Y93.234 E58.82031
G0 F9000 X152.066 Y93.234
G1 F3600 X148.43 Y89.599 E58.99131
G0 F9000 X148.43 Y90.165
G1 F3600 X151.5 Y93.234 E59.13569
G0 F9000 X150.934 Y93.234
G1 F3600 X148.43 Y90.73 E59.25347
G0 F9000 X148.43 Y91.296
G1 F3600 X150.369 Y93.234 E59.34465
G0 F9000 X149.803 Y93.234
G1 F3600 X148.43 Y91.862 E59.40921
G0 F9000 X148.43 Y92.428
G1 F3600 X149.237 Y93.234 E59.44714
G0 F9000 X148.672 Y93.234
G1 F3600 X148.43 Y92.993 E59.4585
G1 F2400 E58.4585
G0 F9000 X158.708 Y93.731
G0 X160.136 Y95.159
G0 X170.852 Y105.875
G1 F2400 E59.4585
G0 F9000 X170.922 Y105.945
;TYPE:WALL-INNER
G1 F6000 X160.122 Y105.945 E59.81771
G1 X160.122 Y95.145 E60.17692
G1 X170.922 Y95.145 E60.53613
G1 X170.922 Y105.945 E60.89534
G0 F9000 X171.322 Y106.345
;TYPE:WALL-OUTER
G1 F3600 X159.722 Y106.345 E61.28116
G1 X159.722 Y94.745 E61.66698
G1 X171.322 Y94.745 E62.05279
G1 X171.322 Y106.345 E62.43861
G0 F9000 X171.122 Y106.345
G0 X170.882 Y105.905
G0 X170.532 Y105.555
;TYPE:SKIN
G1 F3600 X160.512 Y105.555 E62.77188
G1 X160.512 Y95.535 E63.10514
G1 X170.532 Y95.535 E63.43841
G1 X170.532 Y105.555 E63.77168
G0 F9000 X170.411 Y95.74
G1 F3600 X170.325 Y95.655 E63.7757
G0 F9000 X169.76 Y95.655
G1 F3600 X170.411 Y96.306 E63.80632
G0 F9000 X170.411 Y96.872
G1 F3600 X169.194 Y95.655 E63.86356
G0 F9000 X168.628 Y95.655
G1 F3600 X170.411 Y97.437 E63.94741
G0 F9000 X170.411 Y98.003
G1 F3600 X168.063 Y95.655 E64.05785
G0 F9000 X167.497 Y95.655
G1 F3600 X170.411 Y98.569 E64.19492
G0 F9000 X170.411 Y99.134
G1 F3600 X166.931 Y95.655 E64.35858
G0 F9000 X166.365 Y95.655
G1 F3600 X170.411 Y99.7 E64.54887
G0 F9000 X170.411 Y100.266
G1 F3600 X165.8 Y95.655 E64.76576
G0 F9000 X165.234 Y95.655
G1 F3600 X170.411 Y100.832 E65.00927
G0 F9000 X170.411 Y101.397
G1 F3600 X164.668 Y95.655 E65.27938
G0 F9000 X164.103 Y95.655
G1 F3600 X170.411 Y101.963 E65.57609
G0 F9000 X170.411 Y102.529
G1 F3600 X163.537 Y95.655 E65.89942
G0 F9000 X162.971 Y95.655
G1 F3600 X170.411 Y103.094 E66.24935
G0 F9000 X170.411 Y103.66
G1 F3600 X162.406 Y95.655 E66.62588
G0 F9000 X161.84 Y95.655
G1 F3600 X170.411 Y104.226 E67.02903
G0 F9000 X170.411 Y104.791
G1 F3600 X161.274 Y95.655 E67.45879
G0 F9000 X160.709 Y95.655
G1 F3600 X170.411 Y105.357 E67.91514
G0 F9000 X169.922 Y105.434
G1 F3600 X160.631 Y96.143 E68.35216
G0 F9000 X160.631 Y96.708
G1 F3600 X169.357 Y105.434 E68.7626
G0 F9000 X168.791 Y105.434
G1 F3600 X160.631 Y97.274 E69.14642
G0 F9000 X160.631 Y97.84
G1 F3600 X168.225 Y105.434 E69.50362
G0 F9000 X167.659 Y105.434
G1 F3600 X160.631 Y98.405 E69.83422
G0 F9000 X160.631 Y98.971
G1 F3600 X167.094 Y105.434 E70.13822
G0 F9000 X166.528 Y105.434
G1 F3600 X160.631 Y99.537 E70.4156
G0 F9000 X160.631 Y100.102
G1 F3600 X165.962 Y105.434 E70.66638
G0 F9000 X165.397 Y105.434
G1 F3600 X160.631 Y100.668 E70.89055
G0 F9000 X160.631 Y101.234
G1 F3600 X164.831 Y105.434 E71.08811
G0 F9000 X164.265 Y105.434
G1 F3600 X160.631 Y101.8 E71.25904
G0 F9000 X160.631 Y102.365
G1 F3600 X163.7 Y105.434 E71.4034
G0 F9000 X163.134 Y105.434
G1 F3600 X160.631 Y102.931 E71.52113
G0 F9000 X160.631 Y103.497
G1 F3600 X162.568 Y105.434 E71.61224
G0 F9000 X162.003 Y105.434
G1 F3600 X160.631 Y104.062 E71.67678
G0 F9000 X160.631 Y104.628
G1 F3600 X161.437 Y105.434 E71.71469
G0 F9000 X160.871 Y105.434
G1 F3600 X160.631 Y105.194 E71.72598
G1 F2400 E70.72598
G0 F9000 X170.908 Y95.159
G0 X172.336 Y93.731
G0 X183.052 Y93.675
G1 F2400 E71.72598
G0 F9000 X183.122 Y93.745
;TYPE:WALL-INNER
G1 F6000 X172.322 Y93.745 E72.08519
G1 X172.322 Y82.945 E72.4444
G1 X183.122 Y82.945 E72.8036
G1 X183.122 Y93.745 E73.16281
G0 F9000 X183.522 Y94.145
;TYPE:WALL-OUTER
G1 F3600 X171.922 Y94.145 E73.54863
G1 X171.922 Y82.545 E73.93445
G1 X183.522 Y82.545 E74.32027
G1 X183.522 Y94.145 E74.70608
G0 F9000 X183.322 Y94.145
G0 X183.082 Y93.705
G0 X182.732 Y93.355
;TYPE:SKIN
G1 F3600 X172.712 Y93.355 E75.03935
G1 X172.712 Y83.335 E75.37262
G1 X182.732 Y83.335 E75.70588
G1 X182.732 Y93.355 E76.03915
G0 F9000 X182.611 Y83.616
G1 F3600 X182.449 Y83.454 E76.04677
G0 F9000 X181.884 Y83.454
G1 F3600 X182.611 Y84.182 E76.08099
G0 F9000 X182.611 Y84.748
G1 F3600 X181.318 Y83.454 E76.14183
G0 F9000 X180.752 Y83.454
G1 F3600 X182.611 Y85.313 E76.22927
G0 F9000 X182.611 Y85.879
G1 F3600 X180.187 Y83.454 E76.34331
G0 F9000 X179.621 Y83.454
G1 F3600 X182.611 Y86.445 E76.48398
G0 F9000 X182.611 Y87.01
G1 F3600 X179.055 Y83.454 E76.65124
G0 F9000 X178.49 Y83.454
G1 F3600 X182.611 Y87.576 E76.8451
G0 F9000 X182.611 Y88.142
G1 F3600 X177.924 Y83.454 E77.06559
G0 F9000 X177.358 Y83.454
G1 F3600 X182.611 Y88.707 E77.31268
G0 F9000 X182.611 Y89.273
G1 F3600 X176.792 Y83.454 E77.58638
G0 F9000 X176.227 Y83.454
G1 F3600 X182.611 Y89.839 E77.88669
G0 F9000 X182.611 Y90.405
G1 F3600 X175.661 Y83.454 E78.21362
G0 F9000 X175.095 Y83.454
G1 F3600 X182.611 Y90.97 E78.56715
G0 F9000 X182.611 Y91.536
G1 F3600 X174.53 Y83.454 E78.94728
G0 F9000 X173.964 Y83.454
G1 F3600 X182.611 Y92.102 E79.35403
G0 F9000 X182.611 Y92.667
G1 F3600 X173.398 Y83.454 E79.78738
G0 F9000 X172.833 Y83.454
G1 F3600 X182.611 Y93.233 E80.24733
G0 F9000 X182.047 Y93.234
G1 F3600 X172.831 Y84.018 E80.68083
G0 F9000 X172.831 Y84.584
G1 F3600 X181.481 Y93.234 E81.0877
G0 F9000 X180.916 Y93.234
G1 F3600 X172.831 Y85.149 E81.46799
G0 F9000 X172.831 Y85.715
G1 F3600 X180.35 Y93.234 E81.82166
G0 F9000 X179.784 Y93.234
G1 F3600 X172.831 Y86.281 E82.14871
G0 F9000 X172.831 Y86.846
G1 F3600 X179.219 Y93.234 E82.44918
G0 F9000 X178.653 Y93.234
G1 F3600 X172.831 Y87.412 E82.72303
G0 F9000 X172.831 Y87.978
G1 F3600 X178.087 Y93.234 E82.97025
G0 F9000 X177.521 Y93.234
G1 F3600 X172.831 Y88.543 E83.19088
G0 F9000 X172.831 Y89.109
G1 F3600 X176.956 Y93.234 E83.38491
G0 F9000 X176.39 Y93.234
G1 F3600 X172.831 Y89.675 E83.55231
G0 F9000 X172.831 Y90.24
G1 F3600 X175.824 Y93.234 E83.69312
G0 F9000 X175.259 Y93.234
G1 F3600 X172.831 Y90.806 E83.80732
G0 F9000 X172.831 Y91.372
G1 F3600 X174.693 Y93.234 E83.89491
G0 F9000 X174.127 Y93.234
G1 F3600 X172.831 Y91.938 E83.95587
G0 F9000 X172.831 Y92.503
G1 F3600 X173.562 Y93.234 E83.99025
G0 F9000 X172.996 Y93.234
G1 F3600 X172.831 Y93.069 E83.99801
G1 F2400 E82.99801
G0 F9000 X172.336 Y82.959
G0 X170.908 Y81.531
G1 F2400 E83.99801
G0 F9000 X170.922 Y81.545
;TYPE:WALL-INNER
G1 F6000 X160.122 Y81.545 E84.35722
G1 X160.122 Y70.745 E84.71643
G1 X170.922 Y70.745 E85.07564
G1 X170.922 Y81.545 E85.43485
G0 F9000 X171.322 Y81.945
;TYPE:WALL-OUTER
G1 F3600 X159.722 Y81.945 E85.82067
G1 X159.722 Y70.345 E86.20648
G1 X171.322 Y70.345 E86.5923
G1 X171.322 Y81.945 E86.97812
G0 F9000 X171.122 Y81.945
G0 X170.882 Y81.505
G0 X170.532 Y81.155
;TYPE:SKIN
G1 F3600 X160.512 Y81.155 E87.31139
G1 X160.512 Y71.135 E87.64465
G1 X170.532 Y71.135 E87.97792
G1 X170.532 Y81.155 E88.31119
G0 F9000 X170.411 Y71.416
G1 F3600 X170.25 Y71.255 E88.31876
G0 F9000 X169.684 Y71.255
G1 F3600 X170.411 Y71.982 E88.35295
G0 F9000 X170.411 Y72.547
G1 F3600 X169.118 Y71.255 E88.41375
G0 F9000 X168.553 Y71.255
G1 F3600 X170.411 Y73.113 E88.50114
G0 F9000 X170.411 Y73.679
G1 F3600 X167.987 Y71.255 E88.61516
G0 F9000 X167.421 Y71.255
G1 F3600 X170.411 Y74.244 E88.75578
G0 F9000 X170.411 Y74.81
G1 F3600 X166.855 Y71.255 E88.92302
G0 F9000 X166.29 Y71.255
G1 F3600 X170.411 Y75.376 E89.11686
G0 F9000 X170.411 Y75.941
G1 F3600 X165.724 Y71.255 E89.3373
G0 F9000 X165.158 Y71.255
G1 F3600 X170.411 Y76.507 E89.58436
G0 F9000 X170.411 Y77.073
G1 F3600 X164.593 Y71.255 E89.85802
G0 F9000 X164.027 Y71.255
G1 F3600 X170.411 Y77.638 E90.15828
G0 F9000 X170.411 Y78.204
G1 F3600 X163.461 Y71.255 E90.48516
G0 F9000 X162.896 Y71.255
G1 F3600 X170.411 Y78.77 E90.83864
G0 F9000 X170.411 Y79.335
G1 F3600 X162.33 Y71.255 E91.21873
G0 F9000 X161.764 Y71.255
M104 S195
G1 F3600 X170.411 Y79.901 E91.62543
G0 F9000 X170.411 Y80.467
G1 F3600 X161.199 Y71.255 E92.05874
G0 F9000 X160.633 Y71.255
G1 F3600 X170.411 Y81.033 E92.51866
G0 F9000 X169.847 Y81.034
G1 F3600 X160.631 Y71.818 E92.95216
G0 F9000 X160.631 Y72.384
G1 F3600 X169.281 Y81.034 E93.35902
G0 F9000 X168.715 Y81.034
G1 F3600 X160.631 Y72.95 E93.73927
G0 F9000 X160.631 Y73.515
G1 F3600 X168.149 Y81.034 E94.09292
G0 F9000 X167.584 Y81.034
G1 F3600 X160.631 Y74.081 E94.41997
G0 F9000 X160.631 Y74.647
G1 F3600 X167.018 Y81.034 E94.72039
G0 F9000 X166.452 Y81.034
G1 F3600 X160.631 Y75.212 E94.99422
G0 F9000 X160.631 Y75.778
G1 F3600 X165.887 Y81.034 E95.24144
G0 F9000 X165.321 Y81.034
G1 F3600 X160.631 Y76.344 E95.46205
G0 F9000 X160.631 Y76.909
G1 F3600 X164.755 Y81.034 E95.65605
G0 F9000 X164.19 Y81.034
G1 F3600 X160.631 Y77.475 E95.82345
G0 F9000 X160.631 Y78.041
G1 F3600 X163.624 Y81.034 E95.96424
G0 F9000 X163.058 Y81.034
G1 F3600 X160.631 Y78.606 E96.07842
G0 F9000 X160.631 Y79.172
G1 F3600 X162.493 Y81.034 E96.166
G0 F9000 X161.927 Y81.034
G1 F3600 X160.631 Y79.738 E96.22696
G0 F9000 X160.631 Y80.303
G1 F3600 X161.361 Y81.034 E96.26132
G0 F9000 X160.796 Y81.034
G1 F3600 X160.631 Y80.869 E96.26908
G1 F2400 E95.26908
G1 F600 Z3.5
G92 E0
G0 X-20 F6000
M107
T1
G92 E0
M105
M109 S200
M104 T0 S200
M106 S255 P1
G1 F600 Z1.5
;MESH:0530?????????.stl
G0 F9000 X146.957 Y24.375
G0 X148.763 Y26.024
;TYPE:PRIME-TOWER
G1 F2400 E3.07876
G1 F3000 X150.003 Y23.704 E3.19688
G1 X151.672 Y21.672 E3.31495
G1 X153.704 Y20.003 E3.43302
G1 X156.024 Y18.763 E3.55113
G1 X158.543 Y18 E3.66931
G1 X161.16 Y17.742 E3.78739
G1 X163.776 Y18 E3.90542
G1 X166.295 Y18.763 E4.0236
G1 X168.615 Y20.003 E4.14172
G1 X170.647 Y21.672 E4.25979
G1 X172.316 Y23.704 E4.37786
G1 X173.556 Y26.024 E4.49598
G1 X174.319 Y28.542 E4.61411
G1 X174.578 Y31.16 E4.73224
G1 X174.319 Y33.777 E4.85032
G1 X173.556 Y36.295 E4.96846
G1 X172.316 Y38.615 E5.08657
G1 X170.647 Y40.647 E5.20464
G1 X168.615 Y42.316 E5.32271
G1 X166.295 Y43.556 E5.44083
G1 X163.777 Y44.319 E5.55897
G1 X161.16 Y44.578 E5.67705
G1 X158.542 Y44.319 E5.79517
G1 X156.024 Y43.556 E5.91331
G1 X153.704 Y42.316 E6.03143
G1 X151.672 Y40.647 E6.1495
G1 X150.003 Y38.615 E6.26757
G1 X148.763 Y36.295 E6.38569
G1 X148 Y33.776 E6.50387
G1 X147.742 Y31.16 E6.6219
G1 X148 Y28.543 E6.73997
G1 X148.763 Y26.024 E6.85815
G0 F9000 X149.18 Y26.199
G1 F3000 X150.38 Y23.955 E6.97241
G1 X151.992 Y21.992 E7.08647
G1 X153.955 Y20.38 E7.20052
G1 X156.199 Y19.18 E7.31478
G1 X158.631 Y18.443 E7.42888
G1 X161.16 Y18.194 E7.54299
G1 X163.688 Y18.443 E7.65705
G1 X166.12 Y19.18 E7.77115
G1 X168.364 Y20.38 E7.88541
G1 X170.327 Y21.992 E7.99946
G1 X171.939 Y23.955 E8.11351
G1 X173.139 Y26.199 E8.22777
G1 X173.876 Y28.631 E8.34188
G1 X174.125 Y31.16 E8.45598
G1 X173.876 Y33.688 E8.57004
G1 X173.139 Y36.12 E8.68415
G1 X171.939 Y38.364 E8.79841
G1 X170.327 Y40.327 E8.91246
G1 X168.364 Y41.939 E9.02651
G1 X166.12 Y43.139 E9.14077
G1 X163.688 Y43.876 E9.25487
G1 X161.16 Y44.125 E9.36893
G1 X158.631 Y43.876 E9.48304
G1 X156.199 Y43.139 E9.59714
G1 X153.955 Y41.939 E9.7114
G1 X151.992 Y40.327 E9.82545
G1 X150.38 Y38.364 E9.9395
G1 X149.18 Y36.12 E10.05376
G1 X148.443 Y33.688 E10.16787
G1 X148.194 Y31.16 E10.28193
G1 X148.443 Y28.631 E10.39603
G1 X149.18 Y26.199 E10.51014
G0 F9000 X149.599 Y26.37
G1 F3000 X150.756 Y24.205 E10.62036
G1 X152.311 Y22.311 E10.73039
G1 X154.205 Y20.756 E10.84042
G1 X156.37 Y19.599 E10.95065
G1 X158.721 Y18.887 E11.06094
G1 X161.16 Y18.647 E11.17099
G1 X163.598 Y18.887 E11.28098
G1 X165.949 Y19.599 E11.39128
G1 X168.114 Y20.756 E11.5015
G1 X170.008 Y22.311 E11.61154
G1 X171.563 Y24.205 E11.72157
G1 X172.72 Y26.37 E11.83179
G1 X173.432 Y28.721 E11.94209
G1 X173.673 Y31.16 E12.05214
G1 X173.432 Y33.598 E12.16214
G1 X172.72 Y35.949 E12.27244
G1 X171.563 Y38.114 E12.38266
G1 X170.008 Y40.008 E12.49269
G1 X168.114 Y41.563 E12.60273
G1 X165.949 Y42.72 E12.71295
G1 X163.598 Y43.432 E12.82324
G1 X161.16 Y43.673 E12.93325
G1 X158.721 Y43.432 E13.04329
G1 X156.37 Y42.72 E13.15359
G1 X154.205 Y41.563 E13.26381
G1 X152.311 Y40.008 E13.37385
G1 X150.756 Y38.114 E13.48388
G1 X149.599 Y35.949 E13.5941
G1 X148.887 Y33.598 E13.7044
G1 X148.647 Y31.16 E13.8144
G1 X148.887 Y28.721 E13.92444
G1 X149.599 Y26.37 E14.03474
G1 F2400 E13.03474
G0 F9000 X161.16 Y31.16
G0 X161.16 Y82.965
G0 X170.852 Y93.675
G1 F2400 E14.03474
G0 F9000 X170.922 Y93.745
;TYPE:WALL-INNER
G1 F6000 X160.122 Y93.745 E14.39395
G1 X160.122 Y82.945 E14.75316
G1 X170.922 Y82.945 E15.11237
G1 X170.922 Y93.745 E15.47158
G0 F9000 X171.322 Y94.145
;TYPE:WALL-OUTER
G1 F3600 X159.722 Y94.145 E15.85739
G1 X159.722 Y82.545 E16.24321
G1 X171.322 Y82.545 E16.62903
G1 X171.322 Y94.145 E17.01485
G0 F9000 X171.122 Y94.145
G0 X170.882 Y93.705
G0 X170.532 Y93.355
;TYPE:SKIN
G1 F3600 X160.512 Y93.355 E17.34811
G1 X160.512 Y83.335 E17.68138
G1 X170.532 Y83.335 E18.01465
G1 X170.532 Y93.355 E18.34791
G0 F9000 X170.411 Y83.861
G1 F3600 X170.005 Y83.455 E18.36701
G0 F9000 X169.439 Y83.455
G1 F3600 X170.411 Y84.427 E18.41273
G0 F9000 X170.411 Y84.992
G1 F3600 X168.874 Y83.455 E18.48503
G0 F9000 X168.308 Y83.455
G1 F3600 X170.411 Y85.558 E18.58394
G0 F9000 X170.411 Y86.124
G1 F3600 X167.742 Y83.455 E18.70949
G0 F9000 X167.177 Y83.455
G1 F3600 X170.411 Y86.689 E18.8616
G0 F9000 X170.411 Y87.255
G1 F3600 X166.611 Y83.455 E19.04034
G0 F9000 X166.045 Y83.455
G1 F3600 X170.411 Y87.821 E19.24571
G0 F9000 X170.411 Y88.386
G1 F3600 X165.479 Y83.455 E19.47767
G0 F9000 X164.914 Y83.455
G1 F3600 X170.411 Y88.952 E19.73623
G0 F9000 X170.411 Y89.518
G1 F3600 X164.348 Y83.455 E20.02142
G0 F9000 X163.782 Y83.455
G1 F3600 X170.411 Y90.083 E20.3332
G0 F9000 X170.411 Y90.649
G1 F3600 X163.217 Y83.455 E20.67158
G0 F9000 X162.651 Y83.455
G1 F3600 X170.411 Y91.215 E21.03659
G0 F9000 X170.411 Y91.781
G1 F3600 X162.085 Y83.455 E21.42822
G0 F9000 X161.52 Y83.455
G1 F3600 X170.411 Y92.346 E21.84643
G0 F9000 X170.411 Y92.912
G1 F3600 X160.954 Y83.455 E22.29125
G0 F9000 X160.631 Y83.698
G1 F3600 X170.168 Y93.234 E22.73982
G0 F9000 X169.602 Y93.234
G1 F3600 X160.631 Y84.263 E23.16179
G0 F9000 X160.631 Y84.829
G1 F3600 X169.036 Y93.234 E23.55714
G0 F9000 X168.471 Y93.234
G1 F3600 X160.631 Y85.395 E23.92588
G0 F9000 X160.631 Y85.96
G1 F3600 X167.905 Y93.234 E24.26803
G0 F9000 X167.339 Y93.234
G1 F3600 X160.631 Y86.526 E24.58355
G0 F9000 X160.631 Y87.092
G1 F3600 X166.773 Y93.234 E24.87245
G0 F9000 X166.208 Y93.234
G1 F3600 X160.631 Y87.657 E25.13478
G0 F9000 X160.631 Y88.223
G1 F3600 X165.642 Y93.234 E25.37048
G0 F9000 X165.076 Y93.234
G1 F3600 X160.631 Y88.789 E25.57956
G0 F9000 X160.631 Y89.354
G1 F3600 X164.511 Y93.234 E25.76206
G0 F9000 X163.945 Y93.234
G1 F3600 X160.631 Y89.92 E25.91794
G0 F9000 X160.631 Y90.486
G1 F3600 X163.379 Y93.234 E26.0472
G0 F9000 X162.814 Y93.234
G1 F3600 X160.631 Y91.052 E26.14986
G0 F9000 X160.631 Y91.617
G1 F3600 X162.248 Y93.234 E26.22592
G0 F9000 X161.682 Y93.234
G1 F3600 X160.631 Y92.183 E26.27535
G0 F9000 X160.631 Y92.749
G1 F3600 X161.117 Y93.234 E26.29819
G1 F2400 E25.29819
;MESH:NONMESH
G0 F600 X161.117 Y93.234 Z1.7
G0 F9000 X170.852 Y93.675
G1 F2400 E26.29819
G0 F9000 X170.922 Y93.745
;TIME_ELAPSED:510.613410
;LAYER:7
G1 F2400 E25.29819
;TYPE:WALL-INNER
;MESH:0530?????????.stl
G1 F2400 E26.29819
G1 F6000 X160.122 Y93.745 E26.6574
G1 X160.122 Y82.945 E27.01661
G1 X170.922 Y82.945 E27.37582
G1 X170.922 Y93.745 E27.73503
G0 F9000 X171.322 Y94.145
;TYPE:WALL-OUTER
G1 F3600 X159.722 Y94.145 E28.12085
G1 X159.722 Y82.545 E28.50666
G1 X171.322 Y82.545 E28.89248
G1 X171.322 Y94.145 E29.2783
G0 F9000 X171.122 Y94.145
G0 X170.882 Y93.705
G0 X170.532 Y93.355
;TYPE:SKIN
G1 F3600 X160.512 Y93.355 E29.61156
G1 X160.512 Y83.335 E29.94483
G1 X170.532 Y83.335 E30.2781
G1 X170.532 Y93.355 E30.61136
G0 F9000 X170.411 Y92.632
G1 F3600 X169.808 Y93.235 E30.63973
G0 F9000 X169.242 Y93.235
G1 F3600 X170.411 Y92.066 E30.69471
G0 F9000 X170.411 Y91.501
G1 F3600 X168.676 Y93.235 E30.7763
G0 F9000 X168.111 Y93.235
G1 F3600 X170.411 Y90.935 E30.88448
G0 F9000 X170.411 Y90.369
G1 F3600 X167.545 Y93.235 E31.01929
G0 F9000 X166.979 Y93.235
G1 F3600 X170.411 Y89.803 E31.18072
G0 F9000 X170.411 Y89.238
G1 F3600 X166.414 Y93.235 E31.36873
G0 F9000 X165.848 Y93.235
G1 F3600 X170.411 Y88.672 E31.58336
G0 F9000 X170.411 Y88.106
G1 F3600 X165.282 Y93.235 E31.82461
G0 F9000 X164.716 Y93.235
G1 F3600 X170.411 Y87.541 E32.09246
G0 F9000 X170.411 Y86.975
G1 F3600 X164.151 Y93.235 E32.38691
G0 F9000 X163.585 Y93.235
G1 F3600 X170.411 Y86.409 E32.70799
G0 F9000 X170.411 Y85.844
G1 F3600 X163.019 Y93.235 E33.05566
G0 F9000 X162.454 Y93.235
G1 F3600 X170.411 Y85.278 E33.42993
G0 F9000 X170.411 Y84.712
M104 S195
G1 F3600 X161.888 Y93.235 E33.83083
G0 F9000 X161.322 Y93.235
G1 F3600 X170.411 Y84.147 E34.25833
G0 F9000 X170.411 Y83.581
G1 F3600 X160.757 Y93.235 E34.71242
G0 F9000 X160.631 Y92.795
G1 F3600 X169.972 Y83.454 E35.15179
G0 F9000 X169.406 Y83.454
G1 F3600 X160.631 Y92.23 E35.56456
G0 F9000 X160.631 Y91.664
G1 F3600 X168.84 Y83.454 E35.95071
G0 F9000 X168.275 Y83.454
G1 F3600 X160.631 Y91.098 E36.31026
G0 F9000 X160.631 Y90.533
G1 F3600 X167.709 Y83.454 E36.64322
G0 F9000 X167.143 Y83.454
G1 F3600 X160.631 Y89.967 E36.94954
G0 F9000 X160.631 Y89.401
G1 F3600 X166.578 Y83.454 E37.22927
G0 F9000 X166.012 Y83.454
G1 F3600 X160.631 Y88.835 E37.48238
G0 F9000 X160.631 Y88.27
G1 F3600 X165.446 Y83.454 E37.70888
G0 F9000 X164.881 Y83.454
G1 F3600 X160.631 Y87.704 E37.90879
G0 F9000 X160.631 Y87.138
G1 F3600 X164.315 Y83.454 E38.08208
G0 F9000 X163.749 Y83.454
G1 F3600 X160.631 Y86.573 E38.22876
G0 F9000 X160.631 Y86.007
G1 F3600 X163.183 Y83.454 E38.34882
G0 F9000 X162.618 Y83.454
G1 F3600 X160.631 Y85.441 E38.44228
G0 F9000 X160.631 Y84.876
G1 F3600 X162.052 Y83.454 E38.50915
G0 F9000 X161.486 Y83.454
G1 F3600 X160.631 Y84.31 E38.54939
G0 F9000 X160.631 Y83.744
G1 F3600 X160.921 Y83.454 E38.56303
G1 F2400 E37.56303
G1 F600 Z3.7
G92 E0
G0 X340 F6000
M107 P1
T0
G92 E0
M105
M109 S200
M104 T1 S150
M106 S255
G1 F600 Z1.7
;MESH:0530?????????.stl
G0 F9000 X153.248 Y44.76
G0 X152.954 Y43.446
;TYPE:PRIME-TOWER
G1 F2400 E3.07876
G1 F3000 X150.713 Y41.606 E3.20895
G1 X148.873 Y39.365 E3.33915
G1 X147.51 Y36.814 E3.46902
G1 X146.67 Y34.044 E3.59899
G1 X146.386 Y31.16 E3.72911
G1 X146.67 Y28.275 E3.85927
G1 X147.51 Y25.505 E3.98924
G1 X148.873 Y22.954 E4.11911
G1 X150.713 Y20.713 E4.24931
G1 X152.954 Y18.873 E4.3795
G1 X155.505 Y17.51 E4.50937
G1 X158.275 Y16.67 E4.63934
G1 X161.16 Y16.386 E4.7695
G1 X164.044 Y16.67 E4.89963
G1 X166.814 Y17.51 E5.02959
G1 X169.365 Y18.873 E5.15946
G1 X171.606 Y20.713 E5.28966
G1 X173.446 Y22.954 E5.41985
G1 X174.809 Y25.505 E5.54972
G1 X175.649 Y28.275 E5.67969
G1 X175.934 Y31.16 E5.80986
G1 X175.649 Y34.044 E5.93999
G1 X174.809 Y36.814 E6.06996
G1 X173.446 Y39.365 E6.19982
G1 X171.606 Y41.606 E6.33002
G1 X169.365 Y43.446 E6.46021
G1 X166.814 Y44.809 E6.59008
G1 X164.044 Y45.649 E6.72005
G1 X161.16 Y45.934 E6.85018
G1 X158.275 Y45.649 E6.98035
G1 X155.505 Y44.809 E7.11032
G1 X152.954 Y43.446 E7.24018
G0 F9000 X153.204 Y43.069
G1 F3000 X151.033 Y41.286 E7.36633
G1 X149.25 Y39.115 E7.49247
G1 X147.928 Y36.643 E7.61834
G1 X147.114 Y33.955 E7.74445
G1 X146.838 Y31.16 E7.87056
G1 X147.114 Y28.364 E7.99671
G1 X147.928 Y25.676 E8.12282
G1 X149.25 Y23.204 E8.24869
G1 X151.033 Y21.033 E8.37483
G1 X153.204 Y19.25 E8.50097
G1 X155.676 Y17.928 E8.62684
G1 X158.364 Y17.114 E8.75295
G1 X161.16 Y16.838 E8.8791
G1 X163.955 Y17.114 E9.00521
G1 X166.643 Y17.928 E9.13132
G1 X169.115 Y19.25 E9.25719
G1 X171.286 Y21.033 E9.38333
G1 X173.069 Y23.204 E9.50948
G1 X174.391 Y25.676 E9.63535
G1 X175.205 Y28.365 E9.7615
G1 X175.481 Y31.16 E9.88761
G1 X175.205 Y33.954 E10.01367
G1 X174.391 Y36.643 E10.13982
G1 X173.069 Y39.115 E10.26569
G1 X171.286 Y41.286 E10.39184
G1 X169.115 Y43.069 E10.51798
G1 X166.643 Y44.391 E10.64385
G1 X163.954 Y45.205 E10.77
G1 X161.16 Y45.481 E10.89606
G1 X158.365 Y45.205 E11.02217
G1 X155.676 Y44.391 E11.14832
G1 X153.204 Y43.069 E11.27419
G0 F9000 X153.457 Y42.694
G1 F3000 X151.353 Y40.966 E11.39644
G1 X149.625 Y38.862 E11.51869
G1 X148.347 Y36.47 E11.64047
G1 X147.557 Y33.866 E11.76265
G1 X147.291 Y31.16 E11.88474
G1 X147.557 Y28.453 E12.00687
G1 X148.347 Y25.849 E12.12906
G1 X149.625 Y23.457 E12.25083
G1 X151.353 Y21.353 E12.37308
G1 X153.457 Y19.625 E12.49533
G1 X155.849 Y18.347 E12.6171
G1 X158.453 Y17.557 E12.73929
G1 X161.16 Y17.291 E12.86142
G1 X163.866 Y17.557 E12.98351
G1 X166.47 Y18.347 E13.10569
G1 X168.862 Y19.625 E13.22746
G1 X170.966 Y21.353 E13.34971
G1 X172.694 Y23.457 E13.47196
G1 X173.972 Y25.849 E13.59374
G1 X174.762 Y28.452 E13.71588
G1 X175.029 Y31.16 E13.83806
G1 X174.762 Y33.867 E13.9602
G1 X173.972 Y36.47 E14.08234
G1 X172.694 Y38.862 E14.20411
G1 X170.966 Y40.966 E14.32636
G1 X168.862 Y42.694 E14.44861
G1 X166.47 Y43.972 E14.57038
G1 X163.867 Y44.762 E14.69253
G1 X161.16 Y45.029 E14.81466
G1 X158.452 Y44.762 E14.93685
G1 X155.849 Y43.972 E15.05899
G1 X153.457 Y42.694 E15.18076
G1 F2400 E14.18076
G0 F9000 X161.16 Y31.16
G0 X161.16 Y70.765
G0 X170.852 Y81.475
G1 F2400 E15.18076
G0 F9000 X170.922 Y81.545
;TYPE:WALL-INNER
G1 F6000 X160.122 Y81.545 E15.53997
G1 X160.122 Y70.745 E15.89918
G1 X170.922 Y70.745 E16.25839
G1 X170.922 Y81.545 E16.6176
G0 F9000 X171.322 Y81.945
;TYPE:WALL-OUTER
G1 F3600 X159.722 Y81.945 E17.00342
G1 X159.722 Y70.345 E17.38923
G1 X171.322 Y70.345 E17.77505
G1 X171.322 Y81.945 E18.16087
G0 F9000 X171.122 Y81.945
G0 X170.882 Y81.505
G0 X170.532 Y81.155
;TYPE:SKIN
G1 F3600 X160.512 Y81.155 E18.49413
G1 X160.512 Y71.135 E18.8274
G1 X170.532 Y71.135 E19.16067
G1 X170.532 Y81.155 E19.49393
G0 F9000 X170.411 Y80.753
G1 F3600 X170.129 Y81.035 E19.5072
G0 F9000 X169.563 Y81.035
G1 F3600 X170.411 Y80.187 E19.54709
G0 F9000 X170.411 Y79.621
G1 F3600 X168.997 Y81.035 E19.6136
G0 F9000 X168.432 Y81.035
G1 F3600 X170.411 Y79.055 E19.70671
G0 F9000 X170.411 Y78.49
G1 F3600 X167.866 Y81.035 E19.82641
G0 F9000 X167.3 Y81.035
G1 F3600 X170.411 Y77.924 E19.97275
G0 F9000 X170.411 Y77.358
G1 F3600 X166.735 Y81.035 E20.14568
G0 F9000 X166.169 Y81.035
G1 F3600 X170.411 Y76.793 E20.34521
G0 F9000 X170.411 Y76.227
G1 F3600 X165.603 Y81.035 E20.57136
G0 F9000 X165.038 Y81.035
G1 F3600 X170.411 Y75.661 E20.82411
G0 F9000 X170.411 Y75.096
G1 F3600 X164.472 Y81.035 E21.10347
G0 F9000 X163.906 Y81.035
G1 F3600 X170.411 Y74.53 E21.40944
G0 F9000 X170.411 Y73.964
G1 F3600 X163.34 Y81.035 E21.74204
G0 F9000 X162.775 Y81.035
G1 F3600 X170.411 Y73.399 E22.10121
G0 F9000 X170.411 Y72.833
G1 F3600 X162.209 Y81.035 E22.48701
G0 F9000 X161.643 Y81.035
G1 F3600 X170.411 Y72.267 E22.89943
G0 F9000 X170.411 Y71.702
G1 F3600 X161.078 Y81.035 E23.33843
G0 F9000 X160.631 Y80.916
G1 F3600 X170.293 Y71.254 E23.7929
G0 F9000 X169.727 Y71.254
G1 F3600 X160.631 Y80.35 E24.22075
G0 F9000 X160.631 Y79.784
G1 F3600 X169.161 Y71.254 E24.62197
G0 F9000 X168.596 Y71.254
G1 F3600 X160.631 Y79.219 E24.99662
G0 F9000 X160.631 Y78.653
G1 F3600 X168.03 Y71.254 E25.34465
G0 F9000 X167.464 Y71.254
G1 F3600 X160.631 Y78.087 E25.66605
G0 F9000 X160.631 Y77.522
G1 F3600 X166.899 Y71.254 E25.96088
G0 F9000 X166.333 Y71.254
G1 F3600 X160.631 Y76.956 E26.22908
G0 F9000 X160.631 Y76.39
G1 F3600 X165.767 Y71.254 E26.47066
G0 F9000 X165.202 Y71.254
G1 F3600 X160.631 Y75.825 E26.68567
G0 F9000 X160.631 Y75.259
G1 F3600 X164.636 Y71.254 E26.87405
G0 F9000 X164.07 Y71.254
G1 F3600 X160.631 Y74.693 E27.03581
G0 F9000 X160.631 Y74.128
G1 F3600 X163.505 Y71.254 E27.171
G0 F9000 X162.939 Y71.254
G1 F3600 X160.631 Y73.562 E27.27956
G0 F9000 X160.631 Y72.996
G1 F3600 X162.373 Y71.254 E27.3615
G0 F9000 X161.807 Y71.254
G1 F3600 X160.631 Y72.431 E27.41684
G0 F9000 X160.631 Y71.865
G1 F3600 X161.242 Y71.254 E27.44557
G1 F2400 E26.44557
G0 F9000 X170.908 Y81.531
G0 X172.336 Y82.959
G0 X183.052 Y93.675
G1 F2400 E27.44557
G0 F9000 X183.122 Y93.745
;TYPE:WALL-INNER
G1 F6000 X172.322 Y93.745 E27.80478
G1 X172.322 Y82.945 E28.16399
G1 X183.122 Y82.945 E28.5232
G1 X183.122 Y93.745 E28.88241
G0 F9000 X183.522 Y94.145
;TYPE:WALL-OUTER
G1 F3600 X171.922 Y94.145 E29.26823
G1 X171.922 Y82.545 E29.65405
G1 X183.522 Y82.545 E30.03987
G1 X183.522 Y94.145 E30.42568
G0 F9000 X183.322 Y94.145
G0 X183.082 Y93.705
G0 X182.732 Y93.355
;TYPE:SKIN
G1 F3600 X172.712 Y93.355 E30.75895
G1 X172.712 Y83.335 E31.09222
G1 X182.732 Y83.335 E31.42548
G1 X182.732 Y93.355 E31.75875
G0 F9000 X182.611 Y92.877
G1 F3600 X182.253 Y93.234 E31.77556
G0 F9000 X181.688 Y93.234
G1 F3600 X182.611 Y92.312 E31.81896
G0 F9000 X182.611 Y91.746
G1 F3600 X181.122 Y93.234 E31.88897
G0 F9000 X180.556 Y93.234
G1 F3600 X182.611 Y91.18 E31.98561
G0 F9000 X182.611 Y90.615
G1 F3600 X179.991 Y93.234 E32.10882
G0 F9000 X179.425 Y93.234
G1 F3600 X182.611 Y90.049 E32.25866
G0 F9000 X182.611 Y89.483
G1 F3600 X178.859 Y93.234 E32.43512
G0 F9000 X178.294 Y93.234
G1 F3600 X182.611 Y88.917 E32.63818
G0 F9000 X182.611 Y88.352
G1 F3600 X177.728 Y93.234 E32.86783
G0 F9000 X177.162 Y93.234
G1 F3600 X182.611 Y87.786 E33.12411
G0 F9000 X182.611 Y87.22
G1 F3600 X176.597 Y93.234 E33.40699
G0 F9000 X176.031 Y93.234
G1 F3600 X182.611 Y86.655 E33.71647
G0 F9000 X182.611 Y86.089
G1 F3600 X175.465 Y93.234 E34.05258
G0 F9000 X174.9 Y93.234
G1 F3600 X182.611 Y85.523 E34.41528
G0 F9000 X182.611 Y84.958
G1 F3600 X174.334 Y93.234 E34.80458
G0 F9000 X173.768 Y93.234
G1 F3600 X182.611 Y84.392 E35.2205
G0 F9000 X182.611 Y83.826
G1 F3600 X173.202 Y93.234 E35.66305
G0 F9000 X172.831 Y93.04
G1 F3600 X182.417 Y83.454 E36.11395
G0 F9000 X181.851 Y83.454
G1 F3600 X172.831 Y92.474 E36.53822
G0 F9000 X172.831 Y91.909
G1 F3600 X181.285 Y83.454 E36.93589
G0 F9000 X180.72 Y83.454
G1 F3600 X172.831 Y91.343 E37.30697
G0 F9000 X172.831 Y90.777
G1 F3600 X180.154 Y83.454 E37.65142
G0 F9000 X179.588 Y83.454
G1 F3600 X172.831 Y90.211 E37.96925
G0 F9000 X172.831 Y89.646
G1 F3600 X179.023 Y83.454 E38.2605
G0 F9000 X178.457 Y83.454
G1 F3600 X172.831 Y89.08 E38.52513
G0 F9000 X172.831 Y88.514
G1 F3600 X177.891 Y83.454 E38.76314
G0 F9000 X177.326 Y83.454
G1 F3600 X172.831 Y87.949 E38.97457
G0 F9000 X172.831 Y87.383
G1 F3600 X176.76 Y83.454 E39.15938
G0 F9000 X176.194 Y83.454
G1 F3600 X172.831 Y86.817 E39.31756
G0 F9000 X172.831 Y86.252
G1 F3600 X175.629 Y83.454 E39.44917
G0 F9000 X175.063 Y83.454
G1 F3600 X172.831 Y85.686 E39.55416
G0 F9000 X172.831 Y85.12
G1 F3600 X174.497 Y83.454 E39.63252
G0 F9000 X173.932 Y83.454
G1 F3600 X172.831 Y84.555 E39.68431
G0 F9000 X172.831 Y83.989
G1 F3600 X173.366 Y83.454 E39.70947
G1 F2400 E38.70947
G0 F9000 X172.336 Y93.731
G0 X170.908 Y95.159
G0 X170.852 Y105.875
G1 F2400 E39.70947
G0 F9000 X170.922 Y105.945
;TYPE:WALL-INNER
G1 F6000 X160.122 Y105.945 E40.06868
G1 X160.122 Y95.145 E40.42789
G1 X170.922 Y95.145 E40.7871
G1 X170.922 Y105.945 E41.14631
G0 F9000 X171.322 Y106.345
;TYPE:WALL-OUTER
G1 F3600 X159.722 Y106.345 E41.53213
G1 X159.722 Y94.745 E41.91795
G1 X171.322 Y94.745 E42.30376
G1 X171.322 Y106.345 E42.68958
G0 F9000 X171.122 Y106.345
G0 X170.882 Y105.905
G0 X170.532 Y105.555
;TYPE:SKIN
G1 F3600 X160.512 Y105.555 E43.02285
G1 X160.512 Y95.535 E43.35611
G1 X170.532 Y95.535 E43.68938
G1 X170.532 Y105.555 E44.02265
G0 F9000 X170.411 Y105.077
G1 F3600 X170.053 Y105.435 E44.03949
G0 F9000 X169.487 Y105.435
G1 F3600 X170.411 Y104.511 E44.08295
G0 F9000 X170.411 Y103.946
G1 F3600 X168.922 Y105.435 E44.15299
G0 F9000 X168.356 Y105.435
G1 F3600 X170.411 Y103.38 E44.24965
G0 F9000 X170.411 Y102.814
G1 F3600 X167.79 Y105.435 E44.37293
G0 F9000 X167.225 Y105.435
G1 F3600 X170.411 Y102.249 E44.52279
G0 F9000 X170.411 Y101.683
G1 F3600 X166.659 Y105.435 E44.69927
G0 F9000 X166.093 Y105.435
G1 F3600 X170.411 Y101.117 E44.90238
G0 F9000 X170.411 Y100.551
G1 F3600 X165.528 Y105.435 E45.13208
G0 F9000 X164.962 Y105.435
G1 F3600 X170.411 Y99.986 E45.38839
G0 F9000 X170.411 Y99.42
G1 F3600 X164.396 Y105.435 E45.67131
G0 F9000 X163.83 Y105.435
G1 F3600 X170.411 Y98.854 E45.98086
G0 F9000 X170.411 Y98.289
G1 F3600 X163.265 Y105.435 E46.31699
G0 F9000 X162.699 Y105.435
G1 F3600 X170.411 Y97.723 E46.67974
G0 F9000 X170.411 Y97.157
G1 F3600 X162.133 Y105.435 E47.06911
G0 F9000 X161.568 Y105.435
G1 F3600 X170.411 Y96.592 E47.48506
G0 F9000 X170.411 Y96.026
G1 F3600 X161.002 Y105.435 E47.92763
G0 F9000 X160.631 Y105.24
G1 F3600 X170.217 Y95.654 E48.37853
G0 F9000 X169.651 Y95.654
G1 F3600 X160.631 Y104.675 E48.80282
G0 F9000 X160.631 Y104.109
G1 F3600 X169.086 Y95.654 E49.20052
G0 F9000 X168.52 Y95.654
G1 F3600 X160.631 Y103.543 E49.57159
G0 F9000 X160.631 Y102.978
G1 F3600 X167.954 Y95.654 E49.91607
G0 F9000 X167.389 Y95.654
G1 F3600 X160.631 Y102.412 E50.23394
G0 F9000 X160.631 Y101.846
G1 F3600 X166.823 Y95.654 E50.5252
G0 F9000 X166.257 Y95.654
G1 F3600 X160.631 Y101.281 E50.78985
G0 F9000 X160.631 Y100.715
G1 F3600 X165.692 Y95.654 E51.0279
G0 F9000 X165.126 Y95.654
G1 F3600 X160.631 Y100.149 E51.23934
G0 F9000 X160.631 Y99.583
G1 F3600 X164.56 Y95.654 E51.42414
G0 F9000 X163.995 Y95.654
G1 F3600 X160.631 Y99.018 E51.58238
G0 F9000 X160.631 Y98.452
G1 F3600 X163.429 Y95.654 E51.71399
G0 F9000 X162.863 Y95.654
G1 F3600 X160.631 Y97.886 E51.81897
G0 F9000 X160.631 Y97.321
G1 F3600 X162.297 Y95.654 E51.89736
G0 F9000 X161.732 Y95.654
G1 F3600 X160.631 Y96.755 E51.94915
G0 F9000 X160.631 Y96.189
G1 F3600 X161.166 Y95.654 E51.97431
G1 F2400 E50.97431
G0 F9000 X160.136 Y95.159
G0 X158.708 Y93.731
G1 F2400 E51.97431
G0 F9000 X158.722 Y93.745
;TYPE:WALL-INNER
G1 F6000 X147.922 Y93.745 E52.33352
G1 X147.922 Y82.945 E52.69273
G1 X158.722 Y82.945 E53.05194
G1 X158.722 Y93.745 E53.41115
G0 F9000 X159.122 Y94.145
;TYPE:WALL-OUTER
G1 F3600 X147.522 Y94.145 E53.79697
G1 X147.522 Y82.545 E54.18278
G1 X159.122 Y82.545 E54.5686
G1 X159.122 Y94.145 E54.95442
G0 F9000 X158.922 Y94.145
G0 X158.682 Y93.705
G0 X158.332 Y93.355
;TYPE:SKIN
G1 F3600 X148.312 Y93.355 E55.28769
G1 X148.312 Y83.335 E55.62095
G1 X158.332 Y83.335 E55.95422
G1 X158.332 Y93.355 E56.28749
G0 F9000 X158.21 Y92.953
G1 F3600 X157.929 Y93.234 E56.3007
G0 F9000 X157.363 Y93.234
G1 F3600 X158.21 Y92.387 E56.34054
G0 F9000 X158.21 Y91.822
G1 F3600 X156.798 Y93.234 E56.40696
G0 F9000 X156.232 Y93.234
G1 F3600 X158.21 Y91.256 E56.5
G0 F9000 X158.21 Y90.69
G1 F3600 X155.666 Y93.234 E56.61966
G0 F9000 X155.101 Y93.234
G1 F3600 X158.21 Y90.125 E56.7659
G0 F9000 X158.21 Y89.559
G1 F3600 X154.535 Y93.234 E56.93876
G0 F9000 X153.969 Y93.234
G1 F3600 X158.21 Y88.993 E57.13824
G0 F9000 X158.21 Y88.427
G1 F3600 X153.403 Y93.234 E57.36435
G0 F9000 X152.838 Y93.234
G1 F3600 X158.21 Y87.862 E57.61703
G0 F9000 X158.21 Y87.296
G1 F3600 X152.272 Y93.234 E57.89634
G0 F9000 X151.706 Y93.234
G1 F3600 X158.21 Y86.73 E58.20226
G0 F9000 X158.21 Y86.165
G1 F3600 X151.141 Y93.234 E58.53477
G0 F9000 X150.575 Y93.234
G1 F3600 X158.21 Y85.599 E58.8939
G0 F9000 X158.21 Y85.033
G1 F3600 X150.009 Y93.234 E59.27965
G0 F9000 X149.444 Y93.234
G1 F3600 X158.21 Y84.468 E59.69197
G0 F9000 X158.21 Y83.902
G1 F3600 X148.878 Y93.234 E60.13092
G0 F9000 X148.431 Y93.116
G1 F3600 X158.092 Y83.454 E60.58537
G0 F9000 X157.527 Y83.454
G1 F3600 X148.431 Y92.55 E61.01322
G0 F9000 X148.431 Y91.984
G1 F3600 X156.961 Y83.454 E61.41444
G0 F9000 X156.395 Y83.454
G1 F3600 X148.431 Y91.419 E61.78907
G0 F9000 X148.431 Y90.853
G1 F3600 X155.83 Y83.454 E62.13709
G0 F9000 X155.264 Y83.454
G1 F3600 X148.431 Y90.287 E62.4585
G0 F9000 X148.431 Y89.721
G1 F3600 X154.698 Y83.454 E62.75328
G0 F9000 X154.133 Y83.454
G1 F3600 X148.431 Y89.156 E63.02148
G0 F9000 X148.431 Y88.59
G1 F3600 X153.567 Y83.454 E63.26306
G0 F9000 X153.001 Y83.454
G1 F3600 X148.431 Y88.024 E63.47802
G0 F9000 X148.431 Y87.459
G1 F3600 X152.435 Y83.454 E63.66638
G0 F9000 X151.87 Y83.454
G1 F3600 X148.431 Y86.893 E63.82814
G0 F9000 X148.431 Y86.327
G1 F3600 X151.304 Y83.454 E63.96328
G0 F9000 X150.738 Y83.454
G1 F3600 X148.431 Y85.762 E64.07182
G0 F9000 X148.431 Y85.196
G1 F3600 X150.173 Y83.454 E64.15375
G0 F9000 X149.607 Y83.454
G1 F3600 X148.431 Y84.63 E64.20907
G0 F9000 X148.431 Y84.065
G1 F3600 X149.041 Y83.454 E64.23779
G1 F2400 E63.23779
;MESH:NONMESH
G0 F600 X149.041 Y83.454 Z1.9
G0 F9000 X149.633 Y41.9
;TIME_ELAPSED:553.122097
;LAYER:8
;MESH:0530?????????.stl
G0 X150.713 Y41.606
;TYPE:PRIME-TOWER
G1 F2400 E64.23779
G1 F3000 X148.873 Y39.365 E64.36798
G1 X147.51 Y36.814 E64.49785
G1 X146.67 Y34.044 E64.62782
G1 X146.386 Y31.16 E64.75794
G1 X146.67 Y28.275 E64.88811
G1 X147.51 Y25.505 E65.01807
G1 X148.873 Y22.954 E65.14794
G1 X150.713 Y20.713 E65.27814
G1 X152.954 Y18.873 E65.40833
G1 X155.505 Y17.51 E65.5382
G1 X158.275 Y16.67 E65.66817
G1 X161.16 Y16.386 E65.79834
G1 X164.044 Y16.67 E65.92846
G1 X166.814 Y17.51 E66.05843
G1 X169.365 Y18.873 E66.18829
G1 X171.606 Y20.713 E66.31849
G1 X173.446 Y22.954 E66.44869
G1 X174.809 Y25.505 E66.57855
G1 X175.649 Y28.275 E66.70852
G1 X175.934 Y31.16 E66.83869
G1 X175.649 Y34.044 E66.96882
G1 X174.809 Y36.814 E67.09879
G1 X173.446 Y39.365 E67.22865
G1 X171.606 Y41.606 E67.35885
G1 X169.365 Y43.446 E67.48905
G1 X166.814 Y44.809 E67.61891
G1 X164.044 Y45.649 E67.74888
G1 X161.16 Y45.934 E67.87901
G1 X158.275 Y45.649 E68.00918
G1 X155.505 Y44.809 E68.13915
G1 X152.954 Y43.446 E68.26902
G1 X150.713 Y41.606 E68.39921
G0 F9000 X151.033 Y41.286
G1 F3000 X149.25 Y39.115 E68.52535
G1 X147.928 Y36.643 E68.65122
G1 X147.114 Y33.955 E68.77733
G1 X146.838 Y31.16 E68.90344
G1 X147.114 Y28.364 E69.02959
G1 X147.928 Y25.676 E69.1557
G1 X149.25 Y23.204 E69.28157
G1 X151.033 Y21.033 E69.40772
G1 X153.204 Y19.25 E69.53386
G1 X155.676 Y17.928 E69.65973
G1 X158.364 Y17.114 E69.78584
G1 X161.16 Y16.838 E69.91199
G1 X163.955 Y17.114 E70.0381
G1 X166.643 Y17.928 E70.16421
G1 X169.115 Y19.25 E70.29008
G1 X171.286 Y21.033 E70.41622
G1 X173.069 Y23.204 E70.54236
G1 X174.391 Y25.676 E70.66823
G1 X175.205 Y28.365 E70.79438
G1 X175.481 Y31.16 E70.92049
G1 X175.205 Y33.954 E71.04656
G1 X174.391 Y36.643 E71.17271
G1 X173.069 Y39.115 E71.29858
G1 X171.286 Y41.286 E71.42472
G1 X169.115 Y43.069 E71.55086
G1 X166.643 Y44.391 E71.67673
G1 X163.954 Y45.205 E71.80288
G1 X161.16 Y45.481 E71.92895
G1 X158.365 Y45.205 E72.05506
G1 X155.676 Y44.391 E72.18121
G1 X153.204 Y43.069 E72.30708
G1 X151.033 Y41.286 E72.43322
G0 F9000 X151.353 Y40.966
M104 T1 S200
G1 F3000 X149.625 Y38.862 E72.55547
G1 X148.347 Y36.47 E72.67724
G1 X147.557 Y33.866 E72.79943
G1 X147.291 Y31.16 E72.92152
G1 X147.557 Y28.453 E73.04365
G1 X148.347 Y25.849 E73.16583
G1 X149.625 Y23.457 E73.28761
G1 X151.353 Y21.353 E73.40986
G1 X153.457 Y19.625 E73.53211
G1 X155.849 Y18.347 E73.65388
G1 X158.453 Y17.557 E73.77606
G1 X161.16 Y17.291 E73.8982
G1 X163.866 Y17.557 E74.02028
G1 X166.47 Y18.347 E74.14247
G1 X168.862 Y19.625 E74.26424
G1 X170.966 Y21.353 E74.38649
G1 X172.694 Y23.457 E74.50874
G1 X173.972 Y25.849 E74.63051
G1 X174.762 Y28.452 E74.75266
G1 X175.029 Y31.16 E74.87484
G1 X174.762 Y33.867 E74.99698
G1 X173.972 Y36.47 E75.11912
G1 X172.694 Y38.862 E75.24089
G1 X170.966 Y40.966 E75.36314
G1 X168.862 Y42.694 E75.48539
G1 X166.47 Y43.972 E75.60716
G1 X163.867 Y44.762 E75.7293
G1 X161.16 Y45.029 E75.85144
G1 X158.452 Y44.762 E75.97362
G1 X155.849 Y43.972 E76.09576
G1 X153.457 Y42.694 E76.21754
G1 X151.353 Y40.966 E76.33979
G1 F2400 E75.33979
G0 F9000 X151.353 Y82.965
G0 X152.399 Y85.973
G1 F2400 E76.33979
G0 F9000 X152.349 Y86.059
;TYPE:WALL-INNER
G1 F6000 X148.972 Y87.997 E76.46929
G1 X148.972 Y88.693 E76.49244
G1 X152.349 Y90.63 E76.62192
G1 X152.349 Y86.059 E76.77395
G0 F9000 X151.949 Y86.75
;TYPE:WALL-OUTER
G1 F3600 X149.372 Y88.229 E76.87278
G1 X149.372 Y88.461 E76.88049
G1 X151.949 Y89.939 E76.9793
G1 X151.949 Y86.75 E77.08537
G0 F9000 X151.776 Y86.849
G0 X151.558 Y86.468
G0 X151.529 Y86.415
G0 X152.369 Y86.025
G0 X158.652 Y93.675
G0 X158.722 Y93.745
;TYPE:WALL-INNER
G1 F6000 X147.922 Y93.745 E77.44458
G1 X147.922 Y82.945 E77.80379
G1 X158.722 Y82.945 E78.163
G1 X158.722 Y93.745 E78.52221
G0 F9000 X159.122 Y94.145
;TYPE:WALL-OUTER
G1 F3600 X147.522 Y94.145 E78.90802
G1 X147.522 Y82.545 E79.29384
G1 X159.122 Y82.545 E79.67966
G1 X159.122 Y94.145 E80.06548
G0 F9000 X158.922 Y94.145
G0 X158.682 Y93.705
G0 X158.332 Y93.355
;TYPE:SKIN
G1 F3600 X148.312 Y93.355 E80.39874
G1 X148.312 Y83.335 E80.73201
G1 X158.332 Y83.335 E81.06528
G1 X158.332 Y93.355 E81.39854
G0 F9000 X152.739 Y91.303
G1 F3600 X152.739 Y85.386 E81.59534
G1 X148.582 Y87.771 E81.75475
G1 X148.582 Y88.919 E81.79293
G1 X152.739 Y91.303 E81.95231
G0 F9000 X148.672 Y93.234
G1 F3600 X148.43 Y92.993 E81.96367
G0 F9000 X148.43 Y92.428
G1 F3600 X149.237 Y93.234 E82.00161
G0 F9000 X149.803 Y93.234
G1 F3600 X148.43 Y91.862 E82.06617
G0 F9000 X148.43 Y91.296
G1 F3600 X150.369 Y93.234 E82.15735
G0 F9000 X150.934 Y93.234
G1 F3600 X148.43 Y90.73 E82.27513
G0 F9000 X148.43 Y90.165
G1 F3600 X151.5 Y93.234 E82.41951
G0 F9000 X152.066 Y93.234
G1 F3600 X148.43 Y89.599 E82.59051
G0 F9000 X148.43 Y89.033
G1 F3600 X152.631 Y93.234 E82.78811
G0 F9000 X153.197 Y93.234
G1 F3600 X149.611 Y89.648 E82.95679
G0 F9000 X150.936 Y90.407
G1 F3600 X153.763 Y93.234 E83.08976
G0 F9000 X154.328 Y93.234
G1 F3600 X152.262 Y91.167 E83.18696
G0 F9000 X152.858 Y91.198
G1 F3600 X154.894 Y93.234 E83.28273
G0 F9000 X155.46 Y93.234
G1 F3600 X152.858 Y90.632 E83.40512
G0 F9000 X152.858 Y90.067
G1 F3600 X156.025 Y93.234 E83.55409
G0 F9000 X156.591 Y93.234
G1 F3600 X152.858 Y89.501 E83.72967
G0 F9000 X152.858 Y88.935
G1 F3600 X157.157 Y93.234 E83.93189
G0 F9000 X157.722 Y93.234
G1 F3600 X152.858 Y88.369 E84.1607
G0 F9000 X152.858 Y87.804
G1 F3600 X158.211 Y93.157 E84.41249
G0 F9000 X158.211 Y92.592
G1 F3600 X152.858 Y87.238 E84.6643
G0 F9000 X152.858 Y86.672
G1 F3600 X158.211 Y92.026 E84.91611
G0 F9000 X158.211 Y91.46
G1 F3600 X152.858 Y86.107 E85.1679
G0 F9000 X152.858 Y85.541
G1 F3600 X158.211 Y90.895 E85.41971
G0 F9000 X158.211 Y90.329
G1 F3600 X151.337 Y83.454 E85.74307
G0 F9000 X151.902 Y83.454
G1 F3600 X158.211 Y89.763 E86.03982
G0 F9000 X158.211 Y89.197
G1 F3600 X152.468 Y83.454 E86.30996
G0 F9000 X153.034 Y83.454
G1 F3600 X158.211 Y88.632 E86.55349
G0 F9000 X158.211 Y88.066
G1 F3600 X153.599 Y83.454 E86.77042
G0 F9000 X154.165 Y83.454
G1 F3600 X158.211 Y87.5 E86.96074
G0 F9000 X158.211 Y86.935
G1 F3600 X154.731 Y83.454 E87.12445
G0 F9000 X155.296 Y83.454
G1 F3600 X158.211 Y86.369 E87.26156
G0 F9000 X158.211 Y85.803
G1 F3600 X155.862 Y83.454 E87.37205
G0 F9000 X156.428 Y83.454
G1 F3600 X158.211 Y85.238 E87.45594
G0 F9000 X158.211 Y84.672
G1 F3600 X156.993 Y83.454 E87.51323
G0 F9000 X157.559 Y83.454
G1 F3600 X158.211 Y84.106 E87.5439
G0 F9000 X158.211 Y83.541
G1 F3600 X158.125 Y83.454 E87.54797
G0 F9000 X152.627 Y85.311
G1 F3600 X150.771 Y83.454 E87.63529
G0 F9000 X150.205 Y83.454
G1 F3600 X152.268 Y85.517 E87.73233
G0 F9000 X151.908 Y85.723
G1 F3600 X149.64 Y83.454 E87.83903
G0 F9000 X149.074 Y83.454
G1 F3600 X151.549 Y85.929 E87.95545
G0 F9000 X151.189 Y86.135
G1 F3600 X148.508 Y83.454 E88.08156
G0 F9000 X148.43 Y83.942
G1 F3600 X150.83 Y86.341 E88.19442
G0 F9000 X150.47 Y86.548
G1 F3600 X148.43 Y84.508 E88.29038
G0 F9000 X148.43 Y85.074
G1 F3600 X150.11 Y86.754 E88.3694
G0 F9000 X149.751 Y86.96
G1 F3600 X148.43 Y85.639 E88.43153
G0 F9000 X148.43 Y86.205
G1 F3600 X149.391 Y87.166 E88.47674
G0 F9000 X149.032 Y87.372
G1 F3600 X148.43 Y86.771 E88.50503
G0 F9000 X148.43 Y87.336
G1 F3600 X148.672 Y87.578 E88.51641
G1 F2400 E87.51641
G0 F9000 X152.369 Y86.025
G0 X158.702 Y88.87
G0 X163.773 Y88.479
G0 X166.54 Y88.87
;TYPE:WALL-INNER
G1 F2400 E88.51641
G1 F6000 X165.522 Y90.393 E88.57734
G1 X164.504 Y88.87 E88.63827
G1 X166.54 Y88.87 E88.70599
G0 F9000 X165.897 Y88.47
;TYPE:WALL-OUTER
G1 F3600 X167.288 Y88.47 E88.75225
G1 X165.522 Y91.114 E88.858
G1 X163.756 Y88.47 E88.96376
G1 X165.147 Y88.47 E89.01002
G1 X165.147 Y85.47 E89.1098
G1 X165.897 Y85.47 E89.13475
G1 X165.897 Y88.47 E89.23453
G0 F9000 X166.097 Y88.47
G0 X166.097 Y88.91
G0 X165.81 Y89.26
;TYPE:SKIN
G1 F3600 X165.522 Y89.691 E89.25177
G1 X165.234 Y89.26 E89.26901
G1 X165.81 Y89.26 E89.28817
G0 F9000 X165.481 Y88.548
;TYPE:SKIN
G1 F3600 X165.34 Y88.689 E89.30042
G0 F9000 X165.521 Y88.305
G1 F3600 X165.521 Y88.022 E89.31333
G1 X165.521 Y86.042 E89.40365
G1 X165.705 Y85.66 E89.42299
G0 F9000 X165.497 Y85.87
G1 F2400 E88.42299
G0 F9000 X165.883 Y81.525
G0 X167.895 Y75.221
G1 F2400 E89.42299
G0 F9000 X167.809 Y75.171
;TYPE:WALL-INNER
G1 F6000 X165.87 Y71.795 E89.55248
G1 X165.174 Y71.795 E89.57563
G1 X163.237 Y75.171 E89.70509
G1 X167.809 Y75.171 E89.85715
G0 F9000 X167.118 Y74.771
;TYPE:WALL-OUTER
G1 F3600 X165.638 Y72.195 E89.95596
G1 X165.406 Y72.195 E89.96368
G1 X163.928 Y74.771 E90.06246
G1 X167.118 Y74.771 E90.16856
G0 F9000 X167.019 Y74.598
G0 X167.4 Y74.38
G0 X167.452 Y74.351
G0 X170.852 Y81.475
G0 X170.922 Y81.545
;TYPE:WALL-INNER
G1 F6000 X160.122 Y81.545 E90.52777
G1 X160.122 Y70.745 E90.88698
G1 X170.922 Y70.745 E91.24619
G1 X170.922 Y81.545 E91.6054
G0 F9000 X171.322 Y81.945
;TYPE:WALL-OUTER
G1 F3600 X159.722 Y81.945 E91.99122
G1 X159.722 Y70.345 E92.37703
G1 X171.322 Y70.345 E92.76285
G1 X171.322 Y81.945 E93.14867
G0 F9000 X171.122 Y81.945
G0 X170.882 Y81.505
G0 X170.532 Y81.155
;TYPE:SKIN
G1 F3600 X160.512 Y81.155 E93.48193
G1 X160.512 Y71.135 E93.8152
G1 X170.532 Y71.135 E94.14847
G1 X170.532 Y81.155 E94.48173
G0 F9000 X168.483 Y75.561
G1 F3600 X166.096 Y71.405 E94.64114
G1 X164.948 Y71.405 E94.67932
G1 X162.564 Y75.561 E94.83868
G1 X168.483 Y75.561 E95.03555
G0 F9000 X170.411 Y71.416
G1 F3600 X170.25 Y71.255 E95.04312
G0 F9000 X169.684 Y71.255
G1 F3600 X170.411 Y71.982 E95.07732
G0 F9000 X170.411 Y72.547
G1 F3600 X169.118 Y71.255 E95.13811
G0 F9000 X168.553 Y71.255
G1 F3600 X170.411 Y73.113 E95.2255
G0 F9000 X170.411 Y73.679
G1 F3600 X167.987 Y71.255 E95.33952
G0 F9000 X167.421 Y71.255
G1 F3600 X170.411 Y74.244 E95.48014
G0 F9000 X170.411 Y74.81
G1 F3600 X166.855 Y71.255 E95.64738
G0 F9000 X166.29 Y71.255
G1 F3600 X170.411 Y75.376 E95.84122
G0 F9000 X170.411 Y75.941
G1 F3600 X166.72 Y72.25 E96.01483
G0 F9000 X167.483 Y73.58
G1 F3600 X170.411 Y76.507 E96.15253
G0 F9000 X170.411 Y77.073
G1 F3600 X168.247 Y74.909 E96.25432
G0 F9000 X168.453 Y75.68
G1 F3600 X170.411 Y77.638 E96.34642
G0 F9000 X170.411 Y78.204
G1 F3600 X167.887 Y75.68 E96.46514
G0 F9000 X167.321 Y75.68
G1 F3600 X170.411 Y78.77 E96.61048
G0 F9000 X170.411 Y79.335
G1 F3600 X166.756 Y75.68 E96.7824
G0 F9000 X166.19 Y75.68
G1 F3600 X170.411 Y79.901 E96.98095
G0 F9000 X170.411 Y80.467
G1 F3600 X165.624 Y75.68 E97.20611
G0 F9000 X165.059 Y75.68
G1 F3600 X170.411 Y81.033 E97.45788
G0 F9000 X169.847 Y81.034
G1 F3600 X164.493 Y75.68 E97.70971
G0 F9000 X163.927 Y75.68
G1 F3600 X169.281 Y81.034 E97.96155
G0 F9000 X168.715 Y81.034
G1 F3600 X163.362 Y75.68 E98.21336
G0 F9000 X162.796 Y75.68
G1 F3600 X168.149 Y81.034 E98.46517
G0 F9000 X167.584 Y81.034
G1 F3600 X160.631 Y74.081 E98.79222
G0 F9000 X160.631 Y73.515
G1 F3600 X162.517 Y75.401 E98.88093
G0 F9000 X162.723 Y75.042
G1 F3600 X160.631 Y72.95 E98.97933
G0 F9000 X160.631 Y72.384
G1 F3600 X162.929 Y74.682 E99.08743
G0 F9000 X163.135 Y74.323
G1 F3600 X160.631 Y71.818 E99.20523
G0 F9000 X160.633 Y71.255
G1 F3600 X163.341 Y73.963 E99.33261
G0 F9000 X163.548 Y73.604
G1 F3600 X161.199 Y71.255 E99.4431
G0 F9000 X161.764 Y71.255
G1 F3600 X163.753 Y73.244 E99.53665
G0 F9000 X163.96 Y72.885
G1 F3600 X162.33 Y71.255 E99.61332
G0 F9000 X162.896 Y71.255
G1 F3600 X164.166 Y72.525 E99.67306
G0 F9000 X164.372 Y72.165
G1 F3600 X163.461 Y71.255 E99.71589
G0 F9000 X164.027 Y71.255
G1 F3600 X164.579 Y71.806 E99.74183
G0 F9000 X164.784 Y71.446
G1 F3600 X164.593 Y71.255 E99.75081
G0 F9000 X160.631 Y74.647
G1 F3600 X167.018 Y81.034 E100.05124
G0 F9000 X166.452 Y81.034
G1 F3600 X160.631 Y75.212 E100.32506
G0 F9000 X160.631 Y75.778
G1 F3600 X165.887 Y81.034 E100.57229
G0 F9000 X165.321 Y81.034
G1 F3600 X160.631 Y76.344 E100.79289
G0 F9000 X160.631 Y76.909
G1 F3600 X164.755 Y81.034 E100.98689
G0 F9000 X164.19 Y81.034
G1 F3600 X160.631 Y77.475 E101.1543
G0 F9000 X160.631 Y78.041
G1 F3600 X163.624 Y81.034 E101.29508
G0 F9000 X163.058 Y81.034
G1 F3600 X160.631 Y78.606 E101.40926
G0 F9000 X160.631 Y79.172
G1 F3600 X162.493 Y81.034 E101.49685
G0 F9000 X161.927 Y81.034
G1 F3600 X160.631 Y79.738 E101.55781
G0 F9000 X160.631 Y80.303
G1 F3600 X161.361 Y81.034 E101.59217
G0 F9000 X160.796 Y81.034
G1 F3600 X160.631 Y80.869 E101.59993
G1 F2400 E100.59993
G0 F9000 X170.908 Y81.531
G0 X172.336 Y82.959
G0 X178.646 Y85.972
G1 F2400 E101.59993
G0 F9000 X178.696 Y86.058
;TYPE:WALL-INNER
G1 F6000 X178.696 Y90.63 E101.75199
G1 X182.072 Y88.693 E101.88145
G1 X182.072 Y87.997 E101.9046
G1 X178.696 Y86.058 E102.03409
G0 F9000 X179.096 Y86.749
;TYPE:WALL-OUTER
G1 F3600 X179.096 Y89.939 E102.14019
G1 X181.672 Y88.461 E102.23896
G1 X181.672 Y88.229 E102.24668
G1 X179.096 Y86.749 E102.34549
G0 F9000 X179.096 Y86.949
G0 X178.656 Y86.949
G0 X178.596 Y86.949
G0 X178.676 Y90.664
G0 X183.052 Y93.675
G0 X183.122 Y93.745
;TYPE:WALL-INNER
G1 F6000 X172.322 Y93.745 E102.7047
G1 X172.322 Y82.945 E103.06391
G1 X183.122 Y82.945 E103.42312
G1 X183.122 Y93.745 E103.78233
G0 F9000 X183.522 Y94.145
;TYPE:WALL-OUTER
G1 F3600 X171.922 Y94.145 E104.16815
G1 X171.922 Y82.545 E104.55397
G1 X183.522 Y82.545 E104.93978
G1 X183.522 Y94.145 E105.3256
G0 F9000 X183.322 Y94.145
G0 X183.082 Y93.705
G0 X182.732 Y93.355
;TYPE:SKIN
G1 F3600 X172.712 Y93.355 E105.65887
G1 X172.712 Y83.335 E105.99213
G1 X182.732 Y83.335 E106.3254
G1 X182.732 Y93.355 E106.65867
G0 F9000 X182.462 Y88.919
G1 F3600 X182.462 Y87.771 E106.69685
G1 X178.306 Y85.384 E106.85626
G1 X178.306 Y91.303 E107.05312
G1 X182.462 Y88.919 E107.21248
G0 F9000 X182.611 Y83.616
G1 F3600 X182.449 Y83.454 E107.2201
G0 F9000 X181.884 Y83.454
G1 F3600 X182.611 Y84.182 E107.25432
G0 F9000 X182.611 Y84.748
G1 F3600 X181.318 Y83.454 E107.31516
G0 F9000 X180.752 Y83.454
G1 F3600 X182.611 Y85.313 E107.4026
G0 F9000 X182.611 Y85.879
G1 F3600 X180.187 Y83.454 E107.51664
G0 F9000 X179.621 Y83.454
G1 F3600 X182.611 Y86.445 E107.65731
G0 F9000 X182.611 Y87.01
G1 F3600 X179.055 Y83.454 E107.82457
G0 F9000 X178.49 Y83.454
G1 F3600 X182.611 Y87.576 E108.01843
G0 F9000 X181.614 Y87.145
G1 F3600 X177.924 Y83.454 E108.19202
G0 F9000 X177.358 Y83.454
G1 F3600 X180.285 Y86.381 E108.3297
G0 F9000 X178.956 Y85.618
G1 F3600 X176.792 Y83.454 E108.43149
G0 F9000 X176.227 Y83.454
G1 F3600 X178.185 Y85.413 E108.52361
G0 F9000 X178.185 Y85.979
G1 F3600 X175.661 Y83.454 E108.64236
G0 F9000 X175.095 Y83.454
G1 F3600 X178.185 Y86.544 E108.7877
G0 F9000 X178.185 Y87.11
G1 F3600 X174.53 Y83.454 E108.95964
G0 F9000 X173.964 Y83.454
G1 F3600 X178.185 Y87.676 E109.15821
G0 F9000 X178.185 Y88.241
G1 F3600 X173.398 Y83.454 E109.38338
G0 F9000 X172.833 Y83.454
G1 F3600 X178.185 Y88.807 E109.63514
G0 F9000 X178.185 Y89.373
G1 F3600 X172.831 Y84.018 E109.887
G0 F9000 X172.831 Y84.584
G1 F3600 X178.185 Y89.939 E110.13886
G0 F9000 X178.185 Y90.504
G1 F3600 X172.831 Y85.149 E110.39072
G0 F9000 X172.831 Y85.715
G1 F3600 X178.185 Y91.07 E110.64258
G0 F9000 X178.465 Y91.349
G1 F3600 X180.35 Y93.234 E110.73124
G0 F9000 X180.916 Y93.234
G1 F3600 X178.824 Y91.143 E110.82962
G0 F9000 X179.184 Y90.937
G1 F3600 X181.481 Y93.234 E110.93766
G0 F9000 X182.047 Y93.234
G1 F3600 X179.543 Y90.73 E111.05544
G0 F9000 X179.903 Y90.525
G1 F3600 X182.611 Y93.233 E111.18282
G0 F9000 X182.611 Y92.667
G1 F3600 X180.262 Y90.318 E111.29331
G0 F9000 X180.622 Y90.112
G1 F3600 X182.611 Y92.102 E111.38689
G0 F9000 X182.611 Y91.536
G1 F3600 X180.981 Y89.906 E111.46356
G0 F9000 X181.341 Y89.7
G1 F3600 X182.611 Y90.97 E111.5233
G0 F9000 X182.611 Y90.405
G1 F3600 X181.7 Y89.494 E111.56615
G0 F9000 X182.06 Y89.287
G1 F3600 X182.611 Y89.839 E111.59209
G0 F9000 X182.611 Y89.273
G1 F3600 X182.42 Y89.082 E111.60107
G0 F9000 X179.784 Y93.234
G1 F3600 X172.831 Y86.281 E111.92812
G0 F9000 X172.831 Y86.846
G1 F3600 X179.219 Y93.234 E112.22859
G0 F9000 X178.653 Y93.234
G1 F3600 X172.831 Y87.412 E112.50244
G0 F9000 X172.831 Y87.978
G1 F3600 X178.087 Y93.234 E112.74967
G0 F9000 X177.521 Y93.234
G1 F3600 X172.831 Y88.543 E112.97029
G0 F9000 X172.831 Y89.109
G1 F3600 X176.956 Y93.234 E113.16432
G0 F9000 X176.39 Y93.234
G1 F3600 X172.831 Y89.675 E113.33173
G0 F9000 X172.831 Y90.24
G1 F3600 X175.824 Y93.234 E113.47253
G0 F9000 X175.259 Y93.234
G1 F3600 X172.831 Y90.806 E113.58674
G0 F9000 X172.831 Y91.372
G1 F3600 X174.693 Y93.234 E113.67432
G0 F9000 X174.127 Y93.234
G1 F3600 X172.831 Y91.938 E113.73528
G0 F9000 X172.831 Y92.503
G1 F3600 X173.562 Y93.234 E113.76966
G0 F9000 X172.996 Y93.234
G1 F3600 X172.831 Y93.069 E113.77742
G1 F2400 E112.77742
G0 F9000 X172.336 Y93.731
G0 X170.908 Y95.159
G0 X163.151 Y101.468
G1 F2400 E113.77742
G0 F9000 X163.237 Y101.518
;TYPE:WALL-INNER
G1 F6000 X165.174 Y104.895 E113.90691
G1 X165.87 Y104.895 E113.93006
G1 X167.808 Y101.518 E114.05956
G1 X163.237 Y101.518 E114.21159
G0 F9000 X163.928 Y101.918
;TYPE:WALL-OUTER
G1 F3600 X165.406 Y104.495 E114.3104
G1 X165.638 Y104.495 E114.31812
G1 X167.117 Y101.918 E114.41694
G1 X163.928 Y101.918 E114.52301
G0 F9000 X164.027 Y102.091
G0 X163.646 Y102.308
G0 X163.593 Y102.337
G0 X165.154 Y104.929
G0 X170.852 Y105.875
G0 X170.922 Y105.945
;TYPE:WALL-INNER
G1 F6000 X160.122 Y105.945 E114.88222
G1 X160.122 Y95.145 E115.24143
G1 X170.922 Y95.145 E115.60063
G1 X170.922 Y105.945 E115.95984
G0 F9000 X171.322 Y106.345
;TYPE:WALL-OUTER
G1 F3600 X159.722 Y106.345 E116.34566
G1 X159.722 Y94.745 E116.73148
G1 X171.322 Y94.745 E117.1173
G1 X171.322 Y106.345 E117.50311
G0 F9000 X171.122 Y106.345
G0 X170.882 Y105.905
G0 X170.532 Y105.555
;TYPE:SKIN
G1 F3600 X160.512 Y105.555 E117.83638
G1 X160.512 Y95.535 E118.16965
G1 X170.532 Y95.535 E118.50291
G1 X170.532 Y105.555 E118.83618
G0 F9000 X166.096 Y105.285
G1 F3600 X168.481 Y101.128 E118.99558
G1 X162.564 Y101.128 E119.19238
G1 X164.948 Y105.285 E119.35177
G1 X166.096 Y105.285 E119.38995
G0 F9000 X160.871 Y105.434
G1 F3600 X160.631 Y105.194 E119.40124
G0 F9000 X160.631 Y104.628
G1 F3600 X161.437 Y105.434 E119.43915
G0 F9000 X162.003 Y105.434
G1 F3600 X160.631 Y104.062 E119.50369
G0 F9000 X160.631 Y103.497
G1 F3600 X162.568 Y105.434 E119.5948
G0 F9000 X163.134 Y105.434
G1 F3600 X160.631 Y102.931 E119.71253
G0 F9000 X160.631 Y102.365
G1 F3600 X163.7 Y105.434 E119.85689
G0 F9000 X164.265 Y105.434
G1 F3600 X160.631 Y101.8 E120.02782
G0 F9000 X160.631 Y101.234
G1 F3600 X164.831 Y105.434 E120.22537
G0 F9000 X164.218 Y104.255
G1 F3600 X160.631 Y100.668 E120.3941
G0 F9000 X160.631 Y100.102
G1 F3600 X163.459 Y102.93 E120.52712
G0 F9000 X162.698 Y101.604
G1 F3600 X160.631 Y99.537 E120.62434
G0 F9000 X160.631 Y98.971
G1 F3600 X162.667 Y101.008 E120.72013
G0 F9000 X163.233 Y101.008
G1 F3600 X160.631 Y98.405 E120.84255
G0 F9000 X160.631 Y97.84
G1 F3600 X163.799 Y101.008 E120.99156
G0 F9000 X164.364 Y101.008
G1 F3600 X160.631 Y97.274 E121.16717
G0 F9000 X160.631 Y96.708
M104 S195
G1 F3600 X164.93 Y101.008 E121.36941
G0 F9000 X165.496 Y101.008
G1 F3600 X160.631 Y96.143 E121.59824
G0 F9000 X160.709 Y95.655
G1 F3600 X166.061 Y101.008 E121.85001
G0 F9000 X166.627 Y101.008
G1 F3600 X161.274 Y95.655 E122.10179
G0 F9000 X161.84 Y95.655
G1 F3600 X167.193 Y101.008 E122.35358
G0 F9000 X167.758 Y101.008
G1 F3600 X162.406 Y95.655 E122.60535
G0 F9000 X162.971 Y95.655
G1 F3600 X168.324 Y101.008 E122.85714
G0 F9000 X168.554 Y101.237
G1 F3600 X170.411 Y103.094 E122.94449
G0 F9000 X170.411 Y102.529
G1 F3600 X163.537 Y95.655 E123.26782
G0 F9000 X164.103 Y95.655
G1 F3600 X170.411 Y101.963 E123.56453
G0 F9000 X170.411 Y101.397
G1 F3600 X164.668 Y95.655 E123.83464
G0 F9000 X165.234 Y95.655
G1 F3600 X170.411 Y100.832 E124.07815
G0 F9000 X170.411 Y100.266
G1 F3600 X165.8 Y95.655 E124.29503
G0 F9000 X166.365 Y95.655
G1 F3600 X170.411 Y99.7 E124.48532
G0 F9000 X170.411 Y99.134
G1 F3600 X166.931 Y95.655 E124.64899
G0 F9000 X167.497 Y95.655
G1 F3600 X170.411 Y98.569 E124.78605
G0 F9000 X170.411 Y98.003
G1 F3600 X168.063 Y95.655 E124.89649
G0 F9000 X168.628 Y95.655
G1 F3600 X170.411 Y97.437 E124.98034
G0 F9000 X170.411 Y96.872
G1 F3600 X169.194 Y95.655 E125.03758
G0 F9000 X169.76 Y95.655
G1 F3600 X170.411 Y96.306 E125.0682
G0 F9000 X170.411 Y95.74
G1 F3600 X170.325 Y95.655 E125.07222
G0 F9000 X168.347 Y101.597
G1 F3600 X170.411 Y103.66 E125.16929
G0 F9000 X170.411 Y104.226
G1 F3600 X168.142 Y101.957 E125.27601
G0 F9000 X167.935 Y102.316
G1 F3600 X170.411 Y104.791 E125.39245
G0 F9000 X170.411 Y105.357
G1 F3600 X167.729 Y102.676 E125.51858
G0 F9000 X167.523 Y103.035
G1 F3600 X169.922 Y105.434 E125.63142
G0 F9000 X169.357 Y105.434
G1 F3600 X167.317 Y103.394 E125.72738
G0 F9000 X167.111 Y103.754
G1 F3600 X168.791 Y105.434 E125.8064
G0 F9000 X168.225 Y105.434
G1 F3600 X166.904 Y104.113 E125.86854
G0 F9000 X166.699 Y104.473
G1 F3600 X167.659 Y105.434 E125.91372
G0 F9000 X167.094 Y105.434
G1 F3600 X166.492 Y104.832 E125.94203
G0 F9000 X166.286 Y105.192
G1 F3600 X166.528 Y105.434 E125.95341
G1 F2400 E124.95341
G1 F600 Z3.9
G92 E0
G0 X-20 F6000
M107
T1
G92 E0
M105
M109 S200
M104 T0 S200
M106 S255 P1
G1 F600 Z1.9
;MESH:0530?????????.stl
G0 F9000 X162.271 Y15.469
G0 X161.16 Y17.742
;TYPE:PRIME-TOWER
G1 F2400 E3.07876
G1 F3000 X163.776 Y18 E3.19679
G1 X166.295 Y18.763 E3.31497
G1 X168.615 Y20.003 E3.43309
G1 X170.647 Y21.672 E3.55116
G1 X172.316 Y23.704 E3.66923
G1 X173.556 Y26.024 E3.78734
G1 X174.319 Y28.542 E3.90548
G1 X174.578 Y31.16 E4.02361
G1 X174.319 Y33.777 E4.14169
G1 X173.556 Y36.295 E4.25983
G1 X172.316 Y38.615 E4.37794
G1 X170.647 Y40.647 E4.49601
G1 X168.615 Y42.316 E4.61408
G1 X166.295 Y43.556 E4.7322
G1 X163.777 Y44.319 E4.85034
G1 X161.16 Y44.578 E4.96842
G1 X158.542 Y44.319 E5.08654
G1 X156.024 Y43.556 E5.20468
G1 X153.704 Y42.316 E5.3228
G1 X151.672 Y40.647 E5.44087
G1 X150.003 Y38.615 E5.55894
G1 X148.763 Y36.295 E5.67705
G1 X148 Y33.776 E5.79524
G1 X147.742 Y31.16 E5.91327
G1 X148 Y28.543 E6.03134
G1 X148.763 Y26.024 E6.14952
G1 X150.003 Y23.704 E6.26764
G1 X151.672 Y21.672 E6.38571
G1 X153.704 Y20.003 E6.50378
G1 X156.024 Y18.763 E6.6219
G1 X158.543 Y18 E6.74008
G1 X161.16 Y17.742 E6.85815
G0 F9000 X161.16 Y18.194
G1 F3000 X163.688 Y18.443 E6.97221
G1 X166.12 Y19.18 E7.08632
G1 X168.364 Y20.38 E7.20058
G1 X170.327 Y21.992 E7.31463
G1 X171.939 Y23.955 E7.42868
G1 X173.139 Y26.199 E7.54294
G1 X173.876 Y28.631 E7.65705
G1 X174.125 Y31.16 E7.77115
G1 X173.876 Y33.688 E7.88521
G1 X173.139 Y36.12 E7.99931
G1 X171.939 Y38.364 E8.11357
G1 X170.327 Y40.327 E8.22763
G1 X168.364 Y41.939 E8.34168
G1 X166.12 Y43.139 E8.45594
G1 X163.688 Y43.876 E8.57004
G1 X161.16 Y44.125 E8.6841
G1 X158.631 Y43.876 E8.7982
G1 X156.199 Y43.139 E8.91231
G1 X153.955 Y41.939 E9.02657
G1 X151.992 Y40.327 E9.14062
G1 X150.38 Y38.364 E9.25467
G1 X149.18 Y36.12 E9.36893
G1 X148.443 Y33.688 E9.48304
G1 X148.194 Y31.16 E9.5971
G1 X148.443 Y28.631 E9.7112
G1 X149.18 Y26.199 E9.8253
G1 X150.38 Y23.955 E9.93956
G1 X151.992 Y21.992 E10.05362
G1 X153.955 Y20.38 E10.16767
G1 X156.199 Y19.18 E10.28193
G1 X158.631 Y18.443 E10.39603
G1 X161.16 Y18.194 E10.51014
G0 F9000 X161.16 Y18.647
G1 F3000 X163.598 Y18.887 E10.62013
G1 X165.949 Y19.599 E10.73043
G1 X168.114 Y20.756 E10.84065
G1 X170.008 Y22.311 E10.95069
G1 X171.563 Y24.205 E11.06072
G1 X172.72 Y26.37 E11.17094
G1 X173.432 Y28.721 E11.28124
G1 X173.673 Y31.16 E11.39129
G1 X173.432 Y33.598 E11.50129
G1 X172.72 Y35.949 E11.61159
G1 X171.563 Y38.114 E11.72181
G1 X170.008 Y40.008 E11.83184
G1 X168.114 Y41.563 E11.94188
G1 X165.949 Y42.72 E12.0521
G1 X163.598 Y43.432 E12.16239
G1 X161.16 Y43.673 E12.2724
G1 X158.721 Y43.432 E12.38244
G1 X156.37 Y42.72 E12.49274
G1 X154.205 Y41.563 E12.60296
G1 X152.311 Y40.008 E12.713
G1 X150.756 Y38.114 E12.82303
G1 X149.599 Y35.949 E12.93325
G1 X148.887 Y33.598 E13.04355
G1 X148.647 Y31.16 E13.15355
G1 X148.887 Y28.721 E13.26359
G1 X149.599 Y26.37 E13.37389
G1 X150.756 Y24.205 E13.48411
G1 X152.311 Y22.311 E13.59414
G1 X154.205 Y20.756 E13.70418
G1 X156.37 Y19.599 E13.8144
G1 X158.721 Y18.887 E13.9247
G1 X161.16 Y18.647 E14.03474
G1 F2400 E13.03474
G0 F9000 X161.16 Y31.16
G0 X164.723 Y102.378
G0 X165.995 Y102.568
;TYPE:WALL-INNER
G1 F2400 E14.03474
G1 F6000 X165.522 Y103.391 E14.06631
G1 X165.051 Y102.568 E14.09785
G1 X165.995 Y102.568 E14.12925
G0 F9000 X166.686 Y102.168
;TYPE:WALL-OUTER
G1 F3600 X165.522 Y104.194 E14.20696
G1 X164.36 Y102.168 E14.28464
G1 X166.686 Y102.168 E14.36201
G0 F9000 X166.587 Y102.341
G0 X165.994 Y102.768
G1 F2400 E13.36201
G0 F9000 X165.522 Y93.725
G0 X165.522 Y92.383
G1 F2400 E14.36201
G0 F9000 X165.522 Y92.283
;TYPE:WALL-INNER
G1 F6000 X168.081 Y88.454 E14.51518
G1 X167.742 Y87.82 E14.53909
G1 X166.547 Y87.82 E14.57884
G1 X166.547 Y84.82 E14.67862
G1 X164.497 Y84.82 E14.7468
G1 X164.497 Y87.82 E14.84658
G1 X163.302 Y87.82 E14.88633
G1 X162.963 Y88.454 E14.91024
G1 X165.522 Y92.283 E15.06342
G0 F9000 X165.522 Y91.563
;TYPE:WALL-OUTER
G1 F3600 X167.615 Y88.431 E15.18871
G1 X167.502 Y88.22 E15.19667
G1 X166.147 Y88.22 E15.24174
G1 X166.147 Y85.22 E15.34152
G1 X164.897 Y85.22 E15.38309
G1 X164.897 Y88.22 E15.48287
G1 X163.542 Y88.22 E15.52794
G1 X163.429 Y88.431 E15.5359
G1 X165.522 Y91.563 E15.66119
G0 F9000 X165.633 Y91.397
G0 X165.997 Y91.641
G0 X166.048 Y91.675
G0 X170.852 Y93.675
G0 X170.922 Y93.745
;TYPE:WALL-INNER
G1 F6000 X160.122 Y93.745 E16.0204
G1 X160.122 Y82.945 E16.37961
G1 X170.922 Y82.945 E16.73882
G1 X170.922 Y93.745 E17.09803
G0 F9000 X171.322 Y94.145
;TYPE:WALL-OUTER
G1 F3600 X159.722 Y94.145 E17.48385
G1 X159.722 Y82.545 E17.86966
G1 X171.322 Y82.545 E18.25548
G1 X171.322 Y94.145 E18.6413
G0 F9000 X171.122 Y94.145
G0 X170.882 Y93.705
G0 X170.532 Y93.355
;TYPE:SKIN
G1 F3600 X160.512 Y93.355 E18.97457
G1 X160.512 Y83.335 E19.30783
G1 X170.532 Y83.335 E19.6411
G1 X170.532 Y93.355 E19.97437
G0 F9000 X165.522 Y92.985
G1 F3600 X168.535 Y88.476 E20.15474
G1 X167.976 Y87.43 E20.19418
G1 X166.937 Y87.43 E20.22874
G1 X166.937 Y84.43 E20.32852
G1 X164.107 Y84.43 E20.42265
G1 X164.107 Y87.43 E20.52243
G1 X163.068 Y87.43 E20.55698
G1 X162.509 Y88.476 E20.59643
G1 X165.522 Y92.985 E20.7768
G0 F9000 X161.117 Y93.234
G1 F3600 X160.631 Y92.749 E20.79964
G0 F9000 X160.631 Y92.183
G1 F3600 X161.682 Y93.234 E20.84907
G0 F9000 X162.248 Y93.234
G1 F3600 X160.631 Y91.617 E20.92513
G0 F9000 X160.631 Y91.052
G1 F3600 X162.814 Y93.234 E21.02779
G0 F9000 X163.379 Y93.234
G1 F3600 X160.631 Y90.486 E21.15705
G0 F9000 X160.631 Y89.92
G1 F3600 X163.945 Y93.234 E21.31293
G0 F9000 X164.511 Y93.234
G1 F3600 X160.631 Y89.354 E21.49543
G0 F9000 X160.631 Y88.789
G1 F3600 X165.076 Y93.234 E21.70451
G0 F9000 X165.344 Y92.937
G1 F3600 X160.631 Y88.223 E21.92622
G0 F9000 X160.631 Y87.657
G1 F3600 X164.205 Y91.232 E22.09435
G0 F9000 X163.066 Y89.527
G1 F3600 X160.631 Y87.092 E22.20889
G0 F9000 X160.631 Y86.526
G1 F3600 X162.445 Y88.34 E22.29421
G0 F9000 X162.642 Y87.971
G1 F3600 X160.631 Y85.96 E22.3888
G0 F9000 X160.631 Y85.395
G1 F3600 X162.839 Y87.603 E22.49266
G0 F9000 X163.111 Y87.31
G1 F3600 X160.631 Y84.829 E22.60934
G0 F9000 X160.631 Y84.263
G1 F3600 X163.677 Y87.31 E22.75264
G0 F9000 X163.986 Y87.053
G1 F3600 X160.631 Y83.698 E22.91044
G0 F9000 X160.954 Y83.455
G1 F3600 X163.986 Y86.487 E23.05306
G0 F9000 X163.986 Y85.921
G1 F3600 X161.52 Y83.455 E23.16905
G0 F9000 X162.085 Y83.455
G1 F3600 X163.986 Y85.356 E23.25847
G0 F9000 X163.986 Y84.79
G1 F3600 X162.651 Y83.455 E23.32126
G0 F9000 X163.217 Y83.455
G1 F3600 X164.071 Y84.309 E23.36143
G0 F9000 X164.637 Y84.309
G1 F3600 X163.782 Y83.455 E23.40163
G0 F9000 X164.348 Y83.455
G1 F3600 X165.202 Y84.309 E23.4418
G0 F9000 X165.768 Y84.309
G1 F3600 X164.914 Y83.455 E23.48197
G0 F9000 X165.479 Y83.455
G1 F3600 X166.334 Y84.309 E23.52216
G0 F9000 X166.899 Y84.309
G1 F3600 X166.045 Y83.455 E23.56233
G0 F9000 X166.611 Y83.455
G1 F3600 X170.411 Y87.255 E23.74107
G0 F9000 X170.411 Y86.689
G1 F3600 X167.177 Y83.455 E23.89319
G0 F9000 X167.742 Y83.455
G1 F3600 X170.411 Y86.124 E24.01873
G0 F9000 X170.411 Y85.558
G1 F3600 X168.308 Y83.455 E24.11765
G0 F9000 X168.874 Y83.455
G1 F3600 X170.411 Y84.992 E24.18994
G0 F9000 X170.411 Y84.427
G1 F3600 X169.439 Y83.455 E24.23566
G0 F9000 X170.005 Y83.455
G1 F3600 X170.411 Y83.861 E24.25476
G0 F9000 X167.056 Y84.466
G1 F3600 X170.411 Y87.821 E24.41257
G0 F9000 X170.411 Y88.386
G1 F3600 X167.056 Y85.031 E24.57038
G0 F9000 X167.056 Y85.597
G1 F3600 X170.411 Y88.952 E24.72819
G0 F9000 X170.411 Y89.518
G1 F3600 X167.056 Y86.163 E24.886
G0 F9000 X167.056 Y86.728
G1 F3600 X167.637 Y87.31 E24.91335
G0 F9000 X168.515 Y88.188
G1 F3600 X170.411 Y90.083 E25.00251
G0 F9000 X170.411 Y90.649
G1 F3600 X168.501 Y88.739 E25.09235
G0 F9000 X168.274 Y89.078
G1 F3600 X170.411 Y91.215 E25.19286
G0 F9000 X170.411 Y91.781
G1 F3600 X168.048 Y89.417 E25.30404
G0 F9000 X167.821 Y89.756
G1 F3600 X170.411 Y92.346 E25.42586
G0 F9000 X170.411 Y92.912
G1 F3600 X167.594 Y90.096 E25.55834
G0 F9000 X167.368 Y90.435
G1 F3600 X170.168 Y93.234 E25.69002
G0 F9000 X169.602 Y93.234
G1 F3600 X167.141 Y90.774 E25.80576
G0 F9000 X166.915 Y91.113
G1 F3600 X169.036 Y93.234 E25.90552
G0 F9000 X168.471 Y93.234
G1 F3600 X166.688 Y91.452 E25.98936
G0 F9000 X166.462 Y91.791
G1 F3600 X167.905 Y93.234 E26.05724
G0 F9000 X167.339 Y93.234
G1 F3600 X166.235 Y92.13 E26.10917
G0 F9000 X166.008 Y92.469
G1 F3600 X166.773 Y93.234 E26.14515
G0 F9000 X166.208 Y93.234
G1 F3600 X165.782 Y92.809 E26.16516
G0 F9000 X165.555 Y93.147
G1 F3600 X165.642 Y93.234 E26.16926
G1 F2400 E25.16926
G0 F9000 X170.902 Y88.345
G0 X179.566 Y88.345
G0 X180.568 Y88.345
;TYPE:WALL-INNER
G1 F2400 E26.16926
G1 F6000 X179.746 Y88.817 E26.20078
G1 X179.746 Y87.872 E26.23221
G1 X180.568 Y88.345 E26.26376
G1 F2400 E25.26376
G0 F9000 X181.371 Y88.345
;TYPE:WALL-OUTER
G1 F2400 E26.26376
G1 F3600 X179.346 Y89.508 E26.34143
G1 X179.346 Y87.181 E26.41882
G1 X181.371 Y88.345 E26.49651
G0 F9000 X181.198 Y88.444
G1 F2400 E25.49651
G0 F9000 X181.151 Y88.357
G0 X179.556 Y87.543
G0 X166.324 Y74.311
G0 X165.995 Y74.121
;TYPE:WALL-INNER
G1 F2400 E26.49651
G1 F6000 X165.05 Y74.121 E26.52794
G1 X165.522 Y73.299 E26.55947
G1 X165.995 Y74.121 E26.59101
G0 F9000 X166.686 Y74.521
;TYPE:WALL-OUTER
G1 F3600 X164.359 Y74.521 E26.66841
G1 X165.522 Y72.496 E26.74608
G1 X166.686 Y74.521 E26.82376
G0 F9000 X166.486 Y74.521
G0 X165.822 Y74.22
G1 F2400 E25.82376
G0 F9000 X164.721 Y74.311
G0 X151.489 Y87.544
G0 X151.299 Y87.872
;TYPE:WALL-INNER
G1 F2400 E26.82376
G1 F6000 X151.299 Y88.816 E26.85516
G1 X150.476 Y88.345 E26.8867
G1 X151.299 Y87.872 E26.91827
G0 F9000 X151.699 Y87.181
;TYPE:WALL-OUTER
G1 F3600 X151.699 Y89.507 E26.99563
G1 X149.673 Y88.345 E27.07331
G1 X151.699 Y87.181 E27.15103
G0 F9000 X151.699 Y87.381
G0 X151.398 Y88.046
G1 F2400 E26.15103
;MESH:NONMESH
G0 F600 X151.398 Y88.046 Z2.1
G0 F9000 X151.299 Y87.872
;TIME_ELAPSED:607.259959
;LAYER:9
;TYPE:WALL-INNER
;MESH:0530?????????.stl
G1 F2400 E27.15103
G1 F6000 X151.299 Y88.817 E27.18246
G1 X150.477 Y88.345 E27.21399
G1 X151.299 Y87.872 E27.24553
G0 F9000 X151.699 Y87.181
;TYPE:WALL-OUTER
G1 F3600 X151.699 Y89.508 E27.32293
G1 X149.674 Y88.345 E27.40059
G1 X151.699 Y87.181 E27.47828
G0 F9000 X151.699 Y87.381
G0 X151.398 Y88.045
G1 F2400 E26.47828
G0 F9000 X164.722 Y74.311
G0 X165.995 Y74.121
;TYPE:WALL-INNER
G1 F2400 E27.47828
G1 F6000 X165.05 Y74.121 E27.50971
G1 X165.522 Y73.3 E27.54121
G1 X165.995 Y74.121 E27.57272
G0 F9000 X166.686 Y74.521
;TYPE:WALL-OUTER
G1 F3600 X164.359 Y74.521 E27.65012
G1 X165.522 Y72.497 E27.72776
G1 X166.686 Y74.521 E27.80542
G0 F9000 X166.486 Y74.521
G0 X165.822 Y74.22
G1 F2400 E26.80542
G0 F9000 X165.522 Y82.965
G0 X164.469 Y84.792
G0 X162.924 Y88.456
G0 X165.522 Y92.383
G1 F2400 E27.80542
G0 F9000 X165.522 Y92.283
;TYPE:WALL-INNER
G1 F6000 X168.081 Y88.454 E27.95859
G1 X167.742 Y87.82 E27.98251
G1 X166.547 Y87.82 E28.02225
G1 X166.547 Y84.82 E28.12203
G1 X164.497 Y84.82 E28.19021
G1 X164.497 Y87.819 E28.28996
G1 X163.302 Y87.82 E28.32971
G1 X162.963 Y88.455 E28.35365
G1 X165.522 Y92.283 E28.5068
G0 F9000 X165.522 Y91.563
;TYPE:WALL-OUTER
G1 F3600 X167.615 Y88.431 E28.63209
G1 X167.502 Y88.22 E28.64005
G1 X166.147 Y88.22 E28.68512
G1 X166.147 Y85.22 E28.7849
G1 X164.897 Y85.22 E28.82647
G1 X164.897 Y88.218 E28.92619
G1 X163.542 Y88.22 E28.97125
G1 X163.429 Y88.432 E28.97924
G1 X165.522 Y91.563 E29.10451
G0 F9000 X165.633 Y91.397
G0 X165.997 Y91.641
G0 X166.048 Y91.675
G0 X170.852 Y93.675
G0 X170.922 Y93.745
;TYPE:WALL-INNER
G1 F6000 X160.122 Y93.745 E29.46372
G1 X160.122 Y82.945 E29.82292
G1 X170.922 Y82.945 E30.18213
G1 X170.922 Y93.745 E30.54134
G0 F9000 X171.322 Y94.145
;TYPE:WALL-OUTER
G1 F3600 X159.722 Y94.145 E30.92716
G1 X159.722 Y82.545 E31.31298
G1 X171.322 Y82.545 E31.6988
G1 X171.322 Y94.145 E32.08461
G0 F9000 X171.122 Y94.145
G0 X170.882 Y93.705
G0 X170.532 Y93.355
;TYPE:SKIN
G1 F3600 X160.512 Y93.355 E32.41788
G1 X160.512 Y83.335 E32.75115
G1 X170.532 Y83.335 E33.08441
G1 X170.532 Y93.355 E33.41768
G0 F9000 X165.522 Y92.985
G1 F3600 X168.535 Y88.476 E33.59805
G1 X167.976 Y87.43 E33.6375
G1 X166.937 Y87.43 E33.67205
G1 X166.937 Y84.43 E33.77184
G1 X164.107 Y84.43 E33.86596
G1 X164.107 Y87.429 E33.96571
G1 X163.068 Y87.43 E34.00027
G1 X162.509 Y88.478 E34.03977
G1 X165.522 Y92.985 E34.22009
G0 F9000 X170.411 Y92.632
G1 F3600 X169.808 Y93.234 E34.24843
G0 F9000 X169.243 Y93.234
G1 F3600 X170.411 Y92.066 E34.30337
G0 F9000 X170.411 Y91.501
G1 F3600 X168.677 Y93.234 E34.3849
G0 F9000 X168.111 Y93.234
G1 F3600 X170.411 Y90.935 E34.49307
G0 F9000 X170.411 Y90.369
G1 F3600 X167.546 Y93.234 E34.62783
G0 F9000 X166.98 Y93.234
G1 F3600 X170.411 Y89.803 E34.78921
G0 F9000 X170.411 Y89.238
G1 F3600 X166.414 Y93.234 E34.97719
G0 F9000 X165.849 Y93.234
G1 F3600 X170.411 Y88.672 E35.19178
G0 F9000 X170.411 Y88.106
G1 F3600 X165.931 Y92.587 E35.40252
G0 F9000 X165.438 Y93.079
G1 F3600 X165.282 Y93.235 E35.40986
G0 F9000 X165.212 Y92.739
G1 F3600 X164.716 Y93.235 E35.43319
G0 F9000 X164.151 Y93.235
G1 F3600 X164.985 Y92.401 E35.47242
G0 F9000 X164.759 Y92.061
G1 F3600 X163.585 Y93.235 E35.52764
G0 F9000 X163.019 Y93.235
G1 F3600 X164.532 Y91.723 E35.59879
G0 F9000 X164.305 Y91.384
G1 F3600 X162.454 Y93.235 E35.68585
G0 F9000 X161.888 Y93.235
G1 F3600 X164.079 Y91.044 E35.78891
G0 F9000 X163.852 Y90.706
G1 F3600 X161.322 Y93.235 E35.90789
G0 F9000 X160.757 Y93.235
G1 F3600 X163.625 Y90.366 E36.04281
G0 F9000 X163.398 Y90.028
G1 F3600 X160.631 Y92.795 E36.17297
G0 F9000 X160.631 Y92.23
G1 F3600 X163.172 Y89.688 E36.29251
G0 F9000 X162.945 Y89.35
M104 S195
G1 F3600 X160.631 Y91.664 E36.40135
G0 F9000 X160.631 Y91.098
G1 F3600 X162.719 Y89.01 E36.49957
G0 F9000 X162.492 Y88.671
G1 F3600 X160.631 Y90.533 E36.58713
G0 F9000 X160.631 Y89.967
G1 F3600 X162.66 Y87.937 E36.68259
G0 F9000 X163.288 Y87.31
G1 F3600 X163.986 Y86.612 E36.71542
G0 F9000 X163.986 Y87.177
G1 F3600 X163.854 Y87.31 E36.72165
G0 F9000 X163.986 Y86.046
G1 F3600 X160.631 Y89.401 E36.87946
G0 F9000 X160.631 Y88.835
G1 F3600 X163.986 Y85.48 E37.03727
G0 F9000 X163.986 Y84.915
G1 F3600 X160.631 Y88.27 E37.19508
G0 F9000 X160.631 Y87.704
G1 F3600 X163.986 Y84.349 E37.35289
G1 X164.025 Y84.31
G1 X164.881 Y83.454 E37.39315
G0 F9000 X165.446 Y83.454
G1 F3600 X164.591 Y84.31 E37.43339
G0 F9000 X165.156 Y84.31
G1 F3600 X166.012 Y83.454 E37.47365
G0 F9000 X166.578 Y83.454
G1 F3600 X165.722 Y84.31 E37.51392
G0 F9000 X166.288 Y84.31
G1 F3600 X167.143 Y83.454 E37.55416
G0 F9000 X167.709 Y83.454
G1 F3600 X166.853 Y84.31 E37.59442
G0 F9000 X167.056 Y84.673
G1 F3600 X168.275 Y83.454 E37.65176
G0 F9000 X168.84 Y83.454
G1 F3600 X167.056 Y85.239 E37.7357
G0 F9000 X167.056 Y85.805
G1 F3600 X169.406 Y83.454 E37.84626
G0 F9000 X169.972 Y83.454
G1 F3600 X167.056 Y86.37 E37.98342
G0 F9000 X167.056 Y86.936
G1 F3600 X170.411 Y83.581 E38.14123
G0 F9000 X170.411 Y84.147
G1 F3600 X167.248 Y87.31 E38.29
G0 F9000 X167.814 Y87.31
G1 F3600 X170.411 Y84.712 E38.41218
G0 F9000 X170.411 Y85.278
G1 F3600 X168.162 Y87.527 E38.51797
G0 F9000 X168.36 Y87.895
G1 F3600 X170.411 Y85.844 E38.61444
G0 F9000 X170.411 Y86.409
G1 F3600 X168.556 Y88.264 E38.70169
G0 F9000 X168.209 Y89.177
G1 F3600 X170.411 Y86.975 E38.80527
G0 F9000 X170.411 Y87.541
G1 F3600 X167.07 Y90.882 E38.96242
G0 F9000 X165.522 Y92.323
G0 X160.631 Y87.138
G1 F3600 X164.315 Y83.454 E39.1357
G0 F9000 X163.749 Y83.454
G1 F3600 X160.631 Y86.573 E39.28239
G0 F9000 X160.631 Y86.007
G1 F3600 X163.183 Y83.454 E39.40245
G0 F9000 X162.618 Y83.454
G1 F3600 X160.631 Y85.441 E39.49591
G0 F9000 X160.631 Y84.876
G1 F3600 X162.052 Y83.454 E39.56278
G0 F9000 X161.486 Y83.454
G1 F3600 X160.631 Y84.31 E39.60302
G0 F9000 X160.631 Y83.744
G1 F3600 X160.921 Y83.454 E39.61666
G1 F2400 E38.61666
G0 F9000 X162.924 Y88.456
G0 X165.995 Y93.725
G0 X165.995 Y102.388
G0 X165.995 Y102.568
;TYPE:WALL-INNER
G1 F2400 E39.61666
G1 F6000 X165.522 Y103.39 E39.6482
G1 X165.05 Y102.568 E39.67973
G1 X165.995 Y102.568 E39.71116
G0 F9000 X166.686 Y102.168
;TYPE:WALL-OUTER
G1 F3600 X165.522 Y104.193 E39.78884
G1 X164.359 Y102.168 E39.86651
G1 X166.686 Y102.168 E39.94391
G0 F9000 X166.587 Y102.341
G0 X165.995 Y102.768
G1 F2400 E38.94391
G0 F9000 X179.556 Y89.145
G0 X180.567 Y88.345
;TYPE:WALL-INNER
G1 F2400 E39.94391
G1 F6000 X179.746 Y88.817 E39.97541
G1 X179.746 Y87.872 E40.00684
G1 X180.567 Y88.345 E40.03835
G1 F2400 E39.03835
G0 F9000 X181.37 Y88.345
;TYPE:WALL-OUTER
G1 F2400 E40.03835
G1 F3600 X179.346 Y89.508 E40.11599
G1 X179.346 Y87.181 E40.19339
G1 X181.37 Y88.345 E40.27105
G0 F9000 X181.197 Y88.444
G1 F2400 E39.27105
G1 F600 Z4.1
G92 E0
G0 X340 F6000
M107 P1
T0
G92 E0
M105
M109 S200
M104 T1 S0
M106 S255
G1 F600 Z2.1
;MESH:0530?????????.stl
G0 F9000 X146.959 Y37.947
G0 X147.51 Y36.814
;TYPE:PRIME-TOWER
G1 F2400 E3.07876
G1 F3000 X146.67 Y34.044 E3.20873
G1 X146.386 Y31.16 E3.33885
G1 X146.67 Y28.275 E3.46902
G1 X147.51 Y25.505 E3.59898
G1 X148.873 Y22.954 E3.72885
G1 X150.713 Y20.713 E3.85905
G1 X152.954 Y18.873 E3.98924
G1 X155.505 Y17.51 E4.11911
G1 X158.275 Y16.67 E4.24908
G1 X161.16 Y16.386 E4.37925
G1 X164.044 Y16.67 E4.50937
G1 X166.814 Y17.51 E4.63934
G1 X169.365 Y18.873 E4.7692
G1 X171.606 Y20.713 E4.8994
G1 X173.446 Y22.954 E5.02959
G1 X174.809 Y25.505 E5.15946
G1 X175.649 Y28.275 E5.28943
G1 X175.934 Y31.16 E5.4196
G1 X175.649 Y34.044 E5.54973
G1 X174.809 Y36.814 E5.6797
G1 X173.446 Y39.365 E5.80956
G1 X171.606 Y41.606 E5.93976
G1 X169.365 Y43.446 E6.06996
G1 X166.814 Y44.809 E6.19982
G1 X164.044 Y45.649 E6.32979
G1 X161.16 Y45.934 E6.45992
G1 X158.275 Y45.649 E6.59009
G1 X155.505 Y44.809 E6.72006
G1 X152.954 Y43.446 E6.84993
G1 X150.713 Y41.606 E6.98012
G1 X148.873 Y39.365 E7.11032
G1 X147.51 Y36.814 E7.24018
G0 F9000 X147.928 Y36.643
G1 F3000 X147.114 Y33.955 E7.36629
G1 X146.838 Y31.16 E7.4924
G1 X147.114 Y28.364 E7.61855
G1 X147.928 Y25.676 E7.74466
G1 X149.25 Y23.204 E7.87053
G1 X151.033 Y21.033 E7.99667
G1 X153.204 Y19.25 E8.12282
G1 X155.676 Y17.928 E8.24869
G1 X158.364 Y17.114 E8.3748
G1 X161.16 Y16.838 E8.50095
G1 X163.955 Y17.114 E8.62706
G1 X166.643 Y17.928 E8.75317
G1 X169.115 Y19.25 E8.87904
G1 X171.286 Y21.033 E9.00518
G1 X173.069 Y23.204 E9.13132
G1 X174.391 Y25.676 E9.25719
G1 X175.205 Y28.365 E9.38334
G1 X175.481 Y31.16 E9.50945
G1 X175.205 Y33.954 E9.63552
G1 X174.391 Y36.643 E9.76167
G1 X173.069 Y39.115 E9.88754
G1 X171.286 Y41.286 E10.01368
G1 X169.115 Y43.069 E10.13982
G1 X166.643 Y44.391 E10.26569
G1 X163.954 Y45.205 E10.39184
G1 X161.16 Y45.481 E10.51791
G1 X158.365 Y45.205 E10.64402
G1 X155.676 Y44.391 E10.77017
G1 X153.204 Y43.069 E10.89604
G1 X151.033 Y41.286 E11.02218
G1 X149.25 Y39.115 E11.14832
G1 X147.928 Y36.643 E11.27419
G0 F9000 X148.347 Y36.47
G1 F3000 X147.557 Y33.866 E11.39638
G1 X147.291 Y31.16 E11.51847
G1 X147.557 Y28.453 E11.6406
G1 X148.347 Y25.849 E11.76279
G1 X149.625 Y23.457 E11.88456
G1 X151.353 Y21.353 E12.00681
G1 X153.457 Y19.625 E12.12906
G1 X155.849 Y18.347 E12.25083
G1 X158.453 Y17.557 E12.37301
G1 X161.16 Y17.291 E12.49515
G1 X163.866 Y17.557 E12.61724
G1 X166.47 Y18.347 E12.73942
G1 X168.862 Y19.625 E12.86119
G1 X170.966 Y21.353 E12.98344
G1 X172.694 Y23.457 E13.10569
G1 X173.972 Y25.849 E13.22746
G1 X174.762 Y28.452 E13.34961
G1 X175.029 Y31.16 E13.47179
G1 X174.762 Y33.867 E13.59393
G1 X173.972 Y36.47 E13.71607
G1 X172.694 Y38.862 E13.83784
G1 X170.966 Y40.966 E13.96009
G1 X168.862 Y42.694 E14.08234
G1 X166.47 Y43.972 E14.20411
G1 X163.867 Y44.762 E14.32625
G1 X161.16 Y45.029 E14.44839
G1 X158.452 Y44.762 E14.57057
G1 X155.849 Y43.972 E14.69272
G1 X153.457 Y42.694 E14.81449
G1 X151.353 Y40.966 E14.93674
G1 X149.625 Y38.862 E15.05899
G1 X148.347 Y36.47 E15.18076
G1 F2400 E14.18076
G0 F9000 X161.16 Y31.16
G0 X172.337 Y82.959
G0 X178.646 Y85.972
G1 F2400 E15.18076
G0 F9000 X178.696 Y86.058
;TYPE:WALL-INNER
G1 F6000 X178.696 Y90.63 E15.33282
G1 X182.071 Y88.693 E15.46225
G1 X182.071 Y87.998 E15.48537
G1 X178.696 Y86.058 E15.61484
G0 F9000 X179.096 Y86.749
;TYPE:WALL-OUTER
G1 F3600 X179.096 Y89.939 E15.72094
G1 X181.671 Y88.461 E15.81969
G1 X181.671 Y88.229 E15.82741
G1 X179.096 Y86.749 E15.92619
G0 F9000 X179.096 Y86.949
G0 X178.656 Y86.949
G0 X178.596 Y86.949
G0 X178.676 Y90.664
G0 X183.052 Y93.675
G0 X183.122 Y93.745
;TYPE:WALL-INNER
G1 F6000 X172.322 Y93.745 E16.2854
G1 X172.323 Y82.945 E16.64461
G1 X183.122 Y82.945 E17.00379
G1 X183.122 Y93.745 E17.363
G0 F9000 X183.522 Y94.145
;TYPE:WALL-OUTER
G1 F3600 X171.922 Y94.145 E17.74882
G1 X171.923 Y82.545 E18.13463
G1 X183.522 Y82.545 E18.52042
G1 X183.522 Y94.145 E18.90624
G0 F9000 X183.322 Y94.145
G0 X183.082 Y93.705
G0 X182.732 Y93.355
;TYPE:SKIN
G1 F3600 X172.712 Y93.355 E19.2395
G1 X172.713 Y83.335 E19.57277
G1 X182.732 Y83.335 E19.906
G1 X182.732 Y93.355 E20.23927
G0 F9000 X182.461 Y88.919
G1 F3600 X182.461 Y87.772 E20.27742
G1 X178.306 Y85.384 E20.43681
G1 X178.306 Y91.303 E20.63368
G1 X182.461 Y88.919 E20.79301
G0 F9000 X182.611 Y92.877
G1 F3600 X182.253 Y93.234 E20.80982
G0 F9000 X181.688 Y93.234
G1 F3600 X182.611 Y92.311 E20.85324
G0 F9000 X182.611 Y91.745
G1 F3600 X181.122 Y93.234 E20.92327
G0 F9000 X180.556 Y93.234
G1 F3600 X182.611 Y91.18 E21.01991
G0 F9000 X182.611 Y90.614
G1 F3600 X179.991 Y93.234 E21.14315
G0 F9000 X179.425 Y93.234
G1 F3600 X182.611 Y90.048 E21.29301
G0 F9000 X182.611 Y89.482
G1 F3600 X178.859 Y93.234 E21.46949
G0 F9000 X178.294 Y93.234
G1 F3600 X182.485 Y89.043 E21.66662
G0 F9000 X182.293 Y87.538
G1 F3600 X182.611 Y87.22 E21.68158
G0 F9000 X182.611 Y86.655
G1 F3600 X181.934 Y87.331 E21.7134
G0 F9000 X181.575 Y87.125
G1 F3600 X182.611 Y86.089 E21.76213
G0 F9000 X182.611 Y85.523
G1 F3600 X181.215 Y86.918 E21.82777
G0 F9000 X180.856 Y86.712
G1 F3600 X182.611 Y84.958 E21.9103
G0 F9000 X182.611 Y84.392
G1 F3600 X180.497 Y86.506 E22.00973
G0 F9000 X180.138 Y86.298
G1 F3600 X182.611 Y83.826 E22.12603
G0 F9000 X182.417 Y83.454
G1 F3600 X179.779 Y86.092 E22.25012
G0 F9000 X179.42 Y85.885
G1 F3600 X181.851 Y83.454 E22.36446
G0 F9000 X181.285 Y83.454
G1 F3600 X179.061 Y85.679 E22.4691
G0 F9000 X178.702 Y85.472
G1 F3600 X180.72 Y83.454 E22.56402
G0 F9000 X180.154 Y83.454
G1 F3600 X178.342 Y85.266 E22.64925
G0 F9000 X178.185 Y85.424
G1 F3600 X172.831 Y90.777 E22.90106
G0 F9000 X172.831 Y90.211
G1 F3600 X179.588 Y83.454 E23.21889
G0 F9000 X179.023 Y83.454
G1 F3600 X172.831 Y89.646 E23.51014
G0 F9000 X172.831 Y89.08
G1 F3600 X178.457 Y83.454 E23.77477
G0 F9000 X177.891 Y83.454
G1 F3600 X172.831 Y88.514 E24.01278
G0 F9000 X172.831 Y87.949
G1 F3600 X177.326 Y83.454 E24.22421
G0 F9000 X176.76 Y83.454
G1 F3600 X172.831 Y87.383 E24.40902
G0 F9000 X172.831 Y86.817
G1 F3600 X176.194 Y83.454 E24.5672
G0 F9000 X175.629 Y83.454
G1 F3600 X172.831 Y86.252 E24.69881
G0 F9000 X172.831 Y85.686
G1 F3600 X175.063 Y83.454 E24.8038
G0 F9000 X174.497 Y83.454
G1 F3600 X172.831 Y85.12 E24.88216
G0 F9000 X172.831 Y84.555
G1 F3600 X173.932 Y83.454 E24.93395
G0 F9000 X173.366 Y83.454
G1 F3600 X172.831 Y83.989 E24.95911
G0 F9000 X178.185 Y85.989
G1 F3600 X172.831 Y91.343 E25.21095
G0 F9000 X172.831 Y91.909
G1 F3600 X178.185 Y86.555 E25.46279
G0 F9000 X178.185 Y87.121
G1 F3600 X172.831 Y92.474 E25.7146
G0 F9000 X172.831 Y93.04
G1 F3600 X178.185 Y87.686 E25.96643
G0 F9000 X178.185 Y88.252
G1 F3600 X173.202 Y93.234 E26.2008
G0 F9000 X173.768 Y93.234
G1 F3600 X178.185 Y88.818 E26.40853
G0 F9000 X178.185 Y89.383
G1 F3600 X174.334 Y93.234 E26.58967
G0 F9000 X174.9 Y93.234
G1 F3600 X178.185 Y89.949 E26.74419
G0 F9000 X178.185 Y90.515
G1 F3600 X175.465 Y93.234 E26.87211
G0 F9000 X176.031 Y93.234
G1 F3600 X178.185 Y91.081 E26.9734
G0 F9000 X178.506 Y91.324
G1 F3600 X176.597 Y93.234 E27.06322
G0 F9000 X177.162 Y93.234
G1 F3600 X179.833 Y90.564 E27.18883
G0 F9000 X181.16 Y89.803
G1 F3600 X177.728 Y93.234 E27.35024
G1 F2400 E26.35024
G0 F9000 X172.336 Y93.731
G0 X170.908 Y95.16
G0 X163.151 Y101.468
G1 F2400 E27.35024
G0 F9000 X163.237 Y101.518
;TYPE:WALL-INNER
G1 F6000 X165.174 Y104.894 E27.47969
G1 X165.87 Y104.894 E27.50284
G1 X167.809 Y101.518 E27.63233
G1 X163.237 Y101.518 E27.7844
G0 F9000 X163.928 Y101.918
;TYPE:WALL-OUTER
G1 F3600 X165.406 Y104.494 E27.88317
G1 X165.638 Y104.494 E27.89089
G1 X167.118 Y101.918 E27.9897
G1 X163.928 Y101.918 E28.0958
G0 F9000 X164.027 Y102.091
G0 X163.646 Y102.309
G0 X163.593 Y102.338
G0 X165.154 Y104.928
G0 X170.852 Y105.875
G0 X170.922 Y105.945
;TYPE:WALL-INNER
G1 F6000 X160.122 Y105.945 E28.45501
G1 X160.122 Y95.145 E28.81422
G1 X170.922 Y95.146 E29.17343
G1 X170.922 Y105.945 E29.53261
G0 F9000 X171.322 Y106.345
;TYPE:WALL-OUTER
G1 F3600 X159.722 Y106.345 E29.91843
G1 X159.722 Y94.745 E30.30424
G1 X171.322 Y94.746 E30.69006
G1 X171.322 Y106.345 E31.07584
G0 F9000 X171.122 Y106.345
G0 X170.882 Y105.905
G0 X170.532 Y105.555
;TYPE:SKIN
G1 F3600 X160.512 Y105.555 E31.40911
G1 X160.512 Y95.535 E31.74238
G1 X170.532 Y95.536 E32.07564
G1 X170.532 Y105.555 E32.40888
G0 F9000 X166.096 Y105.284
G1 F3600 X168.483 Y101.128 E32.56828
G1 X162.564 Y101.128 E32.76515
G1 X164.948 Y105.284 E32.92451
G1 X166.096 Y105.284 E32.96269
G0 F9000 X170.411 Y105.077
G1 F3600 X170.053 Y105.435 E32.97953
G0 F9000 X169.487 Y105.435
G1 F3600 X170.411 Y104.511 E33.02299
G0 F9000 X170.411 Y103.946
G1 F3600 X168.922 Y105.435 E33.09303
G0 F9000 X168.356 Y105.435
G1 F3600 X170.411 Y103.38 E33.18969
G0 F9000 X170.411 Y102.814
G1 F3600 X167.79 Y105.435 E33.31297
G0 F9000 X167.225 Y105.435
G1 F3600 X170.411 Y102.249 E33.46283
G0 F9000 X170.411 Y101.683
G1 F3600 X166.659 Y105.435 E33.63932
G0 F9000 X166.22 Y105.308
G1 F3600 X170.411 Y101.117 E33.83645
G0 F9000 X170.411 Y100.551
G1 F3600 X166.983 Y103.98 E33.99771
G0 F9000 X167.746 Y102.651
G1 F3600 X170.411 Y99.986 E34.12307
G0 F9000 X170.411 Y99.42
G1 F3600 X168.509 Y101.322 E34.21253
G0 F9000 X168.258 Y101.008
G1 F3600 X170.411 Y98.854 E34.31383
G0 F9000 X170.411 Y98.289
G1 F3600 X167.692 Y101.008 E34.44172
G0 F9000 X167.126 Y101.008
G1 F3600 X170.411 Y97.723 E34.59624
G0 F9000 X170.411 Y97.157
G1 F3600 X166.561 Y101.008 E34.77735
G0 F9000 X165.995 Y101.008
G1 F3600 X170.411 Y96.592 E34.98507
G0 F9000 X170.411 Y96.026
G1 F3600 X165.429 Y101.008 E35.2194
G0 F9000 X164.864 Y101.008
G1 F3600 X170.216 Y95.655 E35.47117
G0 F9000 X169.651 Y95.655
G1 F3600 X164.298 Y101.008 E35.72296
G0 F9000 X163.732 Y101.008
G1 F3600 X169.085 Y95.655 E35.97475
G0 F9000 X168.519 Y95.655
G1 F3600 X163.167 Y101.008 E36.22651
G0 F9000 X162.601 Y101.008
G1 F3600 X167.954 Y95.655 E36.4783
G0 F9000 X167.388 Y95.655
G1 F3600 X160.631 Y102.412 E36.79613
G0 F9000 X160.631 Y101.846
G1 F3600 X166.822 Y95.655 E37.08734
G0 F9000 X166.257 Y95.655
G1 F3600 X160.631 Y101.281 E37.35196
G0 F9000 X160.631 Y100.715
G1 F3600 X165.691 Y95.655 E37.58997
G0 F9000 X165.125 Y95.655
G1 F3600 X160.631 Y100.149 E37.80136
G0 F9000 X160.631 Y99.583
G1 F3600 X164.56 Y95.655 E37.98614
G0 F9000 X163.994 Y95.655
G1 F3600 X160.631 Y99.018 E38.14433
G0 F9000 X160.631 Y98.452
G1 F3600 X163.428 Y95.655 E38.27589
G0 F9000 X162.862 Y95.655
G1 F3600 X160.631 Y97.886 E38.38083
G0 F9000 X160.631 Y97.321
G1 F3600 X162.297 Y95.655 E38.45919
G0 F9000 X161.731 Y95.655
G1 F3600 X160.631 Y96.755 E38.51093
G0 F9000 X160.631 Y96.189
G1 F3600 X161.165 Y95.655 E38.53605
G0 F9000 X162.445 Y101.163
G1 F3600 X160.631 Y102.978 E38.6214
G0 F9000 X160.631 Y103.543
G1 F3600 X162.651 Y101.523 E38.71641
G0 F9000 X162.858 Y101.882
G1 F3600 X160.631 Y104.109 E38.82116
G0 F9000 X160.631 Y104.675
G1 F3600 X163.063 Y102.242 E38.93558
G0 F9000 X163.27 Y102.601
G1 F3600 X160.631 Y105.24 E39.05971
G0 F9000 X161.003 Y105.434
G1 F3600 X163.476 Y102.961 E39.17603
G0 F9000 X163.682 Y103.321
G1 F3600 X161.568 Y105.434 E39.27545
G0 F9000 X162.134 Y105.434
G1 F3600 X163.888 Y103.68 E39.35795
G0 F9000 X164.094 Y104.04
G1 F3600 X162.7 Y105.434 E39.42352
G0 F9000 X163.266 Y105.434
G1 F3600 X164.301 Y104.399 E39.4722
G0 F9000 X164.506 Y104.759
G1 F3600 X163.831 Y105.434 E39.50395
G0 F9000 X164.397 Y105.434
G1 F3600 X164.713 Y105.118 E39.51882
G1 F2400 E38.51882
G0 F9000 X160.136 Y95.159
G0 X158.707 Y93.731
G0 X152.399 Y85.972
G1 F2400 E39.51882
G0 F9000 X152.349 Y86.058
;TYPE:WALL-INNER
G1 F6000 X148.973 Y87.997 E39.6483
G1 X148.973 Y88.693 E39.67145
G1 X152.349 Y90.63 E39.80091
G1 X152.349 Y86.058 E39.95297
G0 F9000 X151.949 Y86.749
;TYPE:WALL-OUTER
G1 F3600 X149.373 Y88.229 E40.05179
G1 X149.373 Y88.461 E40.0595
G1 X151.949 Y89.939 E40.15828
G1 X151.949 Y86.749 E40.26438
G0 F9000 X151.776 Y86.848
G0 X151.558 Y86.467
G0 X151.529 Y86.415
G0 X152.369 Y86.024
G0 X158.651 Y93.675
G0 X158.721 Y93.745
;TYPE:WALL-INNER
G1 F6000 X147.922 Y93.745 E40.62356
G1 X147.922 Y82.945 E40.98277
G1 X158.722 Y82.945 E41.34198
G1 X158.721 Y93.745 E41.70119
G0 F9000 X159.121 Y94.145
;TYPE:WALL-OUTER
G1 F3600 X147.522 Y94.145 E42.08697
G1 X147.522 Y82.545 E42.47279
G1 X159.122 Y82.545 E42.85861
G1 X159.121 Y94.145 E43.24442
G0 F9000 X158.921 Y94.145
G0 X158.682 Y93.705
G0 X158.331 Y93.355
;TYPE:SKIN
G1 F3600 X148.312 Y93.355 E43.57766
G1 X148.312 Y83.335 E43.91092
G1 X158.332 Y83.335 E44.24419
G1 X158.331 Y93.355 E44.57746
G0 F9000 X152.739 Y91.303
G1 F3600 X152.739 Y85.384 E44.77432
G1 X148.583 Y87.771 E44.93373
G1 X148.583 Y88.919 E44.97191
G1 X152.739 Y91.303 E45.13127
G0 F9000 X158.21 Y92.954
G1 F3600 X157.928 Y93.235 E45.14451
G0 F9000 X157.363 Y93.235
G1 F3600 X158.21 Y92.388 E45.18435
G0 F9000 X158.21 Y91.822
G1 F3600 X156.797 Y93.235 E45.25081
G0 F9000 X156.231 Y93.235
G1 F3600 X158.21 Y91.257 E45.34388
G0 F9000 X158.21 Y90.691
G1 F3600 X155.666 Y93.235 E45.46354
G0 F9000 X155.1 Y93.235
G1 F3600 X158.21 Y90.125 E45.60982
G0 F9000 X158.21 Y89.56
G1 F3600 X154.534 Y93.235 E45.78271
G0 F9000 X153.968 Y93.235
G1 F3600 X158.21 Y88.994 E45.98221
G0 F9000 X158.21 Y88.428
G1 F3600 X153.403 Y93.235 E46.20832
G0 F9000 X152.837 Y93.235
G1 F3600 X158.21 Y87.862 E46.46105
G0 F9000 X158.21 Y87.296
G1 F3600 X152.271 Y93.235 E46.7404
G0 F9000 X151.706 Y93.235
G1 F3600 X158.21 Y86.73 E47.04635
G0 F9000 X158.21 Y86.165
G1 F3600 X151.14 Y93.235 E47.3789
G0 F9000 X150.574 Y93.235
G1 F3600 X152.504 Y91.305 E47.46969
G0 F9000 X152.144 Y91.1
G1 F3600 X150.009 Y93.235 E47.57011
G0 F9000 X149.443 Y93.235
G1 F3600 X151.785 Y90.893 E47.68027
G0 F9000 X151.425 Y90.687
G1 F3600 X148.877 Y93.235 E47.80012
G0 F9000 X148.431 Y93.116
G1 F3600 X151.066 Y90.481 E47.92406
G0 F9000 X150.707 Y90.274
G1 F3600 X148.431 Y92.55 E48.03112
G0 F9000 X148.431 Y91.984
G1 F3600 X150.347 Y90.069 E48.12122
G0 F9000 X149.987 Y89.862
G1 F3600 X148.431 Y91.419 E48.19443
G0 F9000 X148.431 Y90.853
G1 F3600 X149.628 Y89.656 E48.25073
G0 F9000 X149.268 Y89.45
G1 F3600 X148.431 Y90.287 E48.2901
G0 F9000 X148.431 Y89.721
G1 F3600 X148.908 Y89.244 E48.31254
G0 F9000 X148.549 Y89.038
G1 F3600 X148.431 Y89.156 E48.31809
G0 F9000 X148.43 Y87.459
G1 F3600 X152.435 Y83.454 E48.50647
G0 F9000 X151.87 Y83.454
G1 F3600 X148.43 Y86.894 E48.66828
G0 F9000 X148.43 Y86.328
G1 F3600 X151.304 Y83.454 E48.80347
G0 F9000 X150.738 Y83.454
G1 F3600 X148.43 Y85.762 E48.91203
G0 F9000 X148.43 Y85.197
G1 F3600 X150.173 Y83.454 E48.99401
G0 F9000 X149.607 Y83.454
G1 F3600 X148.43 Y84.631 E49.04937
G0 F9000 X148.43 Y84.065
G1 F3600 X149.041 Y83.454 E49.07811
G0 F9000 X150.48 Y86.542
G1 F3600 X153.567 Y83.454 E49.22334
G0 F9000 X153.001 Y83.454
G1 F3600 X149.151 Y87.305 E49.40446
G0 F9000 X151.808 Y85.779
G1 F3600 X154.133 Y83.454 E49.51382
G0 F9000 X154.698 Y83.454
G1 F3600 X152.858 Y85.294 E49.60037
G0 F9000 X152.858 Y85.86
G1 F3600 X155.264 Y83.454 E49.71354
G0 F9000 X155.83 Y83.454
G1 F3600 X152.858 Y86.426 E49.85333
G0 F9000 X152.858 Y86.991
G1 F3600 X156.395 Y83.454 E50.0197
G0 F9000 X156.961 Y83.454
G1 F3600 X152.858 Y87.557 E50.21269
G0 F9000 X152.858 Y88.123
G1 F3600 X157.527 Y83.454 E50.43231
G0 F9000 X158.092 Y83.454
G1 F3600 X152.858 Y88.688 E50.6785
G0 F9000 X152.858 Y89.254
G1 F3600 X158.21 Y83.902 E50.93024
G0 F9000 X158.21 Y84.468
G1 F3600 X152.858 Y89.82 E51.18198
G0 F9000 X152.858 Y90.385
G1 F3600 X158.21 Y85.033 E51.43372
G0 F9000 X158.21 Y85.599
G1 F3600 X152.858 Y90.951 E51.68547
G1 F2400 E50.68547
G0 F9000 X158.702 Y88.868
G0 X163.774 Y88.479
G0 X166.539 Y88.87
;TYPE:WALL-INNER
G1 F2400 E51.68547
G1 F6000 X165.522 Y90.392 E51.74635
G1 X164.505 Y88.87 E51.80723
G1 X166.539 Y88.87 E51.87488
G0 F9000 X165.897 Y88.47
;TYPE:WALL-OUTER
G1 F3600 X167.288 Y88.47 E51.92115
G1 X165.522 Y91.113 E52.02687
G1 X163.757 Y88.47 E52.13258
G1 X165.147 Y88.47 E52.17881
G1 X165.147 Y85.47 E52.27859
G1 X165.897 Y85.47 E52.30353
G1 X165.897 Y88.47 E52.40332
G0 F9000 X166.097 Y88.47
G0 X166.097 Y88.91
G0 X165.809 Y89.26
;TYPE:SKIN
G1 F3600 X165.522 Y89.69 E52.42051
G1 X165.235 Y89.26 E52.4377
G1 X165.809 Y89.26 E52.4568
G0 F9000 X165.525 Y88.75
;TYPE:SKIN
G1 F3600 X165.761 Y88.514 E52.46235
G0 F9000 X165.521 Y88.471
G1 F3600 X165.521 Y88.188 E52.47445
G1 X165.521 Y85.925 E52.57124
G1 X165.42 Y85.743 E52.58014
G0 F9000 X165.497 Y85.883
G1 F2400 E51.58014
G0 F9000 X165.885 Y81.525
G0 X167.895 Y75.221
G1 F2400 E52.58014
G0 F9000 X167.809 Y75.171
;TYPE:WALL-INNER
G1 F6000 X165.869 Y71.796 E52.70962
G1 X165.174 Y71.796 E52.73273
G1 X163.237 Y75.171 E52.86216
G1 X167.809 Y75.171 E53.01423
G0 F9000 X167.118 Y74.771
;TYPE:WALL-OUTER
G1 F3600 X165.638 Y72.196 E53.11301
G1 X165.406 Y72.196 E53.12073
G1 X163.928 Y74.771 E53.21948
G1 X167.118 Y74.771 E53.32558
G0 F9000 X167.019 Y74.598
G0 X167.4 Y74.38
G0 X167.452 Y74.351
G0 X170.852 Y70.815
G0 X170.922 Y70.745
;TYPE:WALL-INNER
G1 F6000 X170.922 Y81.545 E53.68479
G1 X160.122 Y81.544 E54.04399
G1 X160.122 Y70.745 E54.40317
G1 X170.922 Y70.745 E54.76238
G0 F9000 X171.322 Y70.345
;TYPE:WALL-OUTER
G1 F3600 X171.322 Y81.945 E55.1482
G1 X159.722 Y81.944 E55.53402
G1 X159.722 Y70.345 E55.9198
G1 X171.322 Y70.345 E56.30562
G0 F9000 X171.322 Y70.545
G0 X170.882 Y70.785
G0 X170.532 Y71.135
;TYPE:SKIN
G1 F3600 X170.532 Y81.155 E56.63888
G1 X160.512 Y81.154 E56.97215
G1 X160.512 Y71.135 E57.30538
G1 X170.532 Y71.135 E57.63865
G0 F9000 X166.095 Y71.406
G1 F3600 X164.948 Y71.406 E57.6768
G1 X162.564 Y75.561 E57.83613
G1 X168.483 Y75.561 E58.03299
G1 X166.095 Y71.406 E58.19239
G0 F9000 X160.631 Y71.865
G1 F3600 X161.242 Y71.254 E58.22113
G0 F9000 X161.807 Y71.254
G1 F3600 X160.631 Y72.431 E58.27647
G0 F9000 X160.631 Y72.996
G1 F3600 X162.373 Y71.254 E58.3584
G0 F9000 X162.939 Y71.254
G1 F3600 X160.631 Y73.562 E58.46697
G0 F9000 X160.631 Y74.128
G1 F3600 X163.505 Y71.254 E58.60215
G0 F9000 X164.07 Y71.254
G1 F3600 X160.631 Y74.693 E58.76391
G0 F9000 X160.631 Y75.259
G1 F3600 X164.636 Y71.254 E58.95229
G0 F9000 X164.482 Y71.974
G1 F3600 X160.631 Y75.825 E59.13343
G0 F9000 X160.631 Y76.39
G1 F3600 X163.721 Y73.3 E59.27878
G0 F9000 X162.961 Y74.626
G1 F3600 X160.631 Y76.956 E59.38837
G0 F9000 X160.631 Y77.522
G1 F3600 X162.472 Y75.68 E59.47499
G0 F9000 X163.038 Y75.68
G1 F3600 X160.631 Y78.087 E59.58821
G0 F9000 X160.631 Y78.653
G1 F3600 X163.604 Y75.68 E59.72805
G0 F9000 X164.169 Y75.68
G1 F3600 X160.631 Y79.219 E59.89449
G0 F9000 X160.631 Y79.784
G1 F3600 X164.735 Y75.68 E60.08753
G0 F9000 X165.301 Y75.68
G1 F3600 X160.631 Y80.35 E60.30719
G0 F9000 X160.631 Y80.916
G1 F3600 X165.866 Y75.68 E60.55345
G0 F9000 X166.432 Y75.68
G1 F3600 X161.078 Y81.034 E60.80529
G0 F9000 X161.644 Y81.034
G1 F3600 X166.998 Y75.68 E61.05713
G0 F9000 X167.563 Y75.68
G1 F3600 X162.21 Y81.034 E61.30894
G0 F9000 X162.775 Y81.034
G1 F3600 X168.129 Y75.68 E61.56077
G0 F9000 X168.486 Y75.323
G1 F3600 X170.411 Y73.399 E61.6513
G0 F9000 X170.411 Y73.964
G1 F3600 X163.341 Y81.034 E61.98385
G0 F9000 X163.907 Y81.034
G1 F3600 X170.411 Y74.53 E62.28978
G0 F9000 X170.411 Y75.096
G1 F3600 X164.473 Y81.034 E62.56908
G0 F9000 X165.038 Y81.034
G1 F3600 X170.411 Y75.661 E62.82181
G0 F9000 X170.411 Y76.227
G1 F3600 X165.604 Y81.034 E63.04792
G0 F9000 X166.17 Y81.034
G1 F3600 X170.411 Y76.793 E63.2474
G0 F9000 X170.411 Y77.358
G1 F3600 X166.735 Y81.034 E63.42031
G0 F9000 X167.301 Y81.034
G1 F3600 X170.411 Y77.924 E63.56659
G0 F9000 X170.411 Y78.49
G1 F3600 X167.867 Y81.034 E63.68625
G0 F9000 X168.432 Y81.034
G1 F3600 X170.411 Y79.055 E63.77934
G0 F9000 X170.411 Y79.621
G1 F3600 X168.998 Y81.034 E63.8458
G0 F9000 X169.564 Y81.034
G1 F3600 X170.411 Y80.187 E63.88564
G0 F9000 X170.411 Y80.753
G1 F3600 X170.129 Y81.034 E63.89889
G0 F9000 X168.28 Y74.964
G1 F3600 X170.411 Y72.833 E63.99912
G0 F9000 X170.411 Y72.267
G1 F3600 X168.072 Y74.606 E64.10914
G0 F9000 X167.866 Y74.246
G1 F3600 X170.411 Y71.702 E64.22883
G0 F9000 X170.292 Y71.255
G1 F3600 X167.659 Y73.887 E64.35265
G0 F9000 X167.453 Y73.528
G1 F3600 X169.726 Y71.255 E64.45957
G0 F9000 X169.161 Y71.255
G1 F3600 X167.247 Y73.169 E64.54959
G0 F9000 X167.04 Y72.81
G1 F3600 X168.595 Y71.255 E64.62274
G0 F9000 X168.029 Y71.255
G1 F3600 X166.834 Y72.45 E64.67895
G0 F9000 X166.627 Y72.091
G1 F3600 X167.464 Y71.255 E64.71829
G0 F9000 X166.898 Y71.255
G1 F3600 X166.421 Y71.732 E64.74073
G0 F9000 X166.214 Y71.373
G1 F3600 X166.332 Y71.255 E64.74628
;TIME_ELAPSED:655.677220
G1 F2400 E63.74628
M140 S0
M107
M104 S0
M140 S0
;Retract the filament
G92 E1
G1 E-4 F300
G28 Z
G28 X0 Y0
M84
M82 ;absolute extrusion mode
M104 S0
;End of Gcode
;SETTING_3 {"global_quality": "[general]\\nversion = 4\\nname = PLA Standard #5\
;SETTING_3 \ndefinition = custom\\n\\n[metadata]\\ntype = quality_changes\\nqual
;SETTING_3 ity_type = draft\\nsetting_version = 19\\n\\n[values]\\nacceleration_
;SETTING_3 enabled = False\\nadhesion_type = skirt\\njerk_enabled = False\\nlaye
;SETTING_3 r_height_0 = 0.3\\nmagic_spiralize = False\\nmaterial_bed_temperature
;SETTING_3  = 50\\nmaterial_bed_temperature_layer_0 = 50\\nprime_tower_enable = 
;SETTING_3 True\\nprime_tower_position_x = 180\\nprime_tower_position_y = 20\\np
;SETTING_3 rime_tower_size = 30\\nretraction_combing = all\\ntravel_retract_befo
;SETTING_3 re_outer_wall = True\\n\\n", "extruder_quality": ["[general]\\nversio
;SETTING_3 n = 4\\nname = PLA Standard #5\\ndefinition = custom\\n\\n[metadata]\
;SETTING_3 \ntype = quality_changes\\nquality_type = draft\\nintent_category = d
;SETTING_3 efault\\nposition = 0\\nsetting_version = 19\\n\\n[values]\\naccelera
;SETTING_3 tion_infill = 1000\\nacceleration_layer_0 = 500\\nacceleration_print 
;SETTING_3 = 1000\\nacceleration_print_layer_0 = =acceleration_layer_0\\nacceler
;SETTING_3 ation_travel = 3000\\nacceleration_travel_layer_0 = 500\\nacceleratio
;SETTING_3 n_wall_0 = 500\\nacceleration_wall_x = =acceleration_wall\\nbrim_line
;SETTING_3 _count = 8\\nfill_outline_gaps = True\\ninfill_line_width = 0.42\\nin
;SETTING_3 fill_overlap_mm = 0\\ninfill_pattern = gyroid\\ninfill_sparse_density
;SETTING_3  = 10\\ninfill_wipe_dist = 0\\ninitial_layer_line_width_factor = 120\
;SETTING_3 \njerk_layer_0 = 5\\njerk_print = 5\\njerk_topbottom = 5\\njerk_trave
;SETTING_3 l = 20\\njerk_wall = 10\\njerk_wall_0 = 5\\nline_width = 0.4\\nmateri
;SETTING_3 al_extrusion_cool_down_speed = 0\\nmaterial_final_print_temperature =
;SETTING_3  195\\nmaterial_initial_print_temperature = 200\\nmaterial_print_temp
;SETTING_3 erature = 200\\nmaterial_print_temperature_layer_0 = 210\\nmaterial_s
;SETTING_3 tandby_temperature = 150\\nmeshfix_maximum_resolution = 1.75\\noptimi
;SETTING_3 ze_wall_printing_order = True\\nprime_tower_flow = 120\\nprime_tower_
;SETTING_3 line_width = 0.45\\nprime_tower_min_volume = 20\\nraft_airgap = 0.2\\
;SETTING_3 nraft_margin = 5\\nretract_at_layer_change = True\\nretraction_amount
;SETTING_3  = 1\\nretraction_count_max = 25\\nretraction_extrusion_window = 1\\n
;SETTING_3 retraction_hop = 2\\nretraction_hop_after_extruder_switch = True\\nre
;SETTING_3 traction_hop_enabled = False\\nretraction_hop_only_when_collides = Tr
;SETTING_3 ue\\nretraction_speed = 40\\nskin_edge_support_thickness = =0 if infi
;SETTING_3 ll_sparse_density > 0 else 0\\nskin_overlap = 20\\nskirt_brim_line_wi
;SETTING_3 dth = 0.4\\nskirt_brim_minimal_length = 500\\nskirt_brim_speed = 20\\
;SETTING_3 nskirt_gap = 1\\nskirt_line_count = 3\\nspeed_equalize_flow_enabled =
;SETTING_3  False\\nspeed_layer_0 = =speed_print * 30 / 60\\nspeed_prime_tower =
;SETTING_3  50\\nspeed_print = 80\\nspeed_print_layer_0 = 20\\nspeed_support_int
;SETTING_3 erface = 30\\nspeed_topbottom = 60\\nspeed_travel = 150\\nspeed_trave
;SETTING_3 l_layer_0 = 80\\nspeed_wall = 60\\nspeed_wall_x = 100\\nsupport_brim_
;SETTING_3 enable = True\\nsupport_interface_enable = True\\nsupport_interface_l
;SETTING_3 ine_width = 0.4\\nsupport_line_width = 0.4\\nswitch_extruder_extra_pr
;SETTING_3 ime_amount = 5\\nswitch_extruder_retraction_amount = 1\\nswitch_extru
;SETTING_3 der_retraction_speeds = 40\\ntravel_avoid_distance = 2\\ntravel_avoid
;SETTING_3 _other_parts = False\\ntravel_avoid_supports = False\\nwall_line_widt
;SETTING_3 h_x = 0.4\\nwall_thickness = =wall_line_width_0 if magic_spiralize el
;SETTING_3 se 0.8\\nzig_zaggify_infill = False\\n\\n", "[general]\\nversion = 4\
;SETTING_3 \nname = PLA Standard #5\\ndefinition = custom\\n\\n[metadata]\\ntype
;SETTING_3  = quality_changes\\nquality_type = draft\\nintent_category = default
;SETTING_3 \\nposition = 1\\nsetting_version = 19\\n\\n[values]\\nacceleration_i
;SETTING_3 nfill = 1000\\nacceleration_layer_0 = 500\\nacceleration_print = 1000
;SETTING_3 \\nacceleration_travel = 3000\\nacceleration_travel_layer_0 = 500\\na
;SETTING_3 cceleration_wall_0 = 500\\nfill_outline_gaps = True\\ninfill_line_wid
;SETTING_3 th = 0.42\\ninfill_overlap_mm = 0\\ninfill_pattern = gyroid\\ninfill_
;SETTING_3 sparse_density = 10\\ninfill_wipe_dist = 0\\ninitial_layer_line_width
;SETTING_3 _factor = 120\\njerk_layer_0 = 5\\njerk_print = 5\\njerk_topbottom = 
;SETTING_3 5\\njerk_travel = 20\\njerk_wall = 10\\njerk_wall_0 = 5\\nline_width 
;SETTING_3 = 0.4\\nmaterial_extrusion_cool_down_speed = 0\\nmaterial_final_print
;SETTING_3 _temperature = 195\\nmaterial_initial_print_temperature = 200\\nmater
;SETTING_3 ial_print_temperature = 200\\nmaterial_print_temperature_layer_0 = 21
;SETTING_3 0\\nmaterial_standby_temperature = 150\\noptimize_wall_printing_order
;SETTING_3  = True\\nprime_tower_flow = 120\\nprime_tower_line_width = 0.45\\npr
;SETTING_3 ime_tower_min_volume = 20\\nretract_at_layer_change = True\\nretracti
;SETTING_3 on_amount = 1\\nretraction_count_max = 25\\nretraction_extrusion_wind
;SETTING_3 ow = 1\\nretraction_hop = 2\\nretraction_hop_enabled = False\\nretrac
;SETTING_3 tion_hop_only_when_collides = True\\nretraction_speed = 40\\nskin_ove
;SETTING_3 rlap = 20\\nskirt_brim_line_width = 0.4\\nskirt_brim_minimal_length =
;SETTING_3  500\\nspeed_equalize_flow_enabled = False\\nspeed_layer_0 = =speed_p
;SETTING_3 rint * 30 / 60\\nspeed_prime_tower = 50\\nspeed_print = 80\\nspeed_pr
;SETTING_3 int_layer_0 = 20\\nspeed_topbottom = 60\\nspeed_travel = 150\\nspeed_
;SETTING_3 travel_layer_0 = 80\\nspeed_wall = 60\\nspeed_wall_x = 100\\nswitch_e
;SETTING_3 xtruder_extra_prime_amount = 5\\nswitch_extruder_retraction_amount = 
;SETTING_3 1\\nswitch_extruder_retraction_speeds = 40\\ntravel_avoid_distance = 
;SETTING_3 2\\ntravel_avoid_other_parts = False\\ntravel_avoid_supports = True\\
;SETTING_3 nwall_line_width_x = 0.4\\nzig_zaggify_infill = False\\n\\n"]}
